09:42:51 **** Incremental Build of configuration Debug for project ice40_nano ****
make all 
Invoking: GNU RISC-V Cross Print Size
riscv-none-embed-size --format=berkeley "ice40_nano.elf"
   text	   data	    bss	    dec	    hex	filename
   2844	     24	   3048	   5916	   171c	ice40_nano.elf
Finished building: ice40_nano.siz
 
09:56:28 **** Incremental Build of configuration Debug for project ice40_nano ****
make all 
Building target: ice40_nano.elf
Invoking: GNU RISC-V Cross C Linker
riscv-none-embed-gcc -march=rv32i -mabi=ilp32 -msmall-data-limit=8 -mno-save-restore -O0 -fmessage-length=0 -fsigned-char -ffunction-sections -fdata-sections  -g3 -T "O:/src/Propel/iCE40UP/ice40_nano/ws/ice40_nano/src/linker.ld" -nostartfiles -Xlinker --gc-sections -Wl,-Map,"ice40_nano.map" --specs=picolibc.specs -DPICOLIBC_INTEGER_PRINTF_SCANF -o "ice40_nano.elf"  ./src/bsp/driver/uart/uart.o  ./src/bsp/driver/riscv_nano/crt0.o ./src/bsp/driver/riscv_nano/exit.o ./src/bsp/driver/riscv_nano/interrupt.o ./src/bsp/driver/riscv_nano/iob.o ./src/bsp/driver/riscv_nano/pic.o ./src/bsp/driver/riscv_nano/reg_access.o ./src/bsp/driver/riscv_nano/util.o  ./src/bsp/driver/gpio/gpio.o  ./src/bsp/reg_test.o  ./src/main.o ./src/utils.o   
Finished building target: ice40_nano.elf
 
Invoking: GNU RISC-V Cross Create Listing
riscv-none-embed-objdump --source --all-headers --demangle --line-numbers --wide "ice40_nano.elf" > "ice40_nano.lst"
Finished building: ice40_nano.lst
 
Invoking: GNU RISC-V Cross Print Size
riscv-none-embed-size --format=berkeley "ice40_nano.elf"
   text	   data	    bss	    dec	    hex	filename
   2844	     24	   3048	   5916	   171c	ice40_nano.elf
Finished building: ice40_nano.siz
 
Invoking: Lattice Multi Memory Deployment (CODE SEGMENT)
riscv-none-embed-objcopy -O binary --gap-fill 0 -j .text -j .ctors -j .dtors "ice40_nano.elf" tmp; srec_cat tmp -Binary -byte-swap 4 -DISable Header -Output "ice40_nano_Code.mem" -MEM 32
Finished building: ice40_nano_Code.mem
 
Invoking: Lattice Multi Memory Deployment (DATA SEGMENT)
riscv-none-embed-objcopy -O binary --gap-fill 0 -j .rodata -j .data -j .bss "ice40_nano.elf" tmp; srec_cat tmp -Binary -byte-swap 4 -DISable Header -Output "ice40_nano_Data.mem" -MEM 32
Finished building: ice40_nano_Data.mem
 
dump
riscv-none-embed-objdump -Dxr "ice40_nano.elf" > "ice40_nano.dump"
 
07:14:16 **** Build of configuration Debug for project ice40_nano ****
make all 
Building file: ../src/main.c
Invoking: GNU RISC-V Cross C Compiler
riscv-none-embed-gcc -march=rv32i -mabi=ilp32 -msmall-data-limit=8 -mno-save-restore -O0 -fmessage-length=0 -fsigned-char -ffunction-sections -fdata-sections  -g3 -DLSCC_STDIO_UART_APB -I"O:\src\Propel\iCE40UP\ice40_nano\ws\ice40_nano/src" -I"O:\src\Propel\iCE40UP\ice40_nano\ws\ice40_nano/src/bsp" -I"O:\src\Propel\iCE40UP\ice40_nano\ws\ice40_nano/src/bsp/driver" -I"O:\src\Propel\iCE40UP\ice40_nano\ws\ice40_nano/src/bsp/driver/gpio" -I"O:\src\Propel\iCE40UP\ice40_nano\ws\ice40_nano/src/bsp/driver/riscv_nano" -I"O:\src\Propel\iCE40UP\ice40_nano\ws\ice40_nano/src/bsp/driver/uart" -std=gnu11 --specs=picolibc.specs -DPICOLIBC_INTEGER_PRINTF_SCANF -MMD -MP -MF"src/main.d" -MT"src/main.o" -c -o "src/main.o" "../src/main.c"
Finished building: ../src/main.c
 
Building target: ice40_nano.elf
Invoking: GNU RISC-V Cross C Linker
riscv-none-embed-gcc -march=rv32i -mabi=ilp32 -msmall-data-limit=8 -mno-save-restore -O0 -fmessage-length=0 -fsigned-char -ffunction-sections -fdata-sections  -g3 -T "O:/src/Propel/iCE40UP/ice40_nano/ws/ice40_nano/src/linker.ld" -nostartfiles -Xlinker --gc-sections -Wl,-Map,"ice40_nano.map" --specs=picolibc.specs -DPICOLIBC_INTEGER_PRINTF_SCANF -o "ice40_nano.elf"  ./src/bsp/driver/uart/uart.o  ./src/bsp/driver/riscv_nano/crt0.o ./src/bsp/driver/riscv_nano/exit.o ./src/bsp/driver/riscv_nano/interrupt.o ./src/bsp/driver/riscv_nano/iob.o ./src/bsp/driver/riscv_nano/pic.o ./src/bsp/driver/riscv_nano/reg_access.o ./src/bsp/driver/riscv_nano/util.o  ./src/bsp/driver/gpio/gpio.o  ./src/bsp/reg_test.o  ./src/main.o ./src/utils.o   
Finished building target: ice40_nano.elf
 
Invoking: GNU RISC-V Cross Create Listing
riscv-none-embed-objdump --source --all-headers --demangle --line-numbers --wide "ice40_nano.elf" > "ice40_nano.lst"
Finished building: ice40_nano.lst
 
Invoking: GNU RISC-V Cross Print Size
riscv-none-embed-size --format=berkeley "ice40_nano.elf"
   text	   data	    bss	    dec	    hex	filename
   2952	     24	   3048	   6024	   1788	ice40_nano.elf
Finished building: ice40_nano.siz
 
Invoking: Lattice Multi Memory Deployment (CODE SEGMENT)
riscv-none-embed-objcopy -O binary --gap-fill 0 -j .text -j .ctors -j .dtors "ice40_nano.elf" tmp; srec_cat tmp -Binary -byte-swap 4 -DISable Header -Output "ice40_nano_Code.mem" -MEM 32
Finished building: ice40_nano_Code.mem
 
Invoking: Lattice Multi Memory Deployment (DATA SEGMENT)
riscv-none-embed-objcopy -O binary --gap-fill 0 -j .rodata -j .data -j .bss "ice40_nano.elf" tmp; srec_cat tmp -Binary -byte-swap 4 -DISable Header -Output "ice40_nano_Data.mem" -MEM 32
Finished building: ice40_nano_Data.mem
 
dump
riscv-none-embed-objdump -Dxr "ice40_nano.elf" > "ice40_nano.dump"
 
08:22:48 **** Incremental Build of configuration Debug for project ice40_nano ****
make all 
Building file: ../src/bsp/driver/uart/uart.c
Invoking: GNU RISC-V Cross C Compiler
riscv-none-embed-gcc -march=rv32i -mabi=ilp32 -msmall-data-limit=8 -mno-save-restore -O0 -fmessage-length=0 -fsigned-char -ffunction-sections -fdata-sections  -g3 -DLSCC_STDIO_UART_APB -I"O:\src\Propel\iCE40UP\ice40_nano\ws\ice40_nano/src" -I"O:\src\Propel\iCE40UP\ice40_nano\ws\ice40_nano/src/bsp" -I"O:\src\Propel\iCE40UP\ice40_nano\ws\ice40_nano/src/bsp/driver" -I"O:\src\Propel\iCE40UP\ice40_nano\ws\ice40_nano/src/bsp/driver/gpio" -I"O:\src\Propel\iCE40UP\ice40_nano\ws\ice40_nano/src/bsp/driver/riscv_nano" -I"O:\src\Propel\iCE40UP\ice40_nano\ws\ice40_nano/src/bsp/driver/uart" -std=gnu11 --specs=picolibc.specs -DPICOLIBC_INTEGER_PRINTF_SCANF -MMD -MP -MF"src/bsp/driver/uart/uart.d" -MT"src/bsp/driver/uart/uart.o" -c -o "src/bsp/driver/uart/uart.o" "../src/bsp/driver/uart/uart.c"
../src/bsp/driver/uart/uart.c: In function 'uart_init':
../src/bsp/driver/uart/uart.c:193:2: error: #endif without #if
  193 | #endif
      |  ^~~~~
make[1]: *** [src/bsp/driver/uart/subdir.mk:20: src/bsp/driver/uart/uart.o] Error 1
make: *** [makefile:60: all] Error 2
"make all" terminated with exit code 2. Build might be incomplete.
08:23:06 **** Incremental Build of configuration Debug for project ice40_nano ****
make all 
Building file: ../src/bsp/driver/uart/uart.c
Invoking: GNU RISC-V Cross C Compiler
riscv-none-embed-gcc -march=rv32i -mabi=ilp32 -msmall-data-limit=8 -mno-save-restore -O0 -fmessage-length=0 -fsigned-char -ffunction-sections -fdata-sections  -g3 -DLSCC_STDIO_UART_APB -I"O:\src\Propel\iCE40UP\ice40_nano\ws\ice40_nano/src" -I"O:\src\Propel\iCE40UP\ice40_nano\ws\ice40_nano/src/bsp" -I"O:\src\Propel\iCE40UP\ice40_nano\ws\ice40_nano/src/bsp/driver" -I"O:\src\Propel\iCE40UP\ice40_nano\ws\ice40_nano/src/bsp/driver/gpio" -I"O:\src\Propel\iCE40UP\ice40_nano\ws\ice40_nano/src/bsp/driver/riscv_nano" -I"O:\src\Propel\iCE40UP\ice40_nano\ws\ice40_nano/src/bsp/driver/uart" -std=gnu11 --specs=picolibc.specs -DPICOLIBC_INTEGER_PRINTF_SCANF -MMD -MP -MF"src/bsp/driver/uart/uart.d" -MT"src/bsp/driver/uart/uart.o" -c -o "src/bsp/driver/uart/uart.o" "../src/bsp/driver/uart/uart.c"
Finished building: ../src/bsp/driver/uart/uart.c
 
Building file: ../src/main.c
Invoking: GNU RISC-V Cross C Compiler
riscv-none-embed-gcc -march=rv32i -mabi=ilp32 -msmall-data-limit=8 -mno-save-restore -O0 -fmessage-length=0 -fsigned-char -ffunction-sections -fdata-sections  -g3 -DLSCC_STDIO_UART_APB -I"O:\src\Propel\iCE40UP\ice40_nano\ws\ice40_nano/src" -I"O:\src\Propel\iCE40UP\ice40_nano\ws\ice40_nano/src/bsp" -I"O:\src\Propel\iCE40UP\ice40_nano\ws\ice40_nano/src/bsp/driver" -I"O:\src\Propel\iCE40UP\ice40_nano\ws\ice40_nano/src/bsp/driver/gpio" -I"O:\src\Propel\iCE40UP\ice40_nano\ws\ice40_nano/src/bsp/driver/riscv_nano" -I"O:\src\Propel\iCE40UP\ice40_nano\ws\ice40_nano/src/bsp/driver/uart" -std=gnu11 --specs=picolibc.specs -DPICOLIBC_INTEGER_PRINTF_SCANF -MMD -MP -MF"src/main.d" -MT"src/main.o" -c -o "src/main.o" "../src/main.c"
Finished building: ../src/main.c
 
Building target: ice40_nano.elf
Invoking: GNU RISC-V Cross C Linker
riscv-none-embed-gcc -march=rv32i -mabi=ilp32 -msmall-data-limit=8 -mno-save-restore -O0 -fmessage-length=0 -fsigned-char -ffunction-sections -fdata-sections  -g3 -T "O:/src/Propel/iCE40UP/ice40_nano/ws/ice40_nano/src/linker.ld" -nostartfiles -Xlinker --gc-sections -Wl,-Map,"ice40_nano.map" --specs=picolibc.specs -DPICOLIBC_INTEGER_PRINTF_SCANF -o "ice40_nano.elf"  ./src/bsp/driver/uart/uart.o  ./src/bsp/driver/riscv_nano/crt0.o ./src/bsp/driver/riscv_nano/exit.o ./src/bsp/driver/riscv_nano/interrupt.o ./src/bsp/driver/riscv_nano/iob.o ./src/bsp/driver/riscv_nano/pic.o ./src/bsp/driver/riscv_nano/reg_access.o ./src/bsp/driver/riscv_nano/util.o  ./src/bsp/driver/gpio/gpio.o  ./src/bsp/reg_test.o  ./src/main.o ./src/utils.o   
Finished building target: ice40_nano.elf
 
Invoking: GNU RISC-V Cross Create Listing
riscv-none-embed-objdump --source --all-headers --demangle --line-numbers --wide "ice40_nano.elf" > "ice40_nano.lst"
Finished building: ice40_nano.lst
 
Invoking: GNU RISC-V Cross Print Size
riscv-none-embed-size --format=berkeley "ice40_nano.elf"
   text	   data	    bss	    dec	    hex	filename
   3040	     24	   3128	   6192	   1830	ice40_nano.elf
Finished building: ice40_nano.siz
 
Invoking: Lattice Multi Memory Deployment (CODE SEGMENT)
riscv-none-embed-objcopy -O binary --gap-fill 0 -j .text -j .ctors -j .dtors "ice40_nano.elf" tmp; srec_cat tmp -Binary -byte-swap 4 -DISable Header -Output "ice40_nano_Code.mem" -MEM 32
Finished building: ice40_nano_Code.mem
 
Invoking: Lattice Multi Memory Deployment (DATA SEGMENT)
riscv-none-embed-objcopy -O binary --gap-fill 0 -j .rodata -j .data -j .bss "ice40_nano.elf" tmp; srec_cat tmp -Binary -byte-swap 4 -DISable Header -Output "ice40_nano_Data.mem" -MEM 32
Finished building: ice40_nano_Data.mem
 
dump
riscv-none-embed-objdump -Dxr "ice40_nano.elf" > "ice40_nano.dump"
 
12:44:51 **** Incremental Build of configuration Debug for project ice40_nano ****
make all 
Invoking: GNU RISC-V Cross Print Size
riscv-none-embed-size --format=berkeley "ice40_nano.elf"
   text	   data	    bss	    dec	    hex	filename
   3040	     24	   3128	   6192	   1830	ice40_nano.elf
Finished building: ice40_nano.siz
 
dump
riscv-none-embed-objdump -Dxr "ice40_nano.elf" > "ice40_nano.dump"
 
13:44:32 **** Incremental Build of configuration Debug for project ice40_nano ****
make all 
Building file: ../src/bsp/driver/uart/uart.c
Invoking: GNU RISC-V Cross C Compiler
riscv-none-embed-gcc -march=rv32i -mabi=ilp32 -msmall-data-limit=8 -mno-save-restore -O0 -fmessage-length=0 -fsigned-char -ffunction-sections -fdata-sections  -g3 -DLSCC_STDIO_UART_APB -I"O:\src\Propel\iCE40UP\ice40_nano\ws\ice40_nano/src" -I"O:\src\Propel\iCE40UP\ice40_nano\ws\ice40_nano/src/bsp" -I"O:\src\Propel\iCE40UP\ice40_nano\ws\ice40_nano/src/bsp/driver" -I"O:\src\Propel\iCE40UP\ice40_nano\ws\ice40_nano/src/bsp/driver/gpio" -I"O:\src\Propel\iCE40UP\ice40_nano\ws\ice40_nano/src/bsp/driver/riscv_nano" -I"O:\src\Propel\iCE40UP\ice40_nano\ws\ice40_nano/src/bsp/driver/uart" -std=gnu11 --specs=picolibc.specs -DPICOLIBC_INTEGER_PRINTF_SCANF -MMD -MP -MF"src/bsp/driver/uart/uart.d" -MT"src/bsp/driver/uart/uart.o" -c -o "src/bsp/driver/uart/uart.o" "../src/bsp/driver/uart/uart.c"
Finished building: ../src/bsp/driver/uart/uart.c
 
Building file: ../src/main.c
Invoking: GNU RISC-V Cross C Compiler
riscv-none-embed-gcc -march=rv32i -mabi=ilp32 -msmall-data-limit=8 -mno-save-restore -O0 -fmessage-length=0 -fsigned-char -ffunction-sections -fdata-sections  -g3 -DLSCC_STDIO_UART_APB -I"O:\src\Propel\iCE40UP\ice40_nano\ws\ice40_nano/src" -I"O:\src\Propel\iCE40UP\ice40_nano\ws\ice40_nano/src/bsp" -I"O:\src\Propel\iCE40UP\ice40_nano\ws\ice40_nano/src/bsp/driver" -I"O:\src\Propel\iCE40UP\ice40_nano\ws\ice40_nano/src/bsp/driver/gpio" -I"O:\src\Propel\iCE40UP\ice40_nano\ws\ice40_nano/src/bsp/driver/riscv_nano" -I"O:\src\Propel\iCE40UP\ice40_nano\ws\ice40_nano/src/bsp/driver/uart" -std=gnu11 --specs=picolibc.specs -DPICOLIBC_INTEGER_PRINTF_SCANF -MMD -MP -MF"src/main.d" -MT"src/main.o" -c -o "src/main.o" "../src/main.c"
../src/main.c: In function 'main':
../src/main.c:130:2: warning: implicit declaration of function 'uart_puts'; did you mean 'uart_putc'? [-Wimplicit-function-declaration]
  130 |  uart_puts(&uart_core_uart, "Started!\nHello RISC-V world!\n");
      |  ^~~~~~~~~
      |  uart_putc
Finished building: ../src/main.c
 
Building target: ice40_nano.elf
Invoking: GNU RISC-V Cross C Linker
riscv-none-embed-gcc -march=rv32i -mabi=ilp32 -msmall-data-limit=8 -mno-save-restore -O0 -fmessage-length=0 -fsigned-char -ffunction-sections -fdata-sections  -g3 -T "O:/src/Propel/iCE40UP/ice40_nano/ws/ice40_nano/src/linker.ld" -nostartfiles -Xlinker --gc-sections -Wl,-Map,"ice40_nano.map" --specs=picolibc.specs -DPICOLIBC_INTEGER_PRINTF_SCANF -o "ice40_nano.elf"  ./src/bsp/driver/uart/uart.o  ./src/bsp/driver/riscv_nano/crt0.o ./src/bsp/driver/riscv_nano/exit.o ./src/bsp/driver/riscv_nano/interrupt.o ./src/bsp/driver/riscv_nano/iob.o ./src/bsp/driver/riscv_nano/pic.o ./src/bsp/driver/riscv_nano/reg_access.o ./src/bsp/driver/riscv_nano/util.o  ./src/bsp/driver/gpio/gpio.o  ./src/bsp/reg_test.o  ./src/main.o ./src/utils.o   
Finished building target: ice40_nano.elf
 
Invoking: GNU RISC-V Cross Create Listing
riscv-none-embed-objdump --source --all-headers --demangle --line-numbers --wide "ice40_nano.elf" > "ice40_nano.lst"
Finished building: ice40_nano.lst
 
Invoking: GNU RISC-V Cross Print Size
riscv-none-embed-size --format=berkeley "ice40_nano.elf"
   text	   data	    bss	    dec	    hex	filename
   3280	     24	   3128	   6432	   1920	ice40_nano.elf
Finished building: ice40_nano.siz
 
Invoking: Lattice Multi Memory Deployment (CODE SEGMENT)
riscv-none-embed-objcopy -O binary --gap-fill 0 -j .text -j .ctors -j .dtors "ice40_nano.elf" tmp; srec_cat tmp -Binary -byte-swap 4 -DISable Header -Output "ice40_nano_Code.mem" -MEM 32
Finished building: ice40_nano_Code.mem
 
Invoking: Lattice Multi Memory Deployment (DATA SEGMENT)
riscv-none-embed-objcopy -O binary --gap-fill 0 -j .rodata -j .data -j .bss "ice40_nano.elf" tmp; srec_cat tmp -Binary -byte-swap 4 -DISable Header -Output "ice40_nano_Data.mem" -MEM 32
Finished building: ice40_nano_Data.mem
 
dump
riscv-none-embed-objdump -Dxr "ice40_nano.elf" > "ice40_nano.dump"
 
14:42:41 **** Incremental Build of configuration Debug for project ice40_nano ****
make all 
Invoking: GNU RISC-V Cross Print Size
riscv-none-embed-size --format=berkeley "ice40_nano.elf"
   text	   data	    bss	    dec	    hex	filename
   3280	     24	   3128	   6432	   1920	ice40_nano.elf
Finished building: ice40_nano.siz
 
dump
riscv-none-embed-objdump -Dxr "ice40_nano.elf" > "ice40_nano.dump"
 
15:09:27 **** Incremental Build of configuration Debug for project ice40_nano ****
make all 
Invoking: GNU RISC-V Cross Print Size
riscv-none-embed-size --format=berkeley "ice40_nano.elf"
   text	   data	    bss	    dec	    hex	filename
   3280	     24	   3128	   6432	   1920	ice40_nano.elf
Finished building: ice40_nano.siz
 
dump
riscv-none-embed-objdump -Dxr "ice40_nano.elf" > "ice40_nano.dump"
 
15:57:23 **** Clean-only build of configuration Debug for project ice40_nano ****
make clean 
rm -rf  ice40_nano_Data.mem  ice40_nano_Code.mem  ./src/bsp/driver/uart/uart.o  ./src/bsp/driver/riscv_nano/crt0.o ./src/bsp/driver/riscv_nano/exit.o ./src/bsp/driver/riscv_nano/interrupt.o ./src/bsp/driver/riscv_nano/iob.o ./src/bsp/driver/riscv_nano/pic.o ./src/bsp/driver/riscv_nano/reg_access.o ./src/bsp/driver/riscv_nano/util.o  ./src/bsp/driver/gpio/gpio.o  ./src/bsp/reg_test.o  ./src/main.o ./src/utils.o  ice40_nano.lst  ice40_nano.siz  ./src/bsp/driver/riscv_nano/crt0.d  ./src/bsp/driver/uart/uart.d  ./src/bsp/driver/riscv_nano/exit.d ./src/bsp/driver/riscv_nano/interrupt.d ./src/bsp/driver/riscv_nano/iob.d ./src/bsp/driver/riscv_nano/pic.d ./src/bsp/driver/riscv_nano/reg_access.d ./src/bsp/driver/riscv_nano/util.d  ./src/bsp/driver/gpio/gpio.d  ./src/bsp/reg_test.d  ./src/main.d ./src/utils.d  ice40_nano.elf
 
15:57:23 **** Build of configuration Debug for project ice40_nano ****
make all 
Building file: ../src/bsp/driver/uart/uart.c
Invoking: GNU RISC-V Cross C Compiler
riscv-none-embed-gcc -march=rv32i -mabi=ilp32 -msmall-data-limit=8 -mno-save-restore -O0 -fmessage-length=0 -fsigned-char -ffunction-sections -fdata-sections  -g3 -DLSCC_STDIO_UART_APB -I"O:\src\Propel\iCE40UP\ice40_nano\ws\ice40_nano/src" -I"O:\src\Propel\iCE40UP\ice40_nano\ws\ice40_nano/src/bsp" -I"O:\src\Propel\iCE40UP\ice40_nano\ws\ice40_nano/src/bsp/driver" -I"O:\src\Propel\iCE40UP\ice40_nano\ws\ice40_nano/src/bsp/driver/gpio" -I"O:\src\Propel\iCE40UP\ice40_nano\ws\ice40_nano/src/bsp/driver/riscv_nano" -I"O:\src\Propel\iCE40UP\ice40_nano\ws\ice40_nano/src/bsp/driver/uart" -std=gnu11 --specs=picolibc.specs -DPICOLIBC_INTEGER_PRINTF_SCANF -MMD -MP -MF"src/bsp/driver/uart/uart.d" -MT"src/bsp/driver/uart/uart.o" -c -o "src/bsp/driver/uart/uart.o" "../src/bsp/driver/uart/uart.c"
Finished building: ../src/bsp/driver/uart/uart.c
 
Building file: ../src/bsp/driver/riscv_nano/crt0.S
Invoking: GNU RISC-V Cross Assembler
riscv-none-embed-gcc -march=rv32i -mabi=ilp32 -msmall-data-limit=8 -mno-save-restore -O0 -fmessage-length=0 -fsigned-char -ffunction-sections -fdata-sections  -g3 -x assembler-with-cpp -MMD -MP -MF"src/bsp/driver/riscv_nano/crt0.d" -MT"src/bsp/driver/riscv_nano/crt0.o" -c -o "src/bsp/driver/riscv_nano/crt0.o" "../src/bsp/driver/riscv_nano/crt0.S"
Finished building: ../src/bsp/driver/riscv_nano/crt0.S
 
Building file: ../src/bsp/driver/riscv_nano/exit.c
Invoking: GNU RISC-V Cross C Compiler
riscv-none-embed-gcc -march=rv32i -mabi=ilp32 -msmall-data-limit=8 -mno-save-restore -O0 -fmessage-length=0 -fsigned-char -ffunction-sections -fdata-sections  -g3 -DLSCC_STDIO_UART_APB -I"O:\src\Propel\iCE40UP\ice40_nano\ws\ice40_nano/src" -I"O:\src\Propel\iCE40UP\ice40_nano\ws\ice40_nano/src/bsp" -I"O:\src\Propel\iCE40UP\ice40_nano\ws\ice40_nano/src/bsp/driver" -I"O:\src\Propel\iCE40UP\ice40_nano\ws\ice40_nano/src/bsp/driver/gpio" -I"O:\src\Propel\iCE40UP\ice40_nano\ws\ice40_nano/src/bsp/driver/riscv_nano" -I"O:\src\Propel\iCE40UP\ice40_nano\ws\ice40_nano/src/bsp/driver/uart" -std=gnu11 --specs=picolibc.specs -DPICOLIBC_INTEGER_PRINTF_SCANF -MMD -MP -MF"src/bsp/driver/riscv_nano/exit.d" -MT"src/bsp/driver/riscv_nano/exit.o" -c -o "src/bsp/driver/riscv_nano/exit.o" "../src/bsp/driver/riscv_nano/exit.c"
Finished building: ../src/bsp/driver/riscv_nano/exit.c
 
Building file: ../src/bsp/driver/riscv_nano/interrupt.c
Invoking: GNU RISC-V Cross C Compiler
riscv-none-embed-gcc -march=rv32i -mabi=ilp32 -msmall-data-limit=8 -mno-save-restore -O0 -fmessage-length=0 -fsigned-char -ffunction-sections -fdata-sections  -g3 -DLSCC_STDIO_UART_APB -I"O:\src\Propel\iCE40UP\ice40_nano\ws\ice40_nano/src" -I"O:\src\Propel\iCE40UP\ice40_nano\ws\ice40_nano/src/bsp" -I"O:\src\Propel\iCE40UP\ice40_nano\ws\ice40_nano/src/bsp/driver" -I"O:\src\Propel\iCE40UP\ice40_nano\ws\ice40_nano/src/bsp/driver/gpio" -I"O:\src\Propel\iCE40UP\ice40_nano\ws\ice40_nano/src/bsp/driver/riscv_nano" -I"O:\src\Propel\iCE40UP\ice40_nano\ws\ice40_nano/src/bsp/driver/uart" -std=gnu11 --specs=picolibc.specs -DPICOLIBC_INTEGER_PRINTF_SCANF -MMD -MP -MF"src/bsp/driver/riscv_nano/interrupt.d" -MT"src/bsp/driver/riscv_nano/interrupt.o" -c -o "src/bsp/driver/riscv_nano/interrupt.o" "../src/bsp/driver/riscv_nano/interrupt.c"
Finished building: ../src/bsp/driver/riscv_nano/interrupt.c
 
Building file: ../src/bsp/driver/riscv_nano/iob.c
Invoking: GNU RISC-V Cross C Compiler
riscv-none-embed-gcc -march=rv32i -mabi=ilp32 -msmall-data-limit=8 -mno-save-restore -O0 -fmessage-length=0 -fsigned-char -ffunction-sections -fdata-sections  -g3 -DLSCC_STDIO_UART_APB -I"O:\src\Propel\iCE40UP\ice40_nano\ws\ice40_nano/src" -I"O:\src\Propel\iCE40UP\ice40_nano\ws\ice40_nano/src/bsp" -I"O:\src\Propel\iCE40UP\ice40_nano\ws\ice40_nano/src/bsp/driver" -I"O:\src\Propel\iCE40UP\ice40_nano\ws\ice40_nano/src/bsp/driver/gpio" -I"O:\src\Propel\iCE40UP\ice40_nano\ws\ice40_nano/src/bsp/driver/riscv_nano" -I"O:\src\Propel\iCE40UP\ice40_nano\ws\ice40_nano/src/bsp/driver/uart" -std=gnu11 --specs=picolibc.specs -DPICOLIBC_INTEGER_PRINTF_SCANF -MMD -MP -MF"src/bsp/driver/riscv_nano/iob.d" -MT"src/bsp/driver/riscv_nano/iob.o" -c -o "src/bsp/driver/riscv_nano/iob.o" "../src/bsp/driver/riscv_nano/iob.c"
Finished building: ../src/bsp/driver/riscv_nano/iob.c
 
Building file: ../src/bsp/driver/riscv_nano/pic.c
Invoking: GNU RISC-V Cross C Compiler
riscv-none-embed-gcc -march=rv32i -mabi=ilp32 -msmall-data-limit=8 -mno-save-restore -O0 -fmessage-length=0 -fsigned-char -ffunction-sections -fdata-sections  -g3 -DLSCC_STDIO_UART_APB -I"O:\src\Propel\iCE40UP\ice40_nano\ws\ice40_nano/src" -I"O:\src\Propel\iCE40UP\ice40_nano\ws\ice40_nano/src/bsp" -I"O:\src\Propel\iCE40UP\ice40_nano\ws\ice40_nano/src/bsp/driver" -I"O:\src\Propel\iCE40UP\ice40_nano\ws\ice40_nano/src/bsp/driver/gpio" -I"O:\src\Propel\iCE40UP\ice40_nano\ws\ice40_nano/src/bsp/driver/riscv_nano" -I"O:\src\Propel\iCE40UP\ice40_nano\ws\ice40_nano/src/bsp/driver/uart" -std=gnu11 --specs=picolibc.specs -DPICOLIBC_INTEGER_PRINTF_SCANF -MMD -MP -MF"src/bsp/driver/riscv_nano/pic.d" -MT"src/bsp/driver/riscv_nano/pic.o" -c -o "src/bsp/driver/riscv_nano/pic.o" "../src/bsp/driver/riscv_nano/pic.c"
Finished building: ../src/bsp/driver/riscv_nano/pic.c
 
Building file: ../src/bsp/driver/riscv_nano/reg_access.c
Invoking: GNU RISC-V Cross C Compiler
riscv-none-embed-gcc -march=rv32i -mabi=ilp32 -msmall-data-limit=8 -mno-save-restore -O0 -fmessage-length=0 -fsigned-char -ffunction-sections -fdata-sections  -g3 -DLSCC_STDIO_UART_APB -I"O:\src\Propel\iCE40UP\ice40_nano\ws\ice40_nano/src" -I"O:\src\Propel\iCE40UP\ice40_nano\ws\ice40_nano/src/bsp" -I"O:\src\Propel\iCE40UP\ice40_nano\ws\ice40_nano/src/bsp/driver" -I"O:\src\Propel\iCE40UP\ice40_nano\ws\ice40_nano/src/bsp/driver/gpio" -I"O:\src\Propel\iCE40UP\ice40_nano\ws\ice40_nano/src/bsp/driver/riscv_nano" -I"O:\src\Propel\iCE40UP\ice40_nano\ws\ice40_nano/src/bsp/driver/uart" -std=gnu11 --specs=picolibc.specs -DPICOLIBC_INTEGER_PRINTF_SCANF -MMD -MP -MF"src/bsp/driver/riscv_nano/reg_access.d" -MT"src/bsp/driver/riscv_nano/reg_access.o" -c -o "src/bsp/driver/riscv_nano/reg_access.o" "../src/bsp/driver/riscv_nano/reg_access.c"
Finished building: ../src/bsp/driver/riscv_nano/reg_access.c
 
Building file: ../src/bsp/driver/riscv_nano/util.c
Invoking: GNU RISC-V Cross C Compiler
riscv-none-embed-gcc -march=rv32i -mabi=ilp32 -msmall-data-limit=8 -mno-save-restore -O0 -fmessage-length=0 -fsigned-char -ffunction-sections -fdata-sections  -g3 -DLSCC_STDIO_UART_APB -I"O:\src\Propel\iCE40UP\ice40_nano\ws\ice40_nano/src" -I"O:\src\Propel\iCE40UP\ice40_nano\ws\ice40_nano/src/bsp" -I"O:\src\Propel\iCE40UP\ice40_nano\ws\ice40_nano/src/bsp/driver" -I"O:\src\Propel\iCE40UP\ice40_nano\ws\ice40_nano/src/bsp/driver/gpio" -I"O:\src\Propel\iCE40UP\ice40_nano\ws\ice40_nano/src/bsp/driver/riscv_nano" -I"O:\src\Propel\iCE40UP\ice40_nano\ws\ice40_nano/src/bsp/driver/uart" -std=gnu11 --specs=picolibc.specs -DPICOLIBC_INTEGER_PRINTF_SCANF -MMD -MP -MF"src/bsp/driver/riscv_nano/util.d" -MT"src/bsp/driver/riscv_nano/util.o" -c -o "src/bsp/driver/riscv_nano/util.o" "../src/bsp/driver/riscv_nano/util.c"
Finished building: ../src/bsp/driver/riscv_nano/util.c
 
Building file: ../src/bsp/driver/gpio/gpio.c
Invoking: GNU RISC-V Cross C Compiler
riscv-none-embed-gcc -march=rv32i -mabi=ilp32 -msmall-data-limit=8 -mno-save-restore -O0 -fmessage-length=0 -fsigned-char -ffunction-sections -fdata-sections  -g3 -DLSCC_STDIO_UART_APB -I"O:\src\Propel\iCE40UP\ice40_nano\ws\ice40_nano/src" -I"O:\src\Propel\iCE40UP\ice40_nano\ws\ice40_nano/src/bsp" -I"O:\src\Propel\iCE40UP\ice40_nano\ws\ice40_nano/src/bsp/driver" -I"O:\src\Propel\iCE40UP\ice40_nano\ws\ice40_nano/src/bsp/driver/gpio" -I"O:\src\Propel\iCE40UP\ice40_nano\ws\ice40_nano/src/bsp/driver/riscv_nano" -I"O:\src\Propel\iCE40UP\ice40_nano\ws\ice40_nano/src/bsp/driver/uart" -std=gnu11 --specs=picolibc.specs -DPICOLIBC_INTEGER_PRINTF_SCANF -MMD -MP -MF"src/bsp/driver/gpio/gpio.d" -MT"src/bsp/driver/gpio/gpio.o" -c -o "src/bsp/driver/gpio/gpio.o" "../src/bsp/driver/gpio/gpio.c"
Finished building: ../src/bsp/driver/gpio/gpio.c
 
Building file: ../src/bsp/reg_test.c
Invoking: GNU RISC-V Cross C Compiler
riscv-none-embed-gcc -march=rv32i -mabi=ilp32 -msmall-data-limit=8 -mno-save-restore -O0 -fmessage-length=0 -fsigned-char -ffunction-sections -fdata-sections  -g3 -DLSCC_STDIO_UART_APB -I"O:\src\Propel\iCE40UP\ice40_nano\ws\ice40_nano/src" -I"O:\src\Propel\iCE40UP\ice40_nano\ws\ice40_nano/src/bsp" -I"O:\src\Propel\iCE40UP\ice40_nano\ws\ice40_nano/src/bsp/driver" -I"O:\src\Propel\iCE40UP\ice40_nano\ws\ice40_nano/src/bsp/driver/gpio" -I"O:\src\Propel\iCE40UP\ice40_nano\ws\ice40_nano/src/bsp/driver/riscv_nano" -I"O:\src\Propel\iCE40UP\ice40_nano\ws\ice40_nano/src/bsp/driver/uart" -std=gnu11 --specs=picolibc.specs -DPICOLIBC_INTEGER_PRINTF_SCANF -MMD -MP -MF"src/bsp/reg_test.d" -MT"src/bsp/reg_test.o" -c -o "src/bsp/reg_test.o" "../src/bsp/reg_test.c"
Finished building: ../src/bsp/reg_test.c
 
Building file: ../src/main.c
Invoking: GNU RISC-V Cross C Compiler
riscv-none-embed-gcc -march=rv32i -mabi=ilp32 -msmall-data-limit=8 -mno-save-restore -O0 -fmessage-length=0 -fsigned-char -ffunction-sections -fdata-sections  -g3 -DLSCC_STDIO_UART_APB -I"O:\src\Propel\iCE40UP\ice40_nano\ws\ice40_nano/src" -I"O:\src\Propel\iCE40UP\ice40_nano\ws\ice40_nano/src/bsp" -I"O:\src\Propel\iCE40UP\ice40_nano\ws\ice40_nano/src/bsp/driver" -I"O:\src\Propel\iCE40UP\ice40_nano\ws\ice40_nano/src/bsp/driver/gpio" -I"O:\src\Propel\iCE40UP\ice40_nano\ws\ice40_nano/src/bsp/driver/riscv_nano" -I"O:\src\Propel\iCE40UP\ice40_nano\ws\ice40_nano/src/bsp/driver/uart" -std=gnu11 --specs=picolibc.specs -DPICOLIBC_INTEGER_PRINTF_SCANF -MMD -MP -MF"src/main.d" -MT"src/main.o" -c -o "src/main.o" "../src/main.c"
../src/main.c: In function 'main':
../src/main.c:130:2: warning: implicit declaration of function 'uart_puts'; did you mean 'uart_putc'? [-Wimplicit-function-declaration]
  130 |  uart_puts(&uart_core_uart, "Started!\nHello RISC-V world!\n");
      |  ^~~~~~~~~
      |  uart_putc
Finished building: ../src/main.c
 
Building file: ../src/utils.c
Invoking: GNU RISC-V Cross C Compiler
riscv-none-embed-gcc -march=rv32i -mabi=ilp32 -msmall-data-limit=8 -mno-save-restore -O0 -fmessage-length=0 -fsigned-char -ffunction-sections -fdata-sections  -g3 -DLSCC_STDIO_UART_APB -I"O:\src\Propel\iCE40UP\ice40_nano\ws\ice40_nano/src" -I"O:\src\Propel\iCE40UP\ice40_nano\ws\ice40_nano/src/bsp" -I"O:\src\Propel\iCE40UP\ice40_nano\ws\ice40_nano/src/bsp/driver" -I"O:\src\Propel\iCE40UP\ice40_nano\ws\ice40_nano/src/bsp/driver/gpio" -I"O:\src\Propel\iCE40UP\ice40_nano\ws\ice40_nano/src/bsp/driver/riscv_nano" -I"O:\src\Propel\iCE40UP\ice40_nano\ws\ice40_nano/src/bsp/driver/uart" -std=gnu11 --specs=picolibc.specs -DPICOLIBC_INTEGER_PRINTF_SCANF -MMD -MP -MF"src/utils.d" -MT"src/utils.o" -c -o "src/utils.o" "../src/utils.c"
Finished building: ../src/utils.c
 
Building target: ice40_nano.elf
Invoking: GNU RISC-V Cross C Linker
riscv-none-embed-gcc -march=rv32i -mabi=ilp32 -msmall-data-limit=8 -mno-save-restore -O0 -fmessage-length=0 -fsigned-char -ffunction-sections -fdata-sections  -g3 -T "O:/src/Propel/iCE40UP/ice40_nano/ws/ice40_nano/src/linker.ld" -nostartfiles -Xlinker --gc-sections -Wl,-Map,"ice40_nano.map" --specs=picolibc.specs -DPICOLIBC_INTEGER_PRINTF_SCANF -o "ice40_nano.elf"  ./src/bsp/driver/uart/uart.o  ./src/bsp/driver/riscv_nano/crt0.o ./src/bsp/driver/riscv_nano/exit.o ./src/bsp/driver/riscv_nano/interrupt.o ./src/bsp/driver/riscv_nano/iob.o ./src/bsp/driver/riscv_nano/pic.o ./src/bsp/driver/riscv_nano/reg_access.o ./src/bsp/driver/riscv_nano/util.o  ./src/bsp/driver/gpio/gpio.o  ./src/bsp/reg_test.o  ./src/main.o ./src/utils.o   
Finished building target: ice40_nano.elf
 
Invoking: GNU RISC-V Cross Create Listing
riscv-none-embed-objdump --source --all-headers --demangle --line-numbers --wide "ice40_nano.elf" > "ice40_nano.lst"
Finished building: ice40_nano.lst
 
Invoking: GNU RISC-V Cross Print Size
riscv-none-embed-size --format=berkeley "ice40_nano.elf"
   text	   data	    bss	    dec	    hex	filename
   3280	     24	   3128	   6432	   1920	ice40_nano.elf
Finished building: ice40_nano.siz
 
Invoking: Lattice Multi Memory Deployment (CODE SEGMENT)
riscv-none-embed-objcopy -O binary --gap-fill 0 -j .text -j .ctors -j .dtors "ice40_nano.elf" tmp; srec_cat tmp -Binary -byte-swap 4 -DISable Header -Output "ice40_nano_Code.mem" -MEM 32
Finished building: ice40_nano_Code.mem
 
Invoking: Lattice Multi Memory Deployment (DATA SEGMENT)
riscv-none-embed-objcopy -O binary --gap-fill 0 -j .rodata -j .data -j .bss "ice40_nano.elf" tmp; srec_cat tmp -Binary -byte-swap 4 -DISable Header -Output "ice40_nano_Data.mem" -MEM 32
Finished building: ice40_nano_Data.mem
 
dump
riscv-none-embed-objdump -Dxr "ice40_nano.elf" > "ice40_nano.dump"
 
15:57:46 **** Clean-only build of configuration Debug for project ice40_nano ****
make clean 
rm -rf  ice40_nano_Data.mem  ice40_nano_Code.mem  ./src/bsp/driver/uart/uart.o  ./src/bsp/driver/riscv_nano/crt0.o ./src/bsp/driver/riscv_nano/exit.o ./src/bsp/driver/riscv_nano/interrupt.o ./src/bsp/driver/riscv_nano/iob.o ./src/bsp/driver/riscv_nano/pic.o ./src/bsp/driver/riscv_nano/reg_access.o ./src/bsp/driver/riscv_nano/util.o  ./src/bsp/driver/gpio/gpio.o  ./src/bsp/reg_test.o  ./src/main.o ./src/utils.o  ice40_nano.lst  ice40_nano.siz  ./src/bsp/driver/riscv_nano/crt0.d  ./src/bsp/driver/uart/uart.d  ./src/bsp/driver/riscv_nano/exit.d ./src/bsp/driver/riscv_nano/interrupt.d ./src/bsp/driver/riscv_nano/iob.d ./src/bsp/driver/riscv_nano/pic.d ./src/bsp/driver/riscv_nano/reg_access.d ./src/bsp/driver/riscv_nano/util.d  ./src/bsp/driver/gpio/gpio.d  ./src/bsp/reg_test.d  ./src/main.d ./src/utils.d  ice40_nano.elf
 
15:57:53 **** Build of configuration Debug for project ice40_nano ****
make all 
Building file: ../src/bsp/driver/uart/uart.c
Invoking: GNU RISC-V Cross C Compiler
riscv-none-embed-gcc -march=rv32i -mabi=ilp32 -msmall-data-limit=8 -mno-save-restore -O0 -fmessage-length=0 -fsigned-char -ffunction-sections -fdata-sections  -g3 -DLSCC_STDIO_UART_APB -I"O:\src\Propel\iCE40UP\ice40_nano\ws\ice40_nano/src" -I"O:\src\Propel\iCE40UP\ice40_nano\ws\ice40_nano/src/bsp" -I"O:\src\Propel\iCE40UP\ice40_nano\ws\ice40_nano/src/bsp/driver" -I"O:\src\Propel\iCE40UP\ice40_nano\ws\ice40_nano/src/bsp/driver/gpio" -I"O:\src\Propel\iCE40UP\ice40_nano\ws\ice40_nano/src/bsp/driver/riscv_nano" -I"O:\src\Propel\iCE40UP\ice40_nano\ws\ice40_nano/src/bsp/driver/uart" -std=gnu11 --specs=picolibc.specs -DPICOLIBC_INTEGER_PRINTF_SCANF -MMD -MP -MF"src/bsp/driver/uart/uart.d" -MT"src/bsp/driver/uart/uart.o" -c -o "src/bsp/driver/uart/uart.o" "../src/bsp/driver/uart/uart.c"
Finished building: ../src/bsp/driver/uart/uart.c
 
Building file: ../src/bsp/driver/riscv_nano/crt0.S
Invoking: GNU RISC-V Cross Assembler
riscv-none-embed-gcc -march=rv32i -mabi=ilp32 -msmall-data-limit=8 -mno-save-restore -O0 -fmessage-length=0 -fsigned-char -ffunction-sections -fdata-sections  -g3 -x assembler-with-cpp -MMD -MP -MF"src/bsp/driver/riscv_nano/crt0.d" -MT"src/bsp/driver/riscv_nano/crt0.o" -c -o "src/bsp/driver/riscv_nano/crt0.o" "../src/bsp/driver/riscv_nano/crt0.S"
Finished building: ../src/bsp/driver/riscv_nano/crt0.S
 
Building file: ../src/bsp/driver/riscv_nano/exit.c
Invoking: GNU RISC-V Cross C Compiler
riscv-none-embed-gcc -march=rv32i -mabi=ilp32 -msmall-data-limit=8 -mno-save-restore -O0 -fmessage-length=0 -fsigned-char -ffunction-sections -fdata-sections  -g3 -DLSCC_STDIO_UART_APB -I"O:\src\Propel\iCE40UP\ice40_nano\ws\ice40_nano/src" -I"O:\src\Propel\iCE40UP\ice40_nano\ws\ice40_nano/src/bsp" -I"O:\src\Propel\iCE40UP\ice40_nano\ws\ice40_nano/src/bsp/driver" -I"O:\src\Propel\iCE40UP\ice40_nano\ws\ice40_nano/src/bsp/driver/gpio" -I"O:\src\Propel\iCE40UP\ice40_nano\ws\ice40_nano/src/bsp/driver/riscv_nano" -I"O:\src\Propel\iCE40UP\ice40_nano\ws\ice40_nano/src/bsp/driver/uart" -std=gnu11 --specs=picolibc.specs -DPICOLIBC_INTEGER_PRINTF_SCANF -MMD -MP -MF"src/bsp/driver/riscv_nano/exit.d" -MT"src/bsp/driver/riscv_nano/exit.o" -c -o "src/bsp/driver/riscv_nano/exit.o" "../src/bsp/driver/riscv_nano/exit.c"
Finished building: ../src/bsp/driver/riscv_nano/exit.c
 
Building file: ../src/bsp/driver/riscv_nano/interrupt.c
Invoking: GNU RISC-V Cross C Compiler
riscv-none-embed-gcc -march=rv32i -mabi=ilp32 -msmall-data-limit=8 -mno-save-restore -O0 -fmessage-length=0 -fsigned-char -ffunction-sections -fdata-sections  -g3 -DLSCC_STDIO_UART_APB -I"O:\src\Propel\iCE40UP\ice40_nano\ws\ice40_nano/src" -I"O:\src\Propel\iCE40UP\ice40_nano\ws\ice40_nano/src/bsp" -I"O:\src\Propel\iCE40UP\ice40_nano\ws\ice40_nano/src/bsp/driver" -I"O:\src\Propel\iCE40UP\ice40_nano\ws\ice40_nano/src/bsp/driver/gpio" -I"O:\src\Propel\iCE40UP\ice40_nano\ws\ice40_nano/src/bsp/driver/riscv_nano" -I"O:\src\Propel\iCE40UP\ice40_nano\ws\ice40_nano/src/bsp/driver/uart" -std=gnu11 --specs=picolibc.specs -DPICOLIBC_INTEGER_PRINTF_SCANF -MMD -MP -MF"src/bsp/driver/riscv_nano/interrupt.d" -MT"src/bsp/driver/riscv_nano/interrupt.o" -c -o "src/bsp/driver/riscv_nano/interrupt.o" "../src/bsp/driver/riscv_nano/interrupt.c"
Finished building: ../src/bsp/driver/riscv_nano/interrupt.c
 
Building file: ../src/bsp/driver/riscv_nano/iob.c
Invoking: GNU RISC-V Cross C Compiler
riscv-none-embed-gcc -march=rv32i -mabi=ilp32 -msmall-data-limit=8 -mno-save-restore -O0 -fmessage-length=0 -fsigned-char -ffunction-sections -fdata-sections  -g3 -DLSCC_STDIO_UART_APB -I"O:\src\Propel\iCE40UP\ice40_nano\ws\ice40_nano/src" -I"O:\src\Propel\iCE40UP\ice40_nano\ws\ice40_nano/src/bsp" -I"O:\src\Propel\iCE40UP\ice40_nano\ws\ice40_nano/src/bsp/driver" -I"O:\src\Propel\iCE40UP\ice40_nano\ws\ice40_nano/src/bsp/driver/gpio" -I"O:\src\Propel\iCE40UP\ice40_nano\ws\ice40_nano/src/bsp/driver/riscv_nano" -I"O:\src\Propel\iCE40UP\ice40_nano\ws\ice40_nano/src/bsp/driver/uart" -std=gnu11 --specs=picolibc.specs -DPICOLIBC_INTEGER_PRINTF_SCANF -MMD -MP -MF"src/bsp/driver/riscv_nano/iob.d" -MT"src/bsp/driver/riscv_nano/iob.o" -c -o "src/bsp/driver/riscv_nano/iob.o" "../src/bsp/driver/riscv_nano/iob.c"
Finished building: ../src/bsp/driver/riscv_nano/iob.c
 
Building file: ../src/bsp/driver/riscv_nano/pic.c
Invoking: GNU RISC-V Cross C Compiler
riscv-none-embed-gcc -march=rv32i -mabi=ilp32 -msmall-data-limit=8 -mno-save-restore -O0 -fmessage-length=0 -fsigned-char -ffunction-sections -fdata-sections  -g3 -DLSCC_STDIO_UART_APB -I"O:\src\Propel\iCE40UP\ice40_nano\ws\ice40_nano/src" -I"O:\src\Propel\iCE40UP\ice40_nano\ws\ice40_nano/src/bsp" -I"O:\src\Propel\iCE40UP\ice40_nano\ws\ice40_nano/src/bsp/driver" -I"O:\src\Propel\iCE40UP\ice40_nano\ws\ice40_nano/src/bsp/driver/gpio" -I"O:\src\Propel\iCE40UP\ice40_nano\ws\ice40_nano/src/bsp/driver/riscv_nano" -I"O:\src\Propel\iCE40UP\ice40_nano\ws\ice40_nano/src/bsp/driver/uart" -std=gnu11 --specs=picolibc.specs -DPICOLIBC_INTEGER_PRINTF_SCANF -MMD -MP -MF"src/bsp/driver/riscv_nano/pic.d" -MT"src/bsp/driver/riscv_nano/pic.o" -c -o "src/bsp/driver/riscv_nano/pic.o" "../src/bsp/driver/riscv_nano/pic.c"
Finished building: ../src/bsp/driver/riscv_nano/pic.c
 
Building file: ../src/bsp/driver/riscv_nano/reg_access.c
Invoking: GNU RISC-V Cross C Compiler
riscv-none-embed-gcc -march=rv32i -mabi=ilp32 -msmall-data-limit=8 -mno-save-restore -O0 -fmessage-length=0 -fsigned-char -ffunction-sections -fdata-sections  -g3 -DLSCC_STDIO_UART_APB -I"O:\src\Propel\iCE40UP\ice40_nano\ws\ice40_nano/src" -I"O:\src\Propel\iCE40UP\ice40_nano\ws\ice40_nano/src/bsp" -I"O:\src\Propel\iCE40UP\ice40_nano\ws\ice40_nano/src/bsp/driver" -I"O:\src\Propel\iCE40UP\ice40_nano\ws\ice40_nano/src/bsp/driver/gpio" -I"O:\src\Propel\iCE40UP\ice40_nano\ws\ice40_nano/src/bsp/driver/riscv_nano" -I"O:\src\Propel\iCE40UP\ice40_nano\ws\ice40_nano/src/bsp/driver/uart" -std=gnu11 --specs=picolibc.specs -DPICOLIBC_INTEGER_PRINTF_SCANF -MMD -MP -MF"src/bsp/driver/riscv_nano/reg_access.d" -MT"src/bsp/driver/riscv_nano/reg_access.o" -c -o "src/bsp/driver/riscv_nano/reg_access.o" "../src/bsp/driver/riscv_nano/reg_access.c"
Finished building: ../src/bsp/driver/riscv_nano/reg_access.c
 
Building file: ../src/bsp/driver/riscv_nano/util.c
Invoking: GNU RISC-V Cross C Compiler
riscv-none-embed-gcc -march=rv32i -mabi=ilp32 -msmall-data-limit=8 -mno-save-restore -O0 -fmessage-length=0 -fsigned-char -ffunction-sections -fdata-sections  -g3 -DLSCC_STDIO_UART_APB -I"O:\src\Propel\iCE40UP\ice40_nano\ws\ice40_nano/src" -I"O:\src\Propel\iCE40UP\ice40_nano\ws\ice40_nano/src/bsp" -I"O:\src\Propel\iCE40UP\ice40_nano\ws\ice40_nano/src/bsp/driver" -I"O:\src\Propel\iCE40UP\ice40_nano\ws\ice40_nano/src/bsp/driver/gpio" -I"O:\src\Propel\iCE40UP\ice40_nano\ws\ice40_nano/src/bsp/driver/riscv_nano" -I"O:\src\Propel\iCE40UP\ice40_nano\ws\ice40_nano/src/bsp/driver/uart" -std=gnu11 --specs=picolibc.specs -DPICOLIBC_INTEGER_PRINTF_SCANF -MMD -MP -MF"src/bsp/driver/riscv_nano/util.d" -MT"src/bsp/driver/riscv_nano/util.o" -c -o "src/bsp/driver/riscv_nano/util.o" "../src/bsp/driver/riscv_nano/util.c"
Finished building: ../src/bsp/driver/riscv_nano/util.c
 
Building file: ../src/bsp/driver/gpio/gpio.c
Invoking: GNU RISC-V Cross C Compiler
riscv-none-embed-gcc -march=rv32i -mabi=ilp32 -msmall-data-limit=8 -mno-save-restore -O0 -fmessage-length=0 -fsigned-char -ffunction-sections -fdata-sections  -g3 -DLSCC_STDIO_UART_APB -I"O:\src\Propel\iCE40UP\ice40_nano\ws\ice40_nano/src" -I"O:\src\Propel\iCE40UP\ice40_nano\ws\ice40_nano/src/bsp" -I"O:\src\Propel\iCE40UP\ice40_nano\ws\ice40_nano/src/bsp/driver" -I"O:\src\Propel\iCE40UP\ice40_nano\ws\ice40_nano/src/bsp/driver/gpio" -I"O:\src\Propel\iCE40UP\ice40_nano\ws\ice40_nano/src/bsp/driver/riscv_nano" -I"O:\src\Propel\iCE40UP\ice40_nano\ws\ice40_nano/src/bsp/driver/uart" -std=gnu11 --specs=picolibc.specs -DPICOLIBC_INTEGER_PRINTF_SCANF -MMD -MP -MF"src/bsp/driver/gpio/gpio.d" -MT"src/bsp/driver/gpio/gpio.o" -c -o "src/bsp/driver/gpio/gpio.o" "../src/bsp/driver/gpio/gpio.c"
Finished building: ../src/bsp/driver/gpio/gpio.c
 
Building file: ../src/bsp/reg_test.c
Invoking: GNU RISC-V Cross C Compiler
riscv-none-embed-gcc -march=rv32i -mabi=ilp32 -msmall-data-limit=8 -mno-save-restore -O0 -fmessage-length=0 -fsigned-char -ffunction-sections -fdata-sections  -g3 -DLSCC_STDIO_UART_APB -I"O:\src\Propel\iCE40UP\ice40_nano\ws\ice40_nano/src" -I"O:\src\Propel\iCE40UP\ice40_nano\ws\ice40_nano/src/bsp" -I"O:\src\Propel\iCE40UP\ice40_nano\ws\ice40_nano/src/bsp/driver" -I"O:\src\Propel\iCE40UP\ice40_nano\ws\ice40_nano/src/bsp/driver/gpio" -I"O:\src\Propel\iCE40UP\ice40_nano\ws\ice40_nano/src/bsp/driver/riscv_nano" -I"O:\src\Propel\iCE40UP\ice40_nano\ws\ice40_nano/src/bsp/driver/uart" -std=gnu11 --specs=picolibc.specs -DPICOLIBC_INTEGER_PRINTF_SCANF -MMD -MP -MF"src/bsp/reg_test.d" -MT"src/bsp/reg_test.o" -c -o "src/bsp/reg_test.o" "../src/bsp/reg_test.c"
Finished building: ../src/bsp/reg_test.c
 
Building file: ../src/main.c
Invoking: GNU RISC-V Cross C Compiler
riscv-none-embed-gcc -march=rv32i -mabi=ilp32 -msmall-data-limit=8 -mno-save-restore -O0 -fmessage-length=0 -fsigned-char -ffunction-sections -fdata-sections  -g3 -DLSCC_STDIO_UART_APB -I"O:\src\Propel\iCE40UP\ice40_nano\ws\ice40_nano/src" -I"O:\src\Propel\iCE40UP\ice40_nano\ws\ice40_nano/src/bsp" -I"O:\src\Propel\iCE40UP\ice40_nano\ws\ice40_nano/src/bsp/driver" -I"O:\src\Propel\iCE40UP\ice40_nano\ws\ice40_nano/src/bsp/driver/gpio" -I"O:\src\Propel\iCE40UP\ice40_nano\ws\ice40_nano/src/bsp/driver/riscv_nano" -I"O:\src\Propel\iCE40UP\ice40_nano\ws\ice40_nano/src/bsp/driver/uart" -std=gnu11 --specs=picolibc.specs -DPICOLIBC_INTEGER_PRINTF_SCANF -MMD -MP -MF"src/main.d" -MT"src/main.o" -c -o "src/main.o" "../src/main.c"
../src/main.c: In function 'main':
../src/main.c:130:2: warning: implicit declaration of function 'uart_puts'; did you mean 'uart_putc'? [-Wimplicit-function-declaration]
  130 |  uart_puts(&uart_core_uart, "Started!\nHello RISC-V world!\n");
      |  ^~~~~~~~~
      |  uart_putc
Finished building: ../src/main.c
 
Building file: ../src/utils.c
Invoking: GNU RISC-V Cross C Compiler
riscv-none-embed-gcc -march=rv32i -mabi=ilp32 -msmall-data-limit=8 -mno-save-restore -O0 -fmessage-length=0 -fsigned-char -ffunction-sections -fdata-sections  -g3 -DLSCC_STDIO_UART_APB -I"O:\src\Propel\iCE40UP\ice40_nano\ws\ice40_nano/src" -I"O:\src\Propel\iCE40UP\ice40_nano\ws\ice40_nano/src/bsp" -I"O:\src\Propel\iCE40UP\ice40_nano\ws\ice40_nano/src/bsp/driver" -I"O:\src\Propel\iCE40UP\ice40_nano\ws\ice40_nano/src/bsp/driver/gpio" -I"O:\src\Propel\iCE40UP\ice40_nano\ws\ice40_nano/src/bsp/driver/riscv_nano" -I"O:\src\Propel\iCE40UP\ice40_nano\ws\ice40_nano/src/bsp/driver/uart" -std=gnu11 --specs=picolibc.specs -DPICOLIBC_INTEGER_PRINTF_SCANF -MMD -MP -MF"src/utils.d" -MT"src/utils.o" -c -o "src/utils.o" "../src/utils.c"
Finished building: ../src/utils.c
 
Building target: ice40_nano.elf
Invoking: GNU RISC-V Cross C Linker
riscv-none-embed-gcc -march=rv32i -mabi=ilp32 -msmall-data-limit=8 -mno-save-restore -O0 -fmessage-length=0 -fsigned-char -ffunction-sections -fdata-sections  -g3 -T "O:/src/Propel/iCE40UP/ice40_nano/ws/ice40_nano/src/linker.ld" -nostartfiles -Xlinker --gc-sections -Wl,-Map,"ice40_nano.map" --specs=picolibc.specs -DPICOLIBC_INTEGER_PRINTF_SCANF -o "ice40_nano.elf"  ./src/bsp/driver/uart/uart.o  ./src/bsp/driver/riscv_nano/crt0.o ./src/bsp/driver/riscv_nano/exit.o ./src/bsp/driver/riscv_nano/interrupt.o ./src/bsp/driver/riscv_nano/iob.o ./src/bsp/driver/riscv_nano/pic.o ./src/bsp/driver/riscv_nano/reg_access.o ./src/bsp/driver/riscv_nano/util.o  ./src/bsp/driver/gpio/gpio.o  ./src/bsp/reg_test.o  ./src/main.o ./src/utils.o   
Finished building target: ice40_nano.elf
 
Invoking: GNU RISC-V Cross Create Listing
riscv-none-embed-objdump --source --all-headers --demangle --line-numbers --wide "ice40_nano.elf" > "ice40_nano.lst"
Finished building: ice40_nano.lst
 
Invoking: GNU RISC-V Cross Print Size
riscv-none-embed-size --format=berkeley "ice40_nano.elf"
   text	   data	    bss	    dec	    hex	filename
   3280	     24	   3128	   6432	   1920	ice40_nano.elf
Finished building: ice40_nano.siz
 
Invoking: Lattice Multi Memory Deployment (CODE SEGMENT)
riscv-none-embed-objcopy -O binary --gap-fill 0 -j .text -j .ctors -j .dtors "ice40_nano.elf" tmp; srec_cat tmp -Binary -byte-swap 4 -DISable Header -Output "ice40_nano_Code.mem" -MEM 32
Finished building: ice40_nano_Code.mem
 
Invoking: Lattice Multi Memory Deployment (DATA SEGMENT)
riscv-none-embed-objcopy -O binary --gap-fill 0 -j .rodata -j .data -j .bss "ice40_nano.elf" tmp; srec_cat tmp -Binary -byte-swap 4 -DISable Header -Output "ice40_nano_Data.mem" -MEM 32
Finished building: ice40_nano_Data.mem
 
dump
riscv-none-embed-objdump -Dxr "ice40_nano.elf" > "ice40_nano.dump"
 
16:19:52 **** Clean-only build of configuration Debug for project ice40_nano ****
make clean 
rm -rf  ice40_nano_Data.mem  ice40_nano_Code.mem  ./src/bsp/driver/uart/uart.o  ./src/bsp/driver/riscv_nano/crt0.o ./src/bsp/driver/riscv_nano/exit.o ./src/bsp/driver/riscv_nano/interrupt.o ./src/bsp/driver/riscv_nano/iob.o ./src/bsp/driver/riscv_nano/pic.o ./src/bsp/driver/riscv_nano/reg_access.o ./src/bsp/driver/riscv_nano/util.o  ./src/bsp/driver/gpio/gpio.o  ./src/bsp/reg_test.o  ./src/main.o ./src/utils.o  ice40_nano.lst  ice40_nano.siz  ./src/bsp/driver/riscv_nano/crt0.d  ./src/bsp/driver/uart/uart.d  ./src/bsp/driver/riscv_nano/exit.d ./src/bsp/driver/riscv_nano/interrupt.d ./src/bsp/driver/riscv_nano/iob.d ./src/bsp/driver/riscv_nano/pic.d ./src/bsp/driver/riscv_nano/reg_access.d ./src/bsp/driver/riscv_nano/util.d  ./src/bsp/driver/gpio/gpio.d  ./src/bsp/reg_test.d  ./src/main.d ./src/utils.d  ice40_nano.elf
 
16:19:53 **** Build of configuration Debug for project ice40_nano ****
make all 
Building file: ../src/bsp/driver/uart/uart.c
Invoking: GNU RISC-V Cross C Compiler
riscv-none-embed-gcc -march=rv32i -mabi=ilp32 -msmall-data-limit=8 -mno-save-restore -O0 -fmessage-length=0 -fsigned-char -ffunction-sections -fdata-sections  -g3 -DLSCC_STDIO_UART_APB -I"O:\src\Propel\iCE40UP\ice40_nano\ws\ice40_nano/src" -I"O:\src\Propel\iCE40UP\ice40_nano\ws\ice40_nano/src/bsp" -I"O:\src\Propel\iCE40UP\ice40_nano\ws\ice40_nano/src/bsp/driver" -I"O:\src\Propel\iCE40UP\ice40_nano\ws\ice40_nano/src/bsp/driver/gpio" -I"O:\src\Propel\iCE40UP\ice40_nano\ws\ice40_nano/src/bsp/driver/riscv_nano" -I"O:\src\Propel\iCE40UP\ice40_nano\ws\ice40_nano/src/bsp/driver/uart" -std=gnu11 --specs=picolibc.specs -DPICOLIBC_INTEGER_PRINTF_SCANF -MMD -MP -MF"src/bsp/driver/uart/uart.d" -MT"src/bsp/driver/uart/uart.o" -c -o "src/bsp/driver/uart/uart.o" "../src/bsp/driver/uart/uart.c"
Finished building: ../src/bsp/driver/uart/uart.c
 
Building file: ../src/bsp/driver/riscv_nano/crt0.S
Invoking: GNU RISC-V Cross Assembler
riscv-none-embed-gcc -march=rv32i -mabi=ilp32 -msmall-data-limit=8 -mno-save-restore -O0 -fmessage-length=0 -fsigned-char -ffunction-sections -fdata-sections  -g3 -x assembler-with-cpp -MMD -MP -MF"src/bsp/driver/riscv_nano/crt0.d" -MT"src/bsp/driver/riscv_nano/crt0.o" -c -o "src/bsp/driver/riscv_nano/crt0.o" "../src/bsp/driver/riscv_nano/crt0.S"
Finished building: ../src/bsp/driver/riscv_nano/crt0.S
 
Building file: ../src/bsp/driver/riscv_nano/exit.c
Invoking: GNU RISC-V Cross C Compiler
riscv-none-embed-gcc -march=rv32i -mabi=ilp32 -msmall-data-limit=8 -mno-save-restore -O0 -fmessage-length=0 -fsigned-char -ffunction-sections -fdata-sections  -g3 -DLSCC_STDIO_UART_APB -I"O:\src\Propel\iCE40UP\ice40_nano\ws\ice40_nano/src" -I"O:\src\Propel\iCE40UP\ice40_nano\ws\ice40_nano/src/bsp" -I"O:\src\Propel\iCE40UP\ice40_nano\ws\ice40_nano/src/bsp/driver" -I"O:\src\Propel\iCE40UP\ice40_nano\ws\ice40_nano/src/bsp/driver/gpio" -I"O:\src\Propel\iCE40UP\ice40_nano\ws\ice40_nano/src/bsp/driver/riscv_nano" -I"O:\src\Propel\iCE40UP\ice40_nano\ws\ice40_nano/src/bsp/driver/uart" -std=gnu11 --specs=picolibc.specs -DPICOLIBC_INTEGER_PRINTF_SCANF -MMD -MP -MF"src/bsp/driver/riscv_nano/exit.d" -MT"src/bsp/driver/riscv_nano/exit.o" -c -o "src/bsp/driver/riscv_nano/exit.o" "../src/bsp/driver/riscv_nano/exit.c"
Finished building: ../src/bsp/driver/riscv_nano/exit.c
 
Building file: ../src/bsp/driver/riscv_nano/interrupt.c
Invoking: GNU RISC-V Cross C Compiler
riscv-none-embed-gcc -march=rv32i -mabi=ilp32 -msmall-data-limit=8 -mno-save-restore -O0 -fmessage-length=0 -fsigned-char -ffunction-sections -fdata-sections  -g3 -DLSCC_STDIO_UART_APB -I"O:\src\Propel\iCE40UP\ice40_nano\ws\ice40_nano/src" -I"O:\src\Propel\iCE40UP\ice40_nano\ws\ice40_nano/src/bsp" -I"O:\src\Propel\iCE40UP\ice40_nano\ws\ice40_nano/src/bsp/driver" -I"O:\src\Propel\iCE40UP\ice40_nano\ws\ice40_nano/src/bsp/driver/gpio" -I"O:\src\Propel\iCE40UP\ice40_nano\ws\ice40_nano/src/bsp/driver/riscv_nano" -I"O:\src\Propel\iCE40UP\ice40_nano\ws\ice40_nano/src/bsp/driver/uart" -std=gnu11 --specs=picolibc.specs -DPICOLIBC_INTEGER_PRINTF_SCANF -MMD -MP -MF"src/bsp/driver/riscv_nano/interrupt.d" -MT"src/bsp/driver/riscv_nano/interrupt.o" -c -o "src/bsp/driver/riscv_nano/interrupt.o" "../src/bsp/driver/riscv_nano/interrupt.c"
Finished building: ../src/bsp/driver/riscv_nano/interrupt.c
 
Building file: ../src/bsp/driver/riscv_nano/iob.c
Invoking: GNU RISC-V Cross C Compiler
riscv-none-embed-gcc -march=rv32i -mabi=ilp32 -msmall-data-limit=8 -mno-save-restore -O0 -fmessage-length=0 -fsigned-char -ffunction-sections -fdata-sections  -g3 -DLSCC_STDIO_UART_APB -I"O:\src\Propel\iCE40UP\ice40_nano\ws\ice40_nano/src" -I"O:\src\Propel\iCE40UP\ice40_nano\ws\ice40_nano/src/bsp" -I"O:\src\Propel\iCE40UP\ice40_nano\ws\ice40_nano/src/bsp/driver" -I"O:\src\Propel\iCE40UP\ice40_nano\ws\ice40_nano/src/bsp/driver/gpio" -I"O:\src\Propel\iCE40UP\ice40_nano\ws\ice40_nano/src/bsp/driver/riscv_nano" -I"O:\src\Propel\iCE40UP\ice40_nano\ws\ice40_nano/src/bsp/driver/uart" -std=gnu11 --specs=picolibc.specs -DPICOLIBC_INTEGER_PRINTF_SCANF -MMD -MP -MF"src/bsp/driver/riscv_nano/iob.d" -MT"src/bsp/driver/riscv_nano/iob.o" -c -o "src/bsp/driver/riscv_nano/iob.o" "../src/bsp/driver/riscv_nano/iob.c"
Finished building: ../src/bsp/driver/riscv_nano/iob.c
 
Building file: ../src/bsp/driver/riscv_nano/pic.c
Invoking: GNU RISC-V Cross C Compiler
riscv-none-embed-gcc -march=rv32i -mabi=ilp32 -msmall-data-limit=8 -mno-save-restore -O0 -fmessage-length=0 -fsigned-char -ffunction-sections -fdata-sections  -g3 -DLSCC_STDIO_UART_APB -I"O:\src\Propel\iCE40UP\ice40_nano\ws\ice40_nano/src" -I"O:\src\Propel\iCE40UP\ice40_nano\ws\ice40_nano/src/bsp" -I"O:\src\Propel\iCE40UP\ice40_nano\ws\ice40_nano/src/bsp/driver" -I"O:\src\Propel\iCE40UP\ice40_nano\ws\ice40_nano/src/bsp/driver/gpio" -I"O:\src\Propel\iCE40UP\ice40_nano\ws\ice40_nano/src/bsp/driver/riscv_nano" -I"O:\src\Propel\iCE40UP\ice40_nano\ws\ice40_nano/src/bsp/driver/uart" -std=gnu11 --specs=picolibc.specs -DPICOLIBC_INTEGER_PRINTF_SCANF -MMD -MP -MF"src/bsp/driver/riscv_nano/pic.d" -MT"src/bsp/driver/riscv_nano/pic.o" -c -o "src/bsp/driver/riscv_nano/pic.o" "../src/bsp/driver/riscv_nano/pic.c"
Finished building: ../src/bsp/driver/riscv_nano/pic.c
 
Building file: ../src/bsp/driver/riscv_nano/reg_access.c
Invoking: GNU RISC-V Cross C Compiler
riscv-none-embed-gcc -march=rv32i -mabi=ilp32 -msmall-data-limit=8 -mno-save-restore -O0 -fmessage-length=0 -fsigned-char -ffunction-sections -fdata-sections  -g3 -DLSCC_STDIO_UART_APB -I"O:\src\Propel\iCE40UP\ice40_nano\ws\ice40_nano/src" -I"O:\src\Propel\iCE40UP\ice40_nano\ws\ice40_nano/src/bsp" -I"O:\src\Propel\iCE40UP\ice40_nano\ws\ice40_nano/src/bsp/driver" -I"O:\src\Propel\iCE40UP\ice40_nano\ws\ice40_nano/src/bsp/driver/gpio" -I"O:\src\Propel\iCE40UP\ice40_nano\ws\ice40_nano/src/bsp/driver/riscv_nano" -I"O:\src\Propel\iCE40UP\ice40_nano\ws\ice40_nano/src/bsp/driver/uart" -std=gnu11 --specs=picolibc.specs -DPICOLIBC_INTEGER_PRINTF_SCANF -MMD -MP -MF"src/bsp/driver/riscv_nano/reg_access.d" -MT"src/bsp/driver/riscv_nano/reg_access.o" -c -o "src/bsp/driver/riscv_nano/reg_access.o" "../src/bsp/driver/riscv_nano/reg_access.c"
Finished building: ../src/bsp/driver/riscv_nano/reg_access.c
 
Building file: ../src/bsp/driver/riscv_nano/util.c
Invoking: GNU RISC-V Cross C Compiler
riscv-none-embed-gcc -march=rv32i -mabi=ilp32 -msmall-data-limit=8 -mno-save-restore -O0 -fmessage-length=0 -fsigned-char -ffunction-sections -fdata-sections  -g3 -DLSCC_STDIO_UART_APB -I"O:\src\Propel\iCE40UP\ice40_nano\ws\ice40_nano/src" -I"O:\src\Propel\iCE40UP\ice40_nano\ws\ice40_nano/src/bsp" -I"O:\src\Propel\iCE40UP\ice40_nano\ws\ice40_nano/src/bsp/driver" -I"O:\src\Propel\iCE40UP\ice40_nano\ws\ice40_nano/src/bsp/driver/gpio" -I"O:\src\Propel\iCE40UP\ice40_nano\ws\ice40_nano/src/bsp/driver/riscv_nano" -I"O:\src\Propel\iCE40UP\ice40_nano\ws\ice40_nano/src/bsp/driver/uart" -std=gnu11 --specs=picolibc.specs -DPICOLIBC_INTEGER_PRINTF_SCANF -MMD -MP -MF"src/bsp/driver/riscv_nano/util.d" -MT"src/bsp/driver/riscv_nano/util.o" -c -o "src/bsp/driver/riscv_nano/util.o" "../src/bsp/driver/riscv_nano/util.c"
Finished building: ../src/bsp/driver/riscv_nano/util.c
 
Building file: ../src/bsp/driver/gpio/gpio.c
Invoking: GNU RISC-V Cross C Compiler
riscv-none-embed-gcc -march=rv32i -mabi=ilp32 -msmall-data-limit=8 -mno-save-restore -O0 -fmessage-length=0 -fsigned-char -ffunction-sections -fdata-sections  -g3 -DLSCC_STDIO_UART_APB -I"O:\src\Propel\iCE40UP\ice40_nano\ws\ice40_nano/src" -I"O:\src\Propel\iCE40UP\ice40_nano\ws\ice40_nano/src/bsp" -I"O:\src\Propel\iCE40UP\ice40_nano\ws\ice40_nano/src/bsp/driver" -I"O:\src\Propel\iCE40UP\ice40_nano\ws\ice40_nano/src/bsp/driver/gpio" -I"O:\src\Propel\iCE40UP\ice40_nano\ws\ice40_nano/src/bsp/driver/riscv_nano" -I"O:\src\Propel\iCE40UP\ice40_nano\ws\ice40_nano/src/bsp/driver/uart" -std=gnu11 --specs=picolibc.specs -DPICOLIBC_INTEGER_PRINTF_SCANF -MMD -MP -MF"src/bsp/driver/gpio/gpio.d" -MT"src/bsp/driver/gpio/gpio.o" -c -o "src/bsp/driver/gpio/gpio.o" "../src/bsp/driver/gpio/gpio.c"
Finished building: ../src/bsp/driver/gpio/gpio.c
 
Building file: ../src/bsp/reg_test.c
Invoking: GNU RISC-V Cross C Compiler
riscv-none-embed-gcc -march=rv32i -mabi=ilp32 -msmall-data-limit=8 -mno-save-restore -O0 -fmessage-length=0 -fsigned-char -ffunction-sections -fdata-sections  -g3 -DLSCC_STDIO_UART_APB -I"O:\src\Propel\iCE40UP\ice40_nano\ws\ice40_nano/src" -I"O:\src\Propel\iCE40UP\ice40_nano\ws\ice40_nano/src/bsp" -I"O:\src\Propel\iCE40UP\ice40_nano\ws\ice40_nano/src/bsp/driver" -I"O:\src\Propel\iCE40UP\ice40_nano\ws\ice40_nano/src/bsp/driver/gpio" -I"O:\src\Propel\iCE40UP\ice40_nano\ws\ice40_nano/src/bsp/driver/riscv_nano" -I"O:\src\Propel\iCE40UP\ice40_nano\ws\ice40_nano/src/bsp/driver/uart" -std=gnu11 --specs=picolibc.specs -DPICOLIBC_INTEGER_PRINTF_SCANF -MMD -MP -MF"src/bsp/reg_test.d" -MT"src/bsp/reg_test.o" -c -o "src/bsp/reg_test.o" "../src/bsp/reg_test.c"
Finished building: ../src/bsp/reg_test.c
 
Building file: ../src/main.c
Invoking: GNU RISC-V Cross C Compiler
riscv-none-embed-gcc -march=rv32i -mabi=ilp32 -msmall-data-limit=8 -mno-save-restore -O0 -fmessage-length=0 -fsigned-char -ffunction-sections -fdata-sections  -g3 -DLSCC_STDIO_UART_APB -I"O:\src\Propel\iCE40UP\ice40_nano\ws\ice40_nano/src" -I"O:\src\Propel\iCE40UP\ice40_nano\ws\ice40_nano/src/bsp" -I"O:\src\Propel\iCE40UP\ice40_nano\ws\ice40_nano/src/bsp/driver" -I"O:\src\Propel\iCE40UP\ice40_nano\ws\ice40_nano/src/bsp/driver/gpio" -I"O:\src\Propel\iCE40UP\ice40_nano\ws\ice40_nano/src/bsp/driver/riscv_nano" -I"O:\src\Propel\iCE40UP\ice40_nano\ws\ice40_nano/src/bsp/driver/uart" -std=gnu11 --specs=picolibc.specs -DPICOLIBC_INTEGER_PRINTF_SCANF -MMD -MP -MF"src/main.d" -MT"src/main.o" -c -o "src/main.o" "../src/main.c"
../src/main.c: In function 'main':
../src/main.c:130:2: warning: implicit declaration of function 'uart_puts'; did you mean 'uart_putc'? [-Wimplicit-function-declaration]
  130 |  uart_puts(&uart_core_uart, "Started!\nHello RISC-V world!\n");
      |  ^~~~~~~~~
      |  uart_putc
Finished building: ../src/main.c
 
Building file: ../src/utils.c
Invoking: GNU RISC-V Cross C Compiler
riscv-none-embed-gcc -march=rv32i -mabi=ilp32 -msmall-data-limit=8 -mno-save-restore -O0 -fmessage-length=0 -fsigned-char -ffunction-sections -fdata-sections  -g3 -DLSCC_STDIO_UART_APB -I"O:\src\Propel\iCE40UP\ice40_nano\ws\ice40_nano/src" -I"O:\src\Propel\iCE40UP\ice40_nano\ws\ice40_nano/src/bsp" -I"O:\src\Propel\iCE40UP\ice40_nano\ws\ice40_nano/src/bsp/driver" -I"O:\src\Propel\iCE40UP\ice40_nano\ws\ice40_nano/src/bsp/driver/gpio" -I"O:\src\Propel\iCE40UP\ice40_nano\ws\ice40_nano/src/bsp/driver/riscv_nano" -I"O:\src\Propel\iCE40UP\ice40_nano\ws\ice40_nano/src/bsp/driver/uart" -std=gnu11 --specs=picolibc.specs -DPICOLIBC_INTEGER_PRINTF_SCANF -MMD -MP -MF"src/utils.d" -MT"src/utils.o" -c -o "src/utils.o" "../src/utils.c"
Finished building: ../src/utils.c
 
Building target: ice40_nano.elf
Invoking: GNU RISC-V Cross C Linker
riscv-none-embed-gcc -march=rv32i -mabi=ilp32 -msmall-data-limit=8 -mno-save-restore -O0 -fmessage-length=0 -fsigned-char -ffunction-sections -fdata-sections  -g3 -T "O:/src/Propel/iCE40UP/ice40_nano/ws/ice40_nano/src/linker.ld" -nostartfiles -Xlinker --gc-sections -Wl,-Map,"ice40_nano.map" --specs=picolibc.specs -DPICOLIBC_INTEGER_PRINTF_SCANF -o "ice40_nano.elf"  ./src/bsp/driver/uart/uart.o  ./src/bsp/driver/riscv_nano/crt0.o ./src/bsp/driver/riscv_nano/exit.o ./src/bsp/driver/riscv_nano/interrupt.o ./src/bsp/driver/riscv_nano/iob.o ./src/bsp/driver/riscv_nano/pic.o ./src/bsp/driver/riscv_nano/reg_access.o ./src/bsp/driver/riscv_nano/util.o  ./src/bsp/driver/gpio/gpio.o  ./src/bsp/reg_test.o  ./src/main.o ./src/utils.o   
Finished building target: ice40_nano.elf
 
Invoking: GNU RISC-V Cross Create Listing
riscv-none-embed-objdump --source --all-headers --demangle --line-numbers --wide "ice40_nano.elf" > "ice40_nano.lst"
Finished building: ice40_nano.lst
 
Invoking: GNU RISC-V Cross Print Size
riscv-none-embed-size --format=berkeley "ice40_nano.elf"
   text	   data	    bss	    dec	    hex	filename
   3280	     24	   3128	   6432	   1920	ice40_nano.elf
Finished building: ice40_nano.siz
 
Invoking: Lattice Multi Memory Deployment (CODE SEGMENT)
riscv-none-embed-objcopy -O binary --gap-fill 0 -j .ctors -j .dtors -j .rodata -j .text "ice40_nano.elf" tmp; srec_cat tmp -Binary -byte-swap 4 -DISable Header -Output "ice40_nano_Code.mem" -MEM 32
Finished building: ice40_nano_Code.mem
 
Invoking: Lattice Multi Memory Deployment (DATA SEGMENT)
riscv-none-embed-objcopy -O binary --gap-fill 0 -j .data -j .bss "ice40_nano.elf" tmp; srec_cat tmp -Binary -byte-swap 4 -DISable Header -Output "ice40_nano_Data.mem" -MEM 32
Finished building: ice40_nano_Data.mem
 
dump
riscv-none-embed-objdump -Dxr "ice40_nano.elf" > "ice40_nano.dump"
 
16:49:17 **** Clean-only build of configuration Debug for project ice40_nano ****
make clean 
rm -rf  ice40_nano_Data.mem  ice40_nano_Code.mem  ./src/bsp/driver/uart/uart.o  ./src/bsp/driver/riscv_nano/crt0.o ./src/bsp/driver/riscv_nano/exit.o ./src/bsp/driver/riscv_nano/interrupt.o ./src/bsp/driver/riscv_nano/iob.o ./src/bsp/driver/riscv_nano/pic.o ./src/bsp/driver/riscv_nano/reg_access.o ./src/bsp/driver/riscv_nano/util.o  ./src/bsp/driver/gpio/gpio.o  ./src/bsp/reg_test.o  ./src/main.o ./src/utils.o  ice40_nano.lst  ice40_nano.siz  ./src/bsp/driver/riscv_nano/crt0.d  ./src/bsp/driver/uart/uart.d  ./src/bsp/driver/riscv_nano/exit.d ./src/bsp/driver/riscv_nano/interrupt.d ./src/bsp/driver/riscv_nano/iob.d ./src/bsp/driver/riscv_nano/pic.d ./src/bsp/driver/riscv_nano/reg_access.d ./src/bsp/driver/riscv_nano/util.d  ./src/bsp/driver/gpio/gpio.d  ./src/bsp/reg_test.d  ./src/main.d ./src/utils.d  ice40_nano.elf
 
16:49:18 **** Build of configuration Debug for project ice40_nano ****
make all 
Building file: ../src/bsp/driver/uart/uart.c
Invoking: GNU RISC-V Cross C Compiler
riscv-none-embed-gcc -march=rv32i -mabi=ilp32 -msmall-data-limit=8 -mno-save-restore -O0 -fmessage-length=0 -fsigned-char -ffunction-sections -fdata-sections  -g3 -DLSCC_STDIO_UART_APB -I"O:\src\Propel\iCE40UP\ice40_nano\ws\ice40_nano/src" -I"O:\src\Propel\iCE40UP\ice40_nano\ws\ice40_nano/src/bsp" -I"O:\src\Propel\iCE40UP\ice40_nano\ws\ice40_nano/src/bsp/driver" -I"O:\src\Propel\iCE40UP\ice40_nano\ws\ice40_nano/src/bsp/driver/gpio" -I"O:\src\Propel\iCE40UP\ice40_nano\ws\ice40_nano/src/bsp/driver/riscv_nano" -I"O:\src\Propel\iCE40UP\ice40_nano\ws\ice40_nano/src/bsp/driver/uart" -std=gnu11 --specs=picolibc.specs -DPICOLIBC_INTEGER_PRINTF_SCANF -MMD -MP -MF"src/bsp/driver/uart/uart.d" -MT"src/bsp/driver/uart/uart.o" -c -o "src/bsp/driver/uart/uart.o" "../src/bsp/driver/uart/uart.c"
Finished building: ../src/bsp/driver/uart/uart.c
 
Building file: ../src/bsp/driver/riscv_nano/crt0.S
Invoking: GNU RISC-V Cross Assembler
riscv-none-embed-gcc -march=rv32i -mabi=ilp32 -msmall-data-limit=8 -mno-save-restore -O0 -fmessage-length=0 -fsigned-char -ffunction-sections -fdata-sections  -g3 -x assembler-with-cpp -MMD -MP -MF"src/bsp/driver/riscv_nano/crt0.d" -MT"src/bsp/driver/riscv_nano/crt0.o" -c -o "src/bsp/driver/riscv_nano/crt0.o" "../src/bsp/driver/riscv_nano/crt0.S"
Finished building: ../src/bsp/driver/riscv_nano/crt0.S
 
Building file: ../src/bsp/driver/riscv_nano/exit.c
Invoking: GNU RISC-V Cross C Compiler
riscv-none-embed-gcc -march=rv32i -mabi=ilp32 -msmall-data-limit=8 -mno-save-restore -O0 -fmessage-length=0 -fsigned-char -ffunction-sections -fdata-sections  -g3 -DLSCC_STDIO_UART_APB -I"O:\src\Propel\iCE40UP\ice40_nano\ws\ice40_nano/src" -I"O:\src\Propel\iCE40UP\ice40_nano\ws\ice40_nano/src/bsp" -I"O:\src\Propel\iCE40UP\ice40_nano\ws\ice40_nano/src/bsp/driver" -I"O:\src\Propel\iCE40UP\ice40_nano\ws\ice40_nano/src/bsp/driver/gpio" -I"O:\src\Propel\iCE40UP\ice40_nano\ws\ice40_nano/src/bsp/driver/riscv_nano" -I"O:\src\Propel\iCE40UP\ice40_nano\ws\ice40_nano/src/bsp/driver/uart" -std=gnu11 --specs=picolibc.specs -DPICOLIBC_INTEGER_PRINTF_SCANF -MMD -MP -MF"src/bsp/driver/riscv_nano/exit.d" -MT"src/bsp/driver/riscv_nano/exit.o" -c -o "src/bsp/driver/riscv_nano/exit.o" "../src/bsp/driver/riscv_nano/exit.c"
Finished building: ../src/bsp/driver/riscv_nano/exit.c
 
Building file: ../src/bsp/driver/riscv_nano/interrupt.c
Invoking: GNU RISC-V Cross C Compiler
riscv-none-embed-gcc -march=rv32i -mabi=ilp32 -msmall-data-limit=8 -mno-save-restore -O0 -fmessage-length=0 -fsigned-char -ffunction-sections -fdata-sections  -g3 -DLSCC_STDIO_UART_APB -I"O:\src\Propel\iCE40UP\ice40_nano\ws\ice40_nano/src" -I"O:\src\Propel\iCE40UP\ice40_nano\ws\ice40_nano/src/bsp" -I"O:\src\Propel\iCE40UP\ice40_nano\ws\ice40_nano/src/bsp/driver" -I"O:\src\Propel\iCE40UP\ice40_nano\ws\ice40_nano/src/bsp/driver/gpio" -I"O:\src\Propel\iCE40UP\ice40_nano\ws\ice40_nano/src/bsp/driver/riscv_nano" -I"O:\src\Propel\iCE40UP\ice40_nano\ws\ice40_nano/src/bsp/driver/uart" -std=gnu11 --specs=picolibc.specs -DPICOLIBC_INTEGER_PRINTF_SCANF -MMD -MP -MF"src/bsp/driver/riscv_nano/interrupt.d" -MT"src/bsp/driver/riscv_nano/interrupt.o" -c -o "src/bsp/driver/riscv_nano/interrupt.o" "../src/bsp/driver/riscv_nano/interrupt.c"
Finished building: ../src/bsp/driver/riscv_nano/interrupt.c
 
Building file: ../src/bsp/driver/riscv_nano/iob.c
Invoking: GNU RISC-V Cross C Compiler
riscv-none-embed-gcc -march=rv32i -mabi=ilp32 -msmall-data-limit=8 -mno-save-restore -O0 -fmessage-length=0 -fsigned-char -ffunction-sections -fdata-sections  -g3 -DLSCC_STDIO_UART_APB -I"O:\src\Propel\iCE40UP\ice40_nano\ws\ice40_nano/src" -I"O:\src\Propel\iCE40UP\ice40_nano\ws\ice40_nano/src/bsp" -I"O:\src\Propel\iCE40UP\ice40_nano\ws\ice40_nano/src/bsp/driver" -I"O:\src\Propel\iCE40UP\ice40_nano\ws\ice40_nano/src/bsp/driver/gpio" -I"O:\src\Propel\iCE40UP\ice40_nano\ws\ice40_nano/src/bsp/driver/riscv_nano" -I"O:\src\Propel\iCE40UP\ice40_nano\ws\ice40_nano/src/bsp/driver/uart" -std=gnu11 --specs=picolibc.specs -DPICOLIBC_INTEGER_PRINTF_SCANF -MMD -MP -MF"src/bsp/driver/riscv_nano/iob.d" -MT"src/bsp/driver/riscv_nano/iob.o" -c -o "src/bsp/driver/riscv_nano/iob.o" "../src/bsp/driver/riscv_nano/iob.c"
Finished building: ../src/bsp/driver/riscv_nano/iob.c
 
Building file: ../src/bsp/driver/riscv_nano/pic.c
Invoking: GNU RISC-V Cross C Compiler
riscv-none-embed-gcc -march=rv32i -mabi=ilp32 -msmall-data-limit=8 -mno-save-restore -O0 -fmessage-length=0 -fsigned-char -ffunction-sections -fdata-sections  -g3 -DLSCC_STDIO_UART_APB -I"O:\src\Propel\iCE40UP\ice40_nano\ws\ice40_nano/src" -I"O:\src\Propel\iCE40UP\ice40_nano\ws\ice40_nano/src/bsp" -I"O:\src\Propel\iCE40UP\ice40_nano\ws\ice40_nano/src/bsp/driver" -I"O:\src\Propel\iCE40UP\ice40_nano\ws\ice40_nano/src/bsp/driver/gpio" -I"O:\src\Propel\iCE40UP\ice40_nano\ws\ice40_nano/src/bsp/driver/riscv_nano" -I"O:\src\Propel\iCE40UP\ice40_nano\ws\ice40_nano/src/bsp/driver/uart" -std=gnu11 --specs=picolibc.specs -DPICOLIBC_INTEGER_PRINTF_SCANF -MMD -MP -MF"src/bsp/driver/riscv_nano/pic.d" -MT"src/bsp/driver/riscv_nano/pic.o" -c -o "src/bsp/driver/riscv_nano/pic.o" "../src/bsp/driver/riscv_nano/pic.c"
Finished building: ../src/bsp/driver/riscv_nano/pic.c
 
Building file: ../src/bsp/driver/riscv_nano/reg_access.c
Invoking: GNU RISC-V Cross C Compiler
riscv-none-embed-gcc -march=rv32i -mabi=ilp32 -msmall-data-limit=8 -mno-save-restore -O0 -fmessage-length=0 -fsigned-char -ffunction-sections -fdata-sections  -g3 -DLSCC_STDIO_UART_APB -I"O:\src\Propel\iCE40UP\ice40_nano\ws\ice40_nano/src" -I"O:\src\Propel\iCE40UP\ice40_nano\ws\ice40_nano/src/bsp" -I"O:\src\Propel\iCE40UP\ice40_nano\ws\ice40_nano/src/bsp/driver" -I"O:\src\Propel\iCE40UP\ice40_nano\ws\ice40_nano/src/bsp/driver/gpio" -I"O:\src\Propel\iCE40UP\ice40_nano\ws\ice40_nano/src/bsp/driver/riscv_nano" -I"O:\src\Propel\iCE40UP\ice40_nano\ws\ice40_nano/src/bsp/driver/uart" -std=gnu11 --specs=picolibc.specs -DPICOLIBC_INTEGER_PRINTF_SCANF -MMD -MP -MF"src/bsp/driver/riscv_nano/reg_access.d" -MT"src/bsp/driver/riscv_nano/reg_access.o" -c -o "src/bsp/driver/riscv_nano/reg_access.o" "../src/bsp/driver/riscv_nano/reg_access.c"
Finished building: ../src/bsp/driver/riscv_nano/reg_access.c
 
Building file: ../src/bsp/driver/riscv_nano/util.c
Invoking: GNU RISC-V Cross C Compiler
riscv-none-embed-gcc -march=rv32i -mabi=ilp32 -msmall-data-limit=8 -mno-save-restore -O0 -fmessage-length=0 -fsigned-char -ffunction-sections -fdata-sections  -g3 -DLSCC_STDIO_UART_APB -I"O:\src\Propel\iCE40UP\ice40_nano\ws\ice40_nano/src" -I"O:\src\Propel\iCE40UP\ice40_nano\ws\ice40_nano/src/bsp" -I"O:\src\Propel\iCE40UP\ice40_nano\ws\ice40_nano/src/bsp/driver" -I"O:\src\Propel\iCE40UP\ice40_nano\ws\ice40_nano/src/bsp/driver/gpio" -I"O:\src\Propel\iCE40UP\ice40_nano\ws\ice40_nano/src/bsp/driver/riscv_nano" -I"O:\src\Propel\iCE40UP\ice40_nano\ws\ice40_nano/src/bsp/driver/uart" -std=gnu11 --specs=picolibc.specs -DPICOLIBC_INTEGER_PRINTF_SCANF -MMD -MP -MF"src/bsp/driver/riscv_nano/util.d" -MT"src/bsp/driver/riscv_nano/util.o" -c -o "src/bsp/driver/riscv_nano/util.o" "../src/bsp/driver/riscv_nano/util.c"
Finished building: ../src/bsp/driver/riscv_nano/util.c
 
Building file: ../src/bsp/driver/gpio/gpio.c
Invoking: GNU RISC-V Cross C Compiler
riscv-none-embed-gcc -march=rv32i -mabi=ilp32 -msmall-data-limit=8 -mno-save-restore -O0 -fmessage-length=0 -fsigned-char -ffunction-sections -fdata-sections  -g3 -DLSCC_STDIO_UART_APB -I"O:\src\Propel\iCE40UP\ice40_nano\ws\ice40_nano/src" -I"O:\src\Propel\iCE40UP\ice40_nano\ws\ice40_nano/src/bsp" -I"O:\src\Propel\iCE40UP\ice40_nano\ws\ice40_nano/src/bsp/driver" -I"O:\src\Propel\iCE40UP\ice40_nano\ws\ice40_nano/src/bsp/driver/gpio" -I"O:\src\Propel\iCE40UP\ice40_nano\ws\ice40_nano/src/bsp/driver/riscv_nano" -I"O:\src\Propel\iCE40UP\ice40_nano\ws\ice40_nano/src/bsp/driver/uart" -std=gnu11 --specs=picolibc.specs -DPICOLIBC_INTEGER_PRINTF_SCANF -MMD -MP -MF"src/bsp/driver/gpio/gpio.d" -MT"src/bsp/driver/gpio/gpio.o" -c -o "src/bsp/driver/gpio/gpio.o" "../src/bsp/driver/gpio/gpio.c"
Finished building: ../src/bsp/driver/gpio/gpio.c
 
Building file: ../src/bsp/reg_test.c
Invoking: GNU RISC-V Cross C Compiler
riscv-none-embed-gcc -march=rv32i -mabi=ilp32 -msmall-data-limit=8 -mno-save-restore -O0 -fmessage-length=0 -fsigned-char -ffunction-sections -fdata-sections  -g3 -DLSCC_STDIO_UART_APB -I"O:\src\Propel\iCE40UP\ice40_nano\ws\ice40_nano/src" -I"O:\src\Propel\iCE40UP\ice40_nano\ws\ice40_nano/src/bsp" -I"O:\src\Propel\iCE40UP\ice40_nano\ws\ice40_nano/src/bsp/driver" -I"O:\src\Propel\iCE40UP\ice40_nano\ws\ice40_nano/src/bsp/driver/gpio" -I"O:\src\Propel\iCE40UP\ice40_nano\ws\ice40_nano/src/bsp/driver/riscv_nano" -I"O:\src\Propel\iCE40UP\ice40_nano\ws\ice40_nano/src/bsp/driver/uart" -std=gnu11 --specs=picolibc.specs -DPICOLIBC_INTEGER_PRINTF_SCANF -MMD -MP -MF"src/bsp/reg_test.d" -MT"src/bsp/reg_test.o" -c -o "src/bsp/reg_test.o" "../src/bsp/reg_test.c"
Finished building: ../src/bsp/reg_test.c
 
Building file: ../src/main.c
Invoking: GNU RISC-V Cross C Compiler
riscv-none-embed-gcc -march=rv32i -mabi=ilp32 -msmall-data-limit=8 -mno-save-restore -O0 -fmessage-length=0 -fsigned-char -ffunction-sections -fdata-sections  -g3 -DLSCC_STDIO_UART_APB -I"O:\src\Propel\iCE40UP\ice40_nano\ws\ice40_nano/src" -I"O:\src\Propel\iCE40UP\ice40_nano\ws\ice40_nano/src/bsp" -I"O:\src\Propel\iCE40UP\ice40_nano\ws\ice40_nano/src/bsp/driver" -I"O:\src\Propel\iCE40UP\ice40_nano\ws\ice40_nano/src/bsp/driver/gpio" -I"O:\src\Propel\iCE40UP\ice40_nano\ws\ice40_nano/src/bsp/driver/riscv_nano" -I"O:\src\Propel\iCE40UP\ice40_nano\ws\ice40_nano/src/bsp/driver/uart" -std=gnu11 --specs=picolibc.specs -DPICOLIBC_INTEGER_PRINTF_SCANF -MMD -MP -MF"src/main.d" -MT"src/main.o" -c -o "src/main.o" "../src/main.c"
../src/main.c: In function 'main':
../src/main.c:130:2: warning: implicit declaration of function 'uart_puts'; did you mean 'uart_putc'? [-Wimplicit-function-declaration]
  130 |  uart_puts(&uart_core_uart, "Started!\nHello RISC-V world!\n");
      |  ^~~~~~~~~
      |  uart_putc
Finished building: ../src/main.c
 
Building file: ../src/utils.c
Invoking: GNU RISC-V Cross C Compiler
riscv-none-embed-gcc -march=rv32i -mabi=ilp32 -msmall-data-limit=8 -mno-save-restore -O0 -fmessage-length=0 -fsigned-char -ffunction-sections -fdata-sections  -g3 -DLSCC_STDIO_UART_APB -I"O:\src\Propel\iCE40UP\ice40_nano\ws\ice40_nano/src" -I"O:\src\Propel\iCE40UP\ice40_nano\ws\ice40_nano/src/bsp" -I"O:\src\Propel\iCE40UP\ice40_nano\ws\ice40_nano/src/bsp/driver" -I"O:\src\Propel\iCE40UP\ice40_nano\ws\ice40_nano/src/bsp/driver/gpio" -I"O:\src\Propel\iCE40UP\ice40_nano\ws\ice40_nano/src/bsp/driver/riscv_nano" -I"O:\src\Propel\iCE40UP\ice40_nano\ws\ice40_nano/src/bsp/driver/uart" -std=gnu11 --specs=picolibc.specs -DPICOLIBC_INTEGER_PRINTF_SCANF -MMD -MP -MF"src/utils.d" -MT"src/utils.o" -c -o "src/utils.o" "../src/utils.c"
Finished building: ../src/utils.c
 
Building target: ice40_nano.elf
Invoking: GNU RISC-V Cross C Linker
riscv-none-embed-gcc -march=rv32i -mabi=ilp32 -msmall-data-limit=8 -mno-save-restore -O0 -fmessage-length=0 -fsigned-char -ffunction-sections -fdata-sections  -g3 -T "O:/src/Propel/iCE40UP/ice40_nano/ws/ice40_nano/src/linker.ld" -nostartfiles -Xlinker --gc-sections -Wl,-Map,"ice40_nano.map" --specs=picolibc.specs -DPICOLIBC_INTEGER_PRINTF_SCANF -o "ice40_nano.elf"  ./src/bsp/driver/uart/uart.o  ./src/bsp/driver/riscv_nano/crt0.o ./src/bsp/driver/riscv_nano/exit.o ./src/bsp/driver/riscv_nano/interrupt.o ./src/bsp/driver/riscv_nano/iob.o ./src/bsp/driver/riscv_nano/pic.o ./src/bsp/driver/riscv_nano/reg_access.o ./src/bsp/driver/riscv_nano/util.o  ./src/bsp/driver/gpio/gpio.o  ./src/bsp/reg_test.o  ./src/main.o ./src/utils.o   
Finished building target: ice40_nano.elf
 
Invoking: GNU RISC-V Cross Create Listing
riscv-none-embed-objdump --source --all-headers --demangle --line-numbers --wide "ice40_nano.elf" > "ice40_nano.lst"
Finished building: ice40_nano.lst
 
Invoking: GNU RISC-V Cross Print Size
riscv-none-embed-size --format=berkeley "ice40_nano.elf"
   text	   data	    bss	    dec	    hex	filename
   3280	     24	   3128	   6432	   1920	ice40_nano.elf
Finished building: ice40_nano.siz
 
Invoking: Lattice Multi Memory Deployment (CODE SEGMENT)
riscv-none-embed-objcopy -O binary --gap-fill 0 -j .text -j .ctors -j .dtors "ice40_nano.elf" tmp; srec_cat tmp -Binary -byte-swap 4 -DISable Header -Output "ice40_nano_Code.mem" -MEM 32
Finished building: ice40_nano_Code.mem
 
Invoking: Lattice Multi Memory Deployment (DATA SEGMENT)
riscv-none-embed-objcopy -O binary --gap-fill 0 -j .rodata -j .data -j .bss "ice40_nano.elf" tmp; srec_cat tmp -Binary -byte-swap 4 -DISable Header -Output "ice40_nano_Data.mem" -MEM 32
Finished building: ice40_nano_Data.mem
 
18:23:47 **** Incremental Build of configuration Debug for project ice40_nano ****
make all 
Building file: ../src/bsp/driver/uart/uart.c
Invoking: GNU RISC-V Cross C Compiler
riscv-none-embed-gcc -march=rv32i -mabi=ilp32 -msmall-data-limit=8 -mno-save-restore -O0 -fmessage-length=0 -fsigned-char -ffunction-sections -fdata-sections  -g3 -DLSCC_STDIO_UART_APB -I"O:\src\Propel\iCE40UP\ice40_nano\ws\ice40_nano/src" -I"O:\src\Propel\iCE40UP\ice40_nano\ws\ice40_nano/src/bsp" -I"O:\src\Propel\iCE40UP\ice40_nano\ws\ice40_nano/src/bsp/driver" -I"O:\src\Propel\iCE40UP\ice40_nano\ws\ice40_nano/src/bsp/driver/gpio" -I"O:\src\Propel\iCE40UP\ice40_nano\ws\ice40_nano/src/bsp/driver/riscv_nano" -I"O:\src\Propel\iCE40UP\ice40_nano\ws\ice40_nano/src/bsp/driver/uart" -std=gnu11 --specs=picolibc.specs -DPICOLIBC_INTEGER_PRINTF_SCANF -MMD -MP -MF"src/bsp/driver/uart/uart.d" -MT"src/bsp/driver/uart/uart.o" -c -o "src/bsp/driver/uart/uart.o" "../src/bsp/driver/uart/uart.c"
Finished building: ../src/bsp/driver/uart/uart.c
 
Building file: ../src/main.c
Invoking: GNU RISC-V Cross C Compiler
riscv-none-embed-gcc -march=rv32i -mabi=ilp32 -msmall-data-limit=8 -mno-save-restore -O0 -fmessage-length=0 -fsigned-char -ffunction-sections -fdata-sections  -g3 -DLSCC_STDIO_UART_APB -I"O:\src\Propel\iCE40UP\ice40_nano\ws\ice40_nano/src" -I"O:\src\Propel\iCE40UP\ice40_nano\ws\ice40_nano/src/bsp" -I"O:\src\Propel\iCE40UP\ice40_nano\ws\ice40_nano/src/bsp/driver" -I"O:\src\Propel\iCE40UP\ice40_nano\ws\ice40_nano/src/bsp/driver/gpio" -I"O:\src\Propel\iCE40UP\ice40_nano\ws\ice40_nano/src/bsp/driver/riscv_nano" -I"O:\src\Propel\iCE40UP\ice40_nano\ws\ice40_nano/src/bsp/driver/uart" -std=gnu11 --specs=picolibc.specs -DPICOLIBC_INTEGER_PRINTF_SCANF -MMD -MP -MF"src/main.d" -MT"src/main.o" -c -o "src/main.o" "../src/main.c"
Finished building: ../src/main.c
 
Building target: ice40_nano.elf
Invoking: GNU RISC-V Cross C Linker
riscv-none-embed-gcc -march=rv32i -mabi=ilp32 -msmall-data-limit=8 -mno-save-restore -O0 -fmessage-length=0 -fsigned-char -ffunction-sections -fdata-sections  -g3 -T "O:/src/Propel/iCE40UP/ice40_nano/ws/ice40_nano/src/linker.ld" -nostartfiles -Xlinker --gc-sections -Wl,-Map,"ice40_nano.map" --specs=picolibc.specs -DPICOLIBC_INTEGER_PRINTF_SCANF -o "ice40_nano.elf"  ./src/bsp/driver/uart/uart.o  ./src/bsp/driver/riscv_nano/crt0.o ./src/bsp/driver/riscv_nano/exit.o ./src/bsp/driver/riscv_nano/interrupt.o ./src/bsp/driver/riscv_nano/iob.o ./src/bsp/driver/riscv_nano/pic.o ./src/bsp/driver/riscv_nano/reg_access.o ./src/bsp/driver/riscv_nano/util.o  ./src/bsp/driver/gpio/gpio.o  ./src/bsp/reg_test.o  ./src/main.o ./src/utils.o   
Finished building target: ice40_nano.elf
 
Invoking: GNU RISC-V Cross Create Listing
riscv-none-embed-objdump --source --all-headers --demangle --line-numbers --wide "ice40_nano.elf" > "ice40_nano.lst"
Finished building: ice40_nano.lst
 
Invoking: GNU RISC-V Cross Print Size
riscv-none-embed-size --format=berkeley "ice40_nano.elf"
   text	   data	    bss	    dec	    hex	filename
   3192	     24	   3048	   6264	   1878	ice40_nano.elf
Finished building: ice40_nano.siz
 
Invoking: Lattice Multi Memory Deployment (CODE SEGMENT)
riscv-none-embed-objcopy -O binary --gap-fill 0 -j .text -j .ctors -j .dtors "ice40_nano.elf" tmp; srec_cat tmp -Binary -byte-swap 4 -DISable Header -Output "ice40_nano_Code.mem" -MEM 32
Finished building: ice40_nano_Code.mem
 
Invoking: Lattice Multi Memory Deployment (DATA SEGMENT)
riscv-none-embed-objcopy -O binary --gap-fill 0 -j .rodata -j .data -j .bss "ice40_nano.elf" tmp; srec_cat tmp -Binary -byte-swap 4 -DISable Header -Output "ice40_nano_Data.mem" -MEM 32
Finished building: ice40_nano_Data.mem
 
18:25:39 **** Incremental Build of configuration Debug for project ice40_nano ****
make all 
Building target: ice40_nano.elf
Invoking: GNU RISC-V Cross C Linker
riscv-none-embed-gcc -march=rv32i -mabi=ilp32 -msmall-data-limit=8 -mno-save-restore -O0 -fmessage-length=0 -fsigned-char -ffunction-sections -fdata-sections  -g3 -T "O:/src/Propel/iCE40UP/ice40_nano/ws/ice40_nano/src/linker.ld" -nostartfiles -Xlinker --gc-sections -Wl,-Map,"ice40_nano.map" --specs=picolibc.specs -DPICOLIBC_INTEGER_PRINTF_SCANF -o "ice40_nano.elf"  ./src/bsp/driver/uart/uart.o  ./src/bsp/driver/riscv_nano/crt0.o ./src/bsp/driver/riscv_nano/exit.o ./src/bsp/driver/riscv_nano/interrupt.o ./src/bsp/driver/riscv_nano/iob.o ./src/bsp/driver/riscv_nano/pic.o ./src/bsp/driver/riscv_nano/reg_access.o ./src/bsp/driver/riscv_nano/util.o  ./src/bsp/driver/gpio/gpio.o  ./src/bsp/reg_test.o  ./src/main.o ./src/utils.o   
Finished building target: ice40_nano.elf
 
Invoking: GNU RISC-V Cross Create Listing
riscv-none-embed-objdump --source --all-headers --demangle --line-numbers --wide "ice40_nano.elf" > "ice40_nano.lst"
Finished building: ice40_nano.lst
 
Invoking: GNU RISC-V Cross Print Size
riscv-none-embed-size --format=berkeley "ice40_nano.elf"
   text	   data	    bss	    dec	    hex	filename
   3192	     24	   3048	   6264	   1878	ice40_nano.elf
Finished building: ice40_nano.siz
 
Invoking: Lattice Multi Memory Deployment (CODE SEGMENT)
riscv-none-embed-objcopy -O binary --gap-fill 0 -j .text -j .ctors -j .dtors "ice40_nano.elf" tmp; srec_cat tmp -Binary -byte-swap 4 -DISable Header -Output "ice40_nano_Code.mem" -MEM 32
Finished building: ice40_nano_Code.mem
 
Invoking: Lattice Multi Memory Deployment (DATA SEGMENT)
riscv-none-embed-objcopy -O binary --gap-fill 0 -j .rodata -j .data -j .bss "ice40_nano.elf" tmp; srec_cat tmp -Binary -byte-swap 4 -DISable Header -Output "ice40_nano_Data.mem" -MEM 32
Finished building: ice40_nano_Data.mem
 
Dump
riscv-none-embed-objdump -Dxr "ice40_nano.elf" > ice40_nano.dump
 
19:38:08 **** Incremental Build of configuration Debug for project ice40_nano ****
make all 
Building file: ../src/bsp/driver/uart/uart.c
Invoking: GNU RISC-V Cross C Compiler
riscv-none-embed-gcc -march=rv32i -mabi=ilp32 -msmall-data-limit=8 -mno-save-restore -O0 -fmessage-length=0 -fsigned-char -ffunction-sections -fdata-sections  -g3 -DLSCC_STDIO_UART_APB -I"O:\src\Propel\iCE40UP\ice40_nano\ws\ice40_nano/src" -I"O:\src\Propel\iCE40UP\ice40_nano\ws\ice40_nano/src/bsp" -I"O:\src\Propel\iCE40UP\ice40_nano\ws\ice40_nano/src/bsp/driver" -I"O:\src\Propel\iCE40UP\ice40_nano\ws\ice40_nano/src/bsp/driver/gpio" -I"O:\src\Propel\iCE40UP\ice40_nano\ws\ice40_nano/src/bsp/driver/riscv_nano" -I"O:\src\Propel\iCE40UP\ice40_nano\ws\ice40_nano/src/bsp/driver/uart" -std=gnu11 --specs=picolibc.specs -DPICOLIBC_INTEGER_PRINTF_SCANF -MMD -MP -MF"src/bsp/driver/uart/uart.d" -MT"src/bsp/driver/uart/uart.o" -c -o "src/bsp/driver/uart/uart.o" "../src/bsp/driver/uart/uart.c"
Finished building: ../src/bsp/driver/uart/uart.c
 
Building file: ../src/main.c
Invoking: GNU RISC-V Cross C Compiler
riscv-none-embed-gcc -march=rv32i -mabi=ilp32 -msmall-data-limit=8 -mno-save-restore -O0 -fmessage-length=0 -fsigned-char -ffunction-sections -fdata-sections  -g3 -DLSCC_STDIO_UART_APB -I"O:\src\Propel\iCE40UP\ice40_nano\ws\ice40_nano/src" -I"O:\src\Propel\iCE40UP\ice40_nano\ws\ice40_nano/src/bsp" -I"O:\src\Propel\iCE40UP\ice40_nano\ws\ice40_nano/src/bsp/driver" -I"O:\src\Propel\iCE40UP\ice40_nano\ws\ice40_nano/src/bsp/driver/gpio" -I"O:\src\Propel\iCE40UP\ice40_nano\ws\ice40_nano/src/bsp/driver/riscv_nano" -I"O:\src\Propel\iCE40UP\ice40_nano\ws\ice40_nano/src/bsp/driver/uart" -std=gnu11 --specs=picolibc.specs -DPICOLIBC_INTEGER_PRINTF_SCANF -MMD -MP -MF"src/main.d" -MT"src/main.o" -c -o "src/main.o" "../src/main.c"
Finished building: ../src/main.c
 
Building target: ice40_nano.elf
Invoking: GNU RISC-V Cross C Linker
riscv-none-embed-gcc -march=rv32i -mabi=ilp32 -msmall-data-limit=8 -mno-save-restore -O0 -fmessage-length=0 -fsigned-char -ffunction-sections -fdata-sections  -g3 -T "O:/src/Propel/iCE40UP/ice40_nano/ws/ice40_nano/src/linker.ld" -nostartfiles -Xlinker --gc-sections -Wl,-Map,"ice40_nano.map" --specs=picolibc.specs -DPICOLIBC_INTEGER_PRINTF_SCANF -o "ice40_nano.elf"  ./src/bsp/driver/uart/uart.o  ./src/bsp/driver/riscv_nano/crt0.o ./src/bsp/driver/riscv_nano/exit.o ./src/bsp/driver/riscv_nano/interrupt.o ./src/bsp/driver/riscv_nano/iob.o ./src/bsp/driver/riscv_nano/pic.o ./src/bsp/driver/riscv_nano/reg_access.o ./src/bsp/driver/riscv_nano/util.o  ./src/bsp/driver/gpio/gpio.o  ./src/bsp/reg_test.o  ./src/main.o ./src/utils.o   
Finished building target: ice40_nano.elf
 
Invoking: GNU RISC-V Cross Create Listing
riscv-none-embed-objdump --source --all-headers --demangle --line-numbers --wide "ice40_nano.elf" > "ice40_nano.lst"
Finished building: ice40_nano.lst
 
Invoking: GNU RISC-V Cross Print Size
riscv-none-embed-size --format=berkeley "ice40_nano.elf"
   text	   data	    bss	    dec	    hex	filename
   5688	     24	   3048	   8760	   2238	ice40_nano.elf
Finished building: ice40_nano.siz
 
Invoking: Lattice Multi Memory Deployment (CODE SEGMENT)
riscv-none-embed-objcopy -O binary --gap-fill 0 -j .text -j .ctors -j .dtors "ice40_nano.elf" tmp; srec_cat tmp -Binary -byte-swap 4 -DISable Header -Output "ice40_nano_Code.mem" -MEM 32
Finished building: ice40_nano_Code.mem
 
Invoking: Lattice Multi Memory Deployment (DATA SEGMENT)
riscv-none-embed-objcopy -O binary --gap-fill 0 -j .rodata -j .data -j .bss "ice40_nano.elf" tmp; srec_cat tmp -Binary -byte-swap 4 -DISable Header -Output "ice40_nano_Data.mem" -MEM 32
Finished building: ice40_nano_Data.mem
 
Dump
riscv-none-embed-objdump -Dxr "ice40_nano.elf" > ice40_nano.dump
 
08:29:28 **** Incremental Build of configuration Debug for project ice40_nano ****
make all 
Building file: ../src/main.c
Invoking: GNU RISC-V Cross C Compiler
riscv-none-embed-gcc -march=rv32i -mabi=ilp32 -msmall-data-limit=8 -mno-save-restore -O0 -fmessage-length=0 -fsigned-char -ffunction-sections -fdata-sections  -g3 -DLSCC_STDIO_UART_APB -I"O:\src\Propel\iCE40UP\ice40_nano\ws\ice40_nano/src" -I"O:\src\Propel\iCE40UP\ice40_nano\ws\ice40_nano/src/bsp" -I"O:\src\Propel\iCE40UP\ice40_nano\ws\ice40_nano/src/bsp/driver" -I"O:\src\Propel\iCE40UP\ice40_nano\ws\ice40_nano/src/bsp/driver/gpio" -I"O:\src\Propel\iCE40UP\ice40_nano\ws\ice40_nano/src/bsp/driver/riscv_nano" -I"O:\src\Propel\iCE40UP\ice40_nano\ws\ice40_nano/src/bsp/driver/uart" -std=gnu11 --specs=picolibc.specs -DPICOLIBC_INTEGER_PRINTF_SCANF -MMD -MP -MF"src/main.d" -MT"src/main.o" -c -o "src/main.o" "../src/main.c"
Finished building: ../src/main.c
 
Building target: ice40_nano.elf
Invoking: GNU RISC-V Cross C Linker
riscv-none-embed-gcc -march=rv32i -mabi=ilp32 -msmall-data-limit=8 -mno-save-restore -O0 -fmessage-length=0 -fsigned-char -ffunction-sections -fdata-sections  -g3 -T "O:/src/Propel/iCE40UP/ice40_nano/ws/ice40_nano/src/linker.ld" -nostartfiles -Xlinker --gc-sections -Wl,-Map,"ice40_nano.map" --specs=picolibc.specs -DPICOLIBC_INTEGER_PRINTF_SCANF -o "ice40_nano.elf"  ./src/bsp/driver/uart/uart.o  ./src/bsp/driver/riscv_nano/crt0.o ./src/bsp/driver/riscv_nano/exit.o ./src/bsp/driver/riscv_nano/interrupt.o ./src/bsp/driver/riscv_nano/iob.o ./src/bsp/driver/riscv_nano/pic.o ./src/bsp/driver/riscv_nano/reg_access.o ./src/bsp/driver/riscv_nano/util.o  ./src/bsp/driver/gpio/gpio.o  ./src/bsp/reg_test.o  ./src/main.o ./src/utils.o   
Finished building target: ice40_nano.elf
 
Invoking: GNU RISC-V Cross Create Listing
riscv-none-embed-objdump --source --all-headers --demangle --line-numbers --wide "ice40_nano.elf" > "ice40_nano.lst"
Finished building: ice40_nano.lst
 
Invoking: GNU RISC-V Cross Print Size
riscv-none-embed-size --format=berkeley "ice40_nano.elf"
   text	   data	    bss	    dec	    hex	filename
   5688	     24	   3048	   8760	   2238	ice40_nano.elf
Finished building: ice40_nano.siz
 
Invoking: Lattice Multi Memory Deployment (CODE SEGMENT)
riscv-none-embed-objcopy -O binary --gap-fill 0 -j .text -j .ctors -j .dtors "ice40_nano.elf" tmp; srec_cat tmp -Binary -byte-swap 4 -DISable Header -Output "ice40_nano_Code.mem" -MEM 32
Finished building: ice40_nano_Code.mem
 
Invoking: Lattice Multi Memory Deployment (DATA SEGMENT)
riscv-none-embed-objcopy -O binary --gap-fill 0 -j .rodata -j .data -j .bss "ice40_nano.elf" tmp; srec_cat tmp -Binary -byte-swap 4 -DISable Header -Output "ice40_nano_Data.mem" -MEM 32
Finished building: ice40_nano_Data.mem
 
copy mem files
cp_code_mem.bat

O:\src\Propel\iCE40UP\ice40_nano\ws\ice40_nano\Debug>copy /y ice40_nano_Code.mem ..\..\..\tb  
        1 file(s) copied.
 
09:05:13 **** Incremental Build of configuration Debug for project ice40_nano ****
make all 
Building file: ../src/bsp/driver/uart/uart.c
Invoking: GNU RISC-V Cross C Compiler
riscv-none-embed-gcc -march=rv32i -mabi=ilp32 -msmall-data-limit=8 -mno-save-restore -O0 -fmessage-length=0 -fsigned-char -ffunction-sections -fdata-sections  -g3 -DLSCC_STDIO_UART_APB -I"O:\src\Propel\iCE40UP\ice40_nano\ws\ice40_nano/src" -I"O:\src\Propel\iCE40UP\ice40_nano\ws\ice40_nano/src/bsp" -I"O:\src\Propel\iCE40UP\ice40_nano\ws\ice40_nano/src/bsp/driver" -I"O:\src\Propel\iCE40UP\ice40_nano\ws\ice40_nano/src/bsp/driver/gpio" -I"O:\src\Propel\iCE40UP\ice40_nano\ws\ice40_nano/src/bsp/driver/riscv_nano" -I"O:\src\Propel\iCE40UP\ice40_nano\ws\ice40_nano/src/bsp/driver/uart" -std=gnu11 --specs=picolibc.specs -DPICOLIBC_INTEGER_PRINTF_SCANF -MMD -MP -MF"src/bsp/driver/uart/uart.d" -MT"src/bsp/driver/uart/uart.o" -c -o "src/bsp/driver/uart/uart.o" "../src/bsp/driver/uart/uart.c"
Finished building: ../src/bsp/driver/uart/uart.c
 
Building file: ../src/main.c
Invoking: GNU RISC-V Cross C Compiler
riscv-none-embed-gcc -march=rv32i -mabi=ilp32 -msmall-data-limit=8 -mno-save-restore -O0 -fmessage-length=0 -fsigned-char -ffunction-sections -fdata-sections  -g3 -DLSCC_STDIO_UART_APB -I"O:\src\Propel\iCE40UP\ice40_nano\ws\ice40_nano/src" -I"O:\src\Propel\iCE40UP\ice40_nano\ws\ice40_nano/src/bsp" -I"O:\src\Propel\iCE40UP\ice40_nano\ws\ice40_nano/src/bsp/driver" -I"O:\src\Propel\iCE40UP\ice40_nano\ws\ice40_nano/src/bsp/driver/gpio" -I"O:\src\Propel\iCE40UP\ice40_nano\ws\ice40_nano/src/bsp/driver/riscv_nano" -I"O:\src\Propel\iCE40UP\ice40_nano\ws\ice40_nano/src/bsp/driver/uart" -std=gnu11 --specs=picolibc.specs -DPICOLIBC_INTEGER_PRINTF_SCANF -MMD -MP -MF"src/main.d" -MT"src/main.o" -c -o "src/main.o" "../src/main.c"
Finished building: ../src/main.c
 
Building target: ice40_nano.elf
Invoking: GNU RISC-V Cross C Linker
riscv-none-embed-gcc -march=rv32i -mabi=ilp32 -msmall-data-limit=8 -mno-save-restore -O0 -fmessage-length=0 -fsigned-char -ffunction-sections -fdata-sections  -g3 -T "O:/src/Propel/iCE40UP/ice40_nano/ws/ice40_nano/src/linker.ld" -nostartfiles -Xlinker --gc-sections -Wl,-Map,"ice40_nano.map" --specs=picolibc.specs -DPICOLIBC_INTEGER_PRINTF_SCANF -o "ice40_nano.elf"  ./src/bsp/driver/uart/uart.o  ./src/bsp/driver/riscv_nano/crt0.o ./src/bsp/driver/riscv_nano/exit.o ./src/bsp/driver/riscv_nano/interrupt.o ./src/bsp/driver/riscv_nano/iob.o ./src/bsp/driver/riscv_nano/pic.o ./src/bsp/driver/riscv_nano/reg_access.o ./src/bsp/driver/riscv_nano/util.o  ./src/bsp/driver/gpio/gpio.o  ./src/bsp/reg_test.o  ./src/main.o ./src/utils.o   
Finished building target: ice40_nano.elf
 
Invoking: GNU RISC-V Cross Create Listing
riscv-none-embed-objdump --source --all-headers --demangle --line-numbers --wide "ice40_nano.elf" > "ice40_nano.lst"
Finished building: ice40_nano.lst
 
Invoking: GNU RISC-V Cross Print Size
riscv-none-embed-size --format=berkeley "ice40_nano.elf"
   text	   data	    bss	    dec	    hex	filename
   5688	     24	   3048	   8760	   2238	ice40_nano.elf
Finished building: ice40_nano.siz
 
Invoking: Lattice Multi Memory Deployment (CODE SEGMENT)
riscv-none-embed-objcopy -O binary --gap-fill 0 -j .text -j .ctors -j .dtors "ice40_nano.elf" tmp; srec_cat tmp -Binary -byte-swap 4 -DISable Header -Output "ice40_nano_Code.mem" -MEM 32
Finished building: ice40_nano_Code.mem
 
Invoking: Lattice Multi Memory Deployment (DATA SEGMENT)
riscv-none-embed-objcopy -O binary --gap-fill 0 -j .rodata -j .data -j .bss "ice40_nano.elf" tmp; srec_cat tmp -Binary -byte-swap 4 -DISable Header -Output "ice40_nano_Data.mem" -MEM 32
Finished building: ice40_nano_Data.mem
 
post build
post_build.bat

O:\src\Propel\iCE40UP\ice40_nano\ws\ice40_nano\Debug>copy /y ice40_nano_Code.mem ..\..\..\tb  
        1 file(s) copied.

O:\src\Propel\iCE40UP\ice40_nano\ws\ice40_nano\Debug>python mem2bin.py ice40_nano_Code.mem ice40_nano_Code.bin -be 

O:\src\Propel\iCE40UP\ice40_nano\ws\ice40_nano\Debug>python mem2bin.py ice40_nano_Data.mem ice40_nano_Data.bin -be 
 
10:49:10 **** Incremental Build of configuration Debug for project ice40_nano ****
make all 
Building file: ../src/bsp/driver/uart/uart.c
Invoking: GNU RISC-V Cross C Compiler
riscv-none-embed-gcc -march=rv32i -mabi=ilp32 -msmall-data-limit=8 -mno-save-restore -O0 -fmessage-length=0 -fsigned-char -ffunction-sections -fdata-sections  -g3 -DLSCC_STDIO_UART_APB -I"O:\src\Propel\iCE40UP\ice40_nano\ws\ice40_nano/src" -I"O:\src\Propel\iCE40UP\ice40_nano\ws\ice40_nano/src/bsp" -I"O:\src\Propel\iCE40UP\ice40_nano\ws\ice40_nano/src/bsp/driver" -I"O:\src\Propel\iCE40UP\ice40_nano\ws\ice40_nano/src/bsp/driver/gpio" -I"O:\src\Propel\iCE40UP\ice40_nano\ws\ice40_nano/src/bsp/driver/riscv_nano" -I"O:\src\Propel\iCE40UP\ice40_nano\ws\ice40_nano/src/bsp/driver/uart" -std=gnu11 --specs=picolibc.specs -DPICOLIBC_INTEGER_PRINTF_SCANF -MMD -MP -MF"src/bsp/driver/uart/uart.d" -MT"src/bsp/driver/uart/uart.o" -c -o "src/bsp/driver/uart/uart.o" "../src/bsp/driver/uart/uart.c"
In file included from ../src/bsp/driver/uart/uart.c:53:
O:\src\Propel\iCE40UP\ice40_nano\ws\ice40_nano/src/bsp/sys_platform.h:79: warning: "TIMER_INST_BASE_ADDR" redefined
   79 | #define TIMER_INST_BASE_ADDR UART0_INST_BASE_ADDR
      | 
O:\src\Propel\iCE40UP\ice40_nano\ws\ice40_nano/src/bsp/sys_platform.h:78: note: this is the location of the previous definition
   78 | #define TIMER_INST_BASE_ADDR 0x30000
      | 
Finished building: ../src/bsp/driver/uart/uart.c
 
Building file: ../src/bsp/driver/timer/timer.c
Invoking: GNU RISC-V Cross C Compiler
riscv-none-embed-gcc -march=rv32i -mabi=ilp32 -msmall-data-limit=8 -mno-save-restore -O0 -fmessage-length=0 -fsigned-char -ffunction-sections -fdata-sections  -g3 -DLSCC_STDIO_UART_APB -I"O:\src\Propel\iCE40UP\ice40_nano\ws\ice40_nano/src" -I"O:\src\Propel\iCE40UP\ice40_nano\ws\ice40_nano/src/bsp" -I"O:\src\Propel\iCE40UP\ice40_nano\ws\ice40_nano/src/bsp/driver" -I"O:\src\Propel\iCE40UP\ice40_nano\ws\ice40_nano/src/bsp/driver/gpio" -I"O:\src\Propel\iCE40UP\ice40_nano\ws\ice40_nano/src/bsp/driver/riscv_nano" -I"O:\src\Propel\iCE40UP\ice40_nano\ws\ice40_nano/src/bsp/driver/uart" -std=gnu11 --specs=picolibc.specs -DPICOLIBC_INTEGER_PRINTF_SCANF -MMD -MP -MF"src/bsp/driver/timer/timer.d" -MT"src/bsp/driver/timer/timer.o" -c -o "src/bsp/driver/timer/timer.o" "../src/bsp/driver/timer/timer.c"
../src/bsp/driver/timer/timer.c: In function 'timer_isr':
../src/bsp/driver/timer/timer.c:22:3: warning: implicit declaration of function 'func_time0'; did you mean 'func_timer0'? [-Wimplicit-function-declaration]
   22 |   func_time0();
      |   ^~~~~~~~~~
      |   func_timer0
../src/bsp/driver/timer/timer.c:25:3: warning: implicit declaration of function 'func_time1'; did you mean 'func_timer1'? [-Wimplicit-function-declaration]
   25 |   func_time1();
      |   ^~~~~~~~~~
      |   func_timer1
../src/bsp/driver/timer/timer.c:28:3: warning: implicit declaration of function 'func_time2'; did you mean 'func_timer2'? [-Wimplicit-function-declaration]
   28 |   func_time2();
      |   ^~~~~~~~~~
      |   func_timer2
../src/bsp/driver/timer/timer.c:31:3: warning: implicit declaration of function 'func_time3'; did you mean 'func_timer3'? [-Wimplicit-function-declaration]
   31 |   func_time3();
      |   ^~~~~~~~~~
      |   func_timer3
../src/bsp/driver/timer/timer.c: In function 'timer_init':
../src/bsp/driver/timer/timer.c:45:5: error: 'base' undeclared (first use in this function)
   45 |  if(base < 0x21000){
      |     ^~~~
../src/bsp/driver/timer/timer.c:45:5: note: each undeclared identifier is reported only once for each function it appears in
make[1]: *** [src/bsp/driver/timer/subdir.mk:20: src/bsp/driver/timer/timer.o] Error 1
make: *** [makefile:61: all] Error 2
"make all" terminated with exit code 2. Build might be incomplete.
10:52:04 **** Incremental Build of configuration Debug for project ice40_nano ****
make all 
Building file: ../src/bsp/driver/uart/uart.c
Invoking: GNU RISC-V Cross C Compiler
riscv-none-embed-gcc -march=rv32i -mabi=ilp32 -msmall-data-limit=8 -mno-save-restore -O0 -fmessage-length=0 -fsigned-char -ffunction-sections -fdata-sections  -g3 -DLSCC_STDIO_UART_APB -I"O:\src\Propel\iCE40UP\ice40_nano\ws\ice40_nano/src" -I"O:\src\Propel\iCE40UP\ice40_nano\ws\ice40_nano/src/bsp" -I"O:\src\Propel\iCE40UP\ice40_nano\ws\ice40_nano/src/bsp/driver" -I"O:\src\Propel\iCE40UP\ice40_nano\ws\ice40_nano/src/bsp/driver/gpio" -I"O:\src\Propel\iCE40UP\ice40_nano\ws\ice40_nano/src/bsp/driver/riscv_nano" -I"O:\src\Propel\iCE40UP\ice40_nano\ws\ice40_nano/src/bsp/driver/uart" -std=gnu11 --specs=picolibc.specs -DPICOLIBC_INTEGER_PRINTF_SCANF -MMD -MP -MF"src/bsp/driver/uart/uart.d" -MT"src/bsp/driver/uart/uart.o" -c -o "src/bsp/driver/uart/uart.o" "../src/bsp/driver/uart/uart.c"
Finished building: ../src/bsp/driver/uart/uart.c
 
Building file: ../src/bsp/driver/timer/timer.c
Invoking: GNU RISC-V Cross C Compiler
riscv-none-embed-gcc -march=rv32i -mabi=ilp32 -msmall-data-limit=8 -mno-save-restore -O0 -fmessage-length=0 -fsigned-char -ffunction-sections -fdata-sections  -g3 -DLSCC_STDIO_UART_APB -I"O:\src\Propel\iCE40UP\ice40_nano\ws\ice40_nano/src" -I"O:\src\Propel\iCE40UP\ice40_nano\ws\ice40_nano/src/bsp" -I"O:\src\Propel\iCE40UP\ice40_nano\ws\ice40_nano/src/bsp/driver" -I"O:\src\Propel\iCE40UP\ice40_nano\ws\ice40_nano/src/bsp/driver/gpio" -I"O:\src\Propel\iCE40UP\ice40_nano\ws\ice40_nano/src/bsp/driver/riscv_nano" -I"O:\src\Propel\iCE40UP\ice40_nano\ws\ice40_nano/src/bsp/driver/uart" -std=gnu11 --specs=picolibc.specs -DPICOLIBC_INTEGER_PRINTF_SCANF -MMD -MP -MF"src/bsp/driver/timer/timer.d" -MT"src/bsp/driver/timer/timer.o" -c -o "src/bsp/driver/timer/timer.o" "../src/bsp/driver/timer/timer.c"
../src/bsp/driver/timer/timer.c: In function 'timer_isr':
../src/bsp/driver/timer/timer.c:22:3: warning: implicit declaration of function 'func_time0'; did you mean 'func_timer0'? [-Wimplicit-function-declaration]
   22 |   func_time0();
      |   ^~~~~~~~~~
      |   func_timer0
../src/bsp/driver/timer/timer.c:25:3: warning: implicit declaration of function 'func_time1'; did you mean 'func_timer1'? [-Wimplicit-function-declaration]
   25 |   func_time1();
      |   ^~~~~~~~~~
      |   func_timer1
../src/bsp/driver/timer/timer.c:28:3: warning: implicit declaration of function 'func_time2'; did you mean 'func_timer2'? [-Wimplicit-function-declaration]
   28 |   func_time2();
      |   ^~~~~~~~~~
      |   func_timer2
../src/bsp/driver/timer/timer.c:31:3: warning: implicit declaration of function 'func_time3'; did you mean 'func_timer3'? [-Wimplicit-function-declaration]
   31 |   func_time3();
      |   ^~~~~~~~~~
      |   func_timer3
../src/bsp/driver/timer/timer.c: In function 'timer_init':
../src/bsp/driver/timer/timer.c:45:5: error: 'base' undeclared (first use in this function)
   45 |  if(base < 0x21000){
      |     ^~~~
../src/bsp/driver/timer/timer.c:45:5: note: each undeclared identifier is reported only once for each function it appears in
make[1]: *** [src/bsp/driver/timer/subdir.mk:20: src/bsp/driver/timer/timer.o] Error 1
make: *** [makefile:61: all] Error 2
"make all" terminated with exit code 2. Build might be incomplete.
10:52:40 **** Incremental Build of configuration Debug for project ice40_nano ****
make all 
Building file: ../src/bsp/driver/timer/timer.c
Invoking: GNU RISC-V Cross C Compiler
riscv-none-embed-gcc -march=rv32i -mabi=ilp32 -msmall-data-limit=8 -mno-save-restore -O0 -fmessage-length=0 -fsigned-char -ffunction-sections -fdata-sections  -g3 -DLSCC_STDIO_UART_APB -I"O:\src\Propel\iCE40UP\ice40_nano\ws\ice40_nano/src" -I"O:\src\Propel\iCE40UP\ice40_nano\ws\ice40_nano/src/bsp" -I"O:\src\Propel\iCE40UP\ice40_nano\ws\ice40_nano/src/bsp/driver" -I"O:\src\Propel\iCE40UP\ice40_nano\ws\ice40_nano/src/bsp/driver/gpio" -I"O:\src\Propel\iCE40UP\ice40_nano\ws\ice40_nano/src/bsp/driver/riscv_nano" -I"O:\src\Propel\iCE40UP\ice40_nano\ws\ice40_nano/src/bsp/driver/uart" -std=gnu11 --specs=picolibc.specs -DPICOLIBC_INTEGER_PRINTF_SCANF -MMD -MP -MF"src/bsp/driver/timer/timer.d" -MT"src/bsp/driver/timer/timer.o" -c -o "src/bsp/driver/timer/timer.o" "../src/bsp/driver/timer/timer.c"
Finished building: ../src/bsp/driver/timer/timer.c
 
Building file: ../src/bsp/driver/riscv_nano/interrupt.c
Invoking: GNU RISC-V Cross C Compiler
riscv-none-embed-gcc -march=rv32i -mabi=ilp32 -msmall-data-limit=8 -mno-save-restore -O0 -fmessage-length=0 -fsigned-char -ffunction-sections -fdata-sections  -g3 -DLSCC_STDIO_UART_APB -I"O:\src\Propel\iCE40UP\ice40_nano\ws\ice40_nano/src" -I"O:\src\Propel\iCE40UP\ice40_nano\ws\ice40_nano/src/bsp" -I"O:\src\Propel\iCE40UP\ice40_nano\ws\ice40_nano/src/bsp/driver" -I"O:\src\Propel\iCE40UP\ice40_nano\ws\ice40_nano/src/bsp/driver/gpio" -I"O:\src\Propel\iCE40UP\ice40_nano\ws\ice40_nano/src/bsp/driver/riscv_nano" -I"O:\src\Propel\iCE40UP\ice40_nano\ws\ice40_nano/src/bsp/driver/uart" -std=gnu11 --specs=picolibc.specs -DPICOLIBC_INTEGER_PRINTF_SCANF -MMD -MP -MF"src/bsp/driver/riscv_nano/interrupt.d" -MT"src/bsp/driver/riscv_nano/interrupt.o" -c -o "src/bsp/driver/riscv_nano/interrupt.o" "../src/bsp/driver/riscv_nano/interrupt.c"
Finished building: ../src/bsp/driver/riscv_nano/interrupt.c
 
Building file: ../src/bsp/driver/riscv_nano/pic.c
Invoking: GNU RISC-V Cross C Compiler
riscv-none-embed-gcc -march=rv32i -mabi=ilp32 -msmall-data-limit=8 -mno-save-restore -O0 -fmessage-length=0 -fsigned-char -ffunction-sections -fdata-sections  -g3 -DLSCC_STDIO_UART_APB -I"O:\src\Propel\iCE40UP\ice40_nano\ws\ice40_nano/src" -I"O:\src\Propel\iCE40UP\ice40_nano\ws\ice40_nano/src/bsp" -I"O:\src\Propel\iCE40UP\ice40_nano\ws\ice40_nano/src/bsp/driver" -I"O:\src\Propel\iCE40UP\ice40_nano\ws\ice40_nano/src/bsp/driver/gpio" -I"O:\src\Propel\iCE40UP\ice40_nano\ws\ice40_nano/src/bsp/driver/riscv_nano" -I"O:\src\Propel\iCE40UP\ice40_nano\ws\ice40_nano/src/bsp/driver/uart" -std=gnu11 --specs=picolibc.specs -DPICOLIBC_INTEGER_PRINTF_SCANF -MMD -MP -MF"src/bsp/driver/riscv_nano/pic.d" -MT"src/bsp/driver/riscv_nano/pic.o" -c -o "src/bsp/driver/riscv_nano/pic.o" "../src/bsp/driver/riscv_nano/pic.c"
Finished building: ../src/bsp/driver/riscv_nano/pic.c
 
Building file: ../src/bsp/driver/gpio/gpio.c
Invoking: GNU RISC-V Cross C Compiler
riscv-none-embed-gcc -march=rv32i -mabi=ilp32 -msmall-data-limit=8 -mno-save-restore -O0 -fmessage-length=0 -fsigned-char -ffunction-sections -fdata-sections  -g3 -DLSCC_STDIO_UART_APB -I"O:\src\Propel\iCE40UP\ice40_nano\ws\ice40_nano/src" -I"O:\src\Propel\iCE40UP\ice40_nano\ws\ice40_nano/src/bsp" -I"O:\src\Propel\iCE40UP\ice40_nano\ws\ice40_nano/src/bsp/driver" -I"O:\src\Propel\iCE40UP\ice40_nano\ws\ice40_nano/src/bsp/driver/gpio" -I"O:\src\Propel\iCE40UP\ice40_nano\ws\ice40_nano/src/bsp/driver/riscv_nano" -I"O:\src\Propel\iCE40UP\ice40_nano\ws\ice40_nano/src/bsp/driver/uart" -std=gnu11 --specs=picolibc.specs -DPICOLIBC_INTEGER_PRINTF_SCANF -MMD -MP -MF"src/bsp/driver/gpio/gpio.d" -MT"src/bsp/driver/gpio/gpio.o" -c -o "src/bsp/driver/gpio/gpio.o" "../src/bsp/driver/gpio/gpio.c"
Finished building: ../src/bsp/driver/gpio/gpio.c
 
Building file: ../src/bsp/reg_test.c
Invoking: GNU RISC-V Cross C Compiler
riscv-none-embed-gcc -march=rv32i -mabi=ilp32 -msmall-data-limit=8 -mno-save-restore -O0 -fmessage-length=0 -fsigned-char -ffunction-sections -fdata-sections  -g3 -DLSCC_STDIO_UART_APB -I"O:\src\Propel\iCE40UP\ice40_nano\ws\ice40_nano/src" -I"O:\src\Propel\iCE40UP\ice40_nano\ws\ice40_nano/src/bsp" -I"O:\src\Propel\iCE40UP\ice40_nano\ws\ice40_nano/src/bsp/driver" -I"O:\src\Propel\iCE40UP\ice40_nano\ws\ice40_nano/src/bsp/driver/gpio" -I"O:\src\Propel\iCE40UP\ice40_nano\ws\ice40_nano/src/bsp/driver/riscv_nano" -I"O:\src\Propel\iCE40UP\ice40_nano\ws\ice40_nano/src/bsp/driver/uart" -std=gnu11 --specs=picolibc.specs -DPICOLIBC_INTEGER_PRINTF_SCANF -MMD -MP -MF"src/bsp/reg_test.d" -MT"src/bsp/reg_test.o" -c -o "src/bsp/reg_test.o" "../src/bsp/reg_test.c"
Finished building: ../src/bsp/reg_test.c
 
Building file: ../src/i2c_controller.c
Invoking: GNU RISC-V Cross C Compiler
riscv-none-embed-gcc -march=rv32i -mabi=ilp32 -msmall-data-limit=8 -mno-save-restore -O0 -fmessage-length=0 -fsigned-char -ffunction-sections -fdata-sections  -g3 -DLSCC_STDIO_UART_APB -I"O:\src\Propel\iCE40UP\ice40_nano\ws\ice40_nano/src" -I"O:\src\Propel\iCE40UP\ice40_nano\ws\ice40_nano/src/bsp" -I"O:\src\Propel\iCE40UP\ice40_nano\ws\ice40_nano/src/bsp/driver" -I"O:\src\Propel\iCE40UP\ice40_nano\ws\ice40_nano/src/bsp/driver/gpio" -I"O:\src\Propel\iCE40UP\ice40_nano\ws\ice40_nano/src/bsp/driver/riscv_nano" -I"O:\src\Propel\iCE40UP\ice40_nano\ws\ice40_nano/src/bsp/driver/uart" -std=gnu11 --specs=picolibc.specs -DPICOLIBC_INTEGER_PRINTF_SCANF -MMD -MP -MF"src/i2c_controller.d" -MT"src/i2c_controller.o" -c -o "src/i2c_controller.o" "../src/i2c_controller.c"
../src/i2c_controller.c: In function 'i2c_start':
../src/i2c_controller.c:20:5: warning: implicit declaration of function 'i2c_delay' [-Wimplicit-function-declaration]
   20 |     i2c_delay(10);
      |     ^~~~~~~~~
../src/i2c_controller.c: In function 'i2c_read_bit':
../src/i2c_controller.c:52:24: warning: passing argument 3 of 'gpio_input_get' from incompatible pointer type [-Wincompatible-pointer-types]
   52 |     gpio_read(SDA_PIN, &bit);
      |                        ^~~~
      |                        |
      |                        int *
../src/i2c_controller.c:11:62: note: in definition of macro 'gpio_read'
   11 | #define gpio_read(pin, val)  gpio_input_get(&gpio_inst, pin, val)
      |                                                              ^~~
In file included from ../src/i2c_controller.c:2:
O:\src\Propel\iCE40UP\ice40_nano\ws\ice40_nano/src/bsp/driver/gpio/gpio.h:130:27: note: expected 'uint16_t *' {aka 'short unsigned int *'} but argument is of type 'int *'
  130 |   uint16_t pin, uint16_t *data);
      |                 ~~~~~~~~~~^~~~
../src/i2c_controller.c: At top level:
../src/i2c_controller.c:75:13: warning: conflicting types for 'i2c_delay'
   75 | static void i2c_delay(int n) {
      |             ^~~~~~~~~
../src/i2c_controller.c:75:13: error: static declaration of 'i2c_delay' follows non-static declaration
../src/i2c_controller.c:20:5: note: previous implicit declaration of 'i2c_delay' was here
   20 |     i2c_delay(10);
      |     ^~~~~~~~~
../src/i2c_controller.c: In function 'i2c_write':
../src/i2c_controller.c:82:19: error: 'val' redeclared as different kind of symbol
   82 |     unsigned char val;
      |                   ^~~
../src/i2c_controller.c:81:94: note: previous definition of 'val' was here
   81 | int i2c_write(unsigned char slave, unsigned short offset, unsigned int count, unsigned char *val) {
      |                                                                               ~~~~~~~~~~~~~~~^~~
../src/i2c_controller.c:105:31: error: subscripted value is neither array nor pointer nor vector
  105 |         if (i2c_write_byte(val[i]) != 0) {
      |                               ^
../src/i2c_controller.c: In function 'i2c_read':
../src/i2c_controller.c:116:19: error: 'val' redeclared as different kind of symbol
  116 |     unsigned char val;
      |                   ^~~
../src/i2c_controller.c:115:93: note: previous definition of 'val' was here
  115 | int i2c_read(unsigned char slave, unsigned short offset, unsigned int count, unsigned char *val) {
      |                                                                              ~~~~~~~~~~~~~~~^~~
../src/i2c_controller.c:148:12: error: subscripted value is neither array nor pointer nor vector
  148 |         val[i] = i2c_read_byte(i < (count - 1)); // NACK at last byte
      |            ^
../src/i2c_controller.c: At top level:
../src/i2c_controller.c:156:5: error: conflicting types for 'i2c_write_byte'
  156 | int i2c_write_byte(unsigned char slave, unsigned short offset, unsigned char val)
      |     ^~~~~~~~~~~~~~
../src/i2c_controller.c:59:12: note: previous definition of 'i2c_write_byte' was here
   59 | static int i2c_write_byte(uint8_t byte) {
      |            ^~~~~~~~~~~~~~
../src/i2c_controller.c:160:5: error: conflicting types for 'i2c_read_byte'
  160 | int i2c_read_byte(unsigned char slave, unsigned short offset, unsigned char *val)
      |     ^~~~~~~~~~~~~
../src/i2c_controller.c:66:16: note: previous definition of 'i2c_read_byte' was here
   66 | static uint8_t i2c_read_byte(int ack) {
      |                ^~~~~~~~~~~~~
make[1]: *** [src/subdir.mk:29: src/i2c_controller.o] Error 1
make: *** [makefile:61: all] Error 2
"make all" terminated with exit code 2. Build might be incomplete.
10:54:12 **** Incremental Build of configuration Debug for project ice40_nano ****
make all 
Building file: ../src/i2c_controller.c
Invoking: GNU RISC-V Cross C Compiler
riscv-none-embed-gcc -march=rv32i -mabi=ilp32 -msmall-data-limit=8 -mno-save-restore -O0 -fmessage-length=0 -fsigned-char -ffunction-sections -fdata-sections  -g3 -DLSCC_STDIO_UART_APB -I"O:\src\Propel\iCE40UP\ice40_nano\ws\ice40_nano/src" -I"O:\src\Propel\iCE40UP\ice40_nano\ws\ice40_nano/src/bsp" -I"O:\src\Propel\iCE40UP\ice40_nano\ws\ice40_nano/src/bsp/driver" -I"O:\src\Propel\iCE40UP\ice40_nano\ws\ice40_nano/src/bsp/driver/gpio" -I"O:\src\Propel\iCE40UP\ice40_nano\ws\ice40_nano/src/bsp/driver/riscv_nano" -I"O:\src\Propel\iCE40UP\ice40_nano\ws\ice40_nano/src/bsp/driver/uart" -std=gnu11 --specs=picolibc.specs -DPICOLIBC_INTEGER_PRINTF_SCANF -MMD -MP -MF"src/i2c_controller.d" -MT"src/i2c_controller.o" -c -o "src/i2c_controller.o" "../src/i2c_controller.c"
../src/i2c_controller.c: In function 'i2c_read_bit':
../src/i2c_controller.c:53:24: warning: passing argument 3 of 'gpio_input_get' from incompatible pointer type [-Wincompatible-pointer-types]
   53 |     gpio_read(SDA_PIN, &bit);
      |                        ^~~~
      |                        |
      |                        int *
../src/i2c_controller.c:11:62: note: in definition of macro 'gpio_read'
   11 | #define gpio_read(pin, val)  gpio_input_get(&gpio_inst, pin, val)
      |                                                              ^~~
In file included from ../src/i2c_controller.c:2:
O:\src\Propel\iCE40UP\ice40_nano\ws\ice40_nano/src/bsp/driver/gpio/gpio.h:130:27: note: expected 'uint16_t *' {aka 'short unsigned int *'} but argument is of type 'int *'
  130 |   uint16_t pin, uint16_t *data);
      |                 ~~~~~~~~~~^~~~
../src/i2c_controller.c: At top level:
../src/i2c_controller.c:76:13: error: static declaration of 'i2c_delay' follows non-static declaration
   76 | static void i2c_delay(int n) {
      |             ^~~~~~~~~
../src/i2c_controller.c:14:6: note: previous declaration of 'i2c_delay' was here
   14 | void i2c_delay(int n);
      |      ^~~~~~~~~
../src/i2c_controller.c: In function 'i2c_write':
../src/i2c_controller.c:83:19: error: 'val' redeclared as different kind of symbol
   83 |     unsigned char val;
      |                   ^~~
../src/i2c_controller.c:82:94: note: previous definition of 'val' was here
   82 | int i2c_write(unsigned char slave, unsigned short offset, unsigned int count, unsigned char *val) {
      |                                                                               ~~~~~~~~~~~~~~~^~~
../src/i2c_controller.c:106:31: error: subscripted value is neither array nor pointer nor vector
  106 |         if (i2c_write_byte(val[i]) != 0) {
      |                               ^
../src/i2c_controller.c: In function 'i2c_read':
../src/i2c_controller.c:117:19: error: 'val' redeclared as different kind of symbol
  117 |     unsigned char val;
      |                   ^~~
../src/i2c_controller.c:116:93: note: previous definition of 'val' was here
  116 | int i2c_read(unsigned char slave, unsigned short offset, unsigned int count, unsigned char *val) {
      |                                                                              ~~~~~~~~~~~~~~~^~~
../src/i2c_controller.c:149:12: error: subscripted value is neither array nor pointer nor vector
  149 |         val[i] = i2c_read_byte(i < (count - 1)); // NACK at last byte
      |            ^
../src/i2c_controller.c: At top level:
../src/i2c_controller.c:157:5: error: conflicting types for 'i2c_write_byte'
  157 | int i2c_write_byte(unsigned char slave, unsigned short offset, unsigned char val)
      |     ^~~~~~~~~~~~~~
../src/i2c_controller.c:60:12: note: previous definition of 'i2c_write_byte' was here
   60 | static int i2c_write_byte(uint8_t byte) {
      |            ^~~~~~~~~~~~~~
../src/i2c_controller.c:161:5: error: conflicting types for 'i2c_read_byte'
  161 | int i2c_read_byte(unsigned char slave, unsigned short offset, unsigned char *val)
      |     ^~~~~~~~~~~~~
../src/i2c_controller.c:67:16: note: previous definition of 'i2c_read_byte' was here
   67 | static uint8_t i2c_read_byte(int ack) {
      |                ^~~~~~~~~~~~~
make[1]: *** [src/subdir.mk:29: src/i2c_controller.o] Error 1
make: *** [makefile:61: all] Error 2
"make all" terminated with exit code 2. Build might be incomplete.
10:54:59 **** Incremental Build of configuration Debug for project ice40_nano ****
make all 
Building file: ../src/i2c_controller.c
Invoking: GNU RISC-V Cross C Compiler
riscv-none-embed-gcc -march=rv32i -mabi=ilp32 -msmall-data-limit=8 -mno-save-restore -O0 -fmessage-length=0 -fsigned-char -ffunction-sections -fdata-sections  -g3 -DLSCC_STDIO_UART_APB -I"O:\src\Propel\iCE40UP\ice40_nano\ws\ice40_nano/src" -I"O:\src\Propel\iCE40UP\ice40_nano\ws\ice40_nano/src/bsp" -I"O:\src\Propel\iCE40UP\ice40_nano\ws\ice40_nano/src/bsp/driver" -I"O:\src\Propel\iCE40UP\ice40_nano\ws\ice40_nano/src/bsp/driver/gpio" -I"O:\src\Propel\iCE40UP\ice40_nano\ws\ice40_nano/src/bsp/driver/riscv_nano" -I"O:\src\Propel\iCE40UP\ice40_nano\ws\ice40_nano/src/bsp/driver/uart" -std=gnu11 --specs=picolibc.specs -DPICOLIBC_INTEGER_PRINTF_SCANF -MMD -MP -MF"src/i2c_controller.d" -MT"src/i2c_controller.o" -c -o "src/i2c_controller.o" "../src/i2c_controller.c"
../src/i2c_controller.c:76:13: error: static declaration of 'i2c_delay' follows non-static declaration
   76 | static void i2c_delay(int n) {
      |             ^~~~~~~~~
../src/i2c_controller.c:14:6: note: previous declaration of 'i2c_delay' was here
   14 | void i2c_delay(int n);
      |      ^~~~~~~~~
../src/i2c_controller.c: In function 'i2c_write':
../src/i2c_controller.c:83:19: error: 'val' redeclared as different kind of symbol
   83 |     unsigned char val;
      |                   ^~~
../src/i2c_controller.c:82:94: note: previous definition of 'val' was here
   82 | int i2c_write(unsigned char slave, unsigned short offset, unsigned int count, unsigned char *val) {
      |                                                                               ~~~~~~~~~~~~~~~^~~
../src/i2c_controller.c:106:31: error: subscripted value is neither array nor pointer nor vector
  106 |         if (i2c_write_byte(val[i]) != 0) {
      |                               ^
../src/i2c_controller.c: In function 'i2c_read':
../src/i2c_controller.c:117:19: error: 'val' redeclared as different kind of symbol
  117 |     unsigned char val;
      |                   ^~~
../src/i2c_controller.c:116:93: note: previous definition of 'val' was here
  116 | int i2c_read(unsigned char slave, unsigned short offset, unsigned int count, unsigned char *val) {
      |                                                                              ~~~~~~~~~~~~~~~^~~
../src/i2c_controller.c:149:12: error: subscripted value is neither array nor pointer nor vector
  149 |         val[i] = i2c_read_byte(i < (count - 1)); // NACK at last byte
      |            ^
../src/i2c_controller.c: At top level:
../src/i2c_controller.c:157:5: error: conflicting types for 'i2c_write_byte'
  157 | int i2c_write_byte(unsigned char slave, unsigned short offset, unsigned char val)
      |     ^~~~~~~~~~~~~~
../src/i2c_controller.c:60:12: note: previous definition of 'i2c_write_byte' was here
   60 | static int i2c_write_byte(uint8_t byte) {
      |            ^~~~~~~~~~~~~~
../src/i2c_controller.c:161:5: error: conflicting types for 'i2c_read_byte'
  161 | int i2c_read_byte(unsigned char slave, unsigned short offset, unsigned char *val)
      |     ^~~~~~~~~~~~~
../src/i2c_controller.c:67:16: note: previous definition of 'i2c_read_byte' was here
   67 | static uint8_t i2c_read_byte(int ack) {
      |                ^~~~~~~~~~~~~
make[1]: *** [src/subdir.mk:29: src/i2c_controller.o] Error 1
make: *** [makefile:61: all] Error 2
"make all" terminated with exit code 2. Build might be incomplete.
10:56:01 **** Incremental Build of configuration Debug for project ice40_nano ****
make all 
Building file: ../src/i2c_controller.c
Invoking: GNU RISC-V Cross C Compiler
riscv-none-embed-gcc -march=rv32i -mabi=ilp32 -msmall-data-limit=8 -mno-save-restore -O0 -fmessage-length=0 -fsigned-char -ffunction-sections -fdata-sections  -g3 -DLSCC_STDIO_UART_APB -I"O:\src\Propel\iCE40UP\ice40_nano\ws\ice40_nano/src" -I"O:\src\Propel\iCE40UP\ice40_nano\ws\ice40_nano/src/bsp" -I"O:\src\Propel\iCE40UP\ice40_nano\ws\ice40_nano/src/bsp/driver" -I"O:\src\Propel\iCE40UP\ice40_nano\ws\ice40_nano/src/bsp/driver/gpio" -I"O:\src\Propel\iCE40UP\ice40_nano\ws\ice40_nano/src/bsp/driver/riscv_nano" -I"O:\src\Propel\iCE40UP\ice40_nano\ws\ice40_nano/src/bsp/driver/uart" -std=gnu11 --specs=picolibc.specs -DPICOLIBC_INTEGER_PRINTF_SCANF -MMD -MP -MF"src/i2c_controller.d" -MT"src/i2c_controller.o" -c -o "src/i2c_controller.o" "../src/i2c_controller.c"
../src/i2c_controller.c:3:10: fatal error: timer.h: No such file or directory
    3 | #include "timer.h"
      |          ^~~~~~~~~
compilation terminated.
make[1]: *** [src/subdir.mk:29: src/i2c_controller.o] Error 1
make: *** [makefile:61: all] Error 2
"make all" terminated with exit code 2. Build might be incomplete.
10:57:30 **** Incremental Build of configuration Debug for project ice40_nano ****
make all 
Building file: ../src/bsp/driver/riscv_nano/crt0.S
Invoking: GNU RISC-V Cross Assembler
riscv-none-embed-gcc -march=rv32i -mabi=ilp32 -msmall-data-limit=8 -mno-save-restore -O0 -fmessage-length=0 -fsigned-char -ffunction-sections -fdata-sections  -g3 -x assembler-with-cpp -I"O:\src\Propel\iCE40UP\ice40_nano\ws\ice40_nano\src\bsp\driver\timer" -MMD -MP -MF"src/bsp/driver/riscv_nano/crt0.d" -MT"src/bsp/driver/riscv_nano/crt0.o" -c -o "src/bsp/driver/riscv_nano/crt0.o" "../src/bsp/driver/riscv_nano/crt0.S"
Finished building: ../src/bsp/driver/riscv_nano/crt0.S
 
Building file: ../src/bsp/driver/riscv_nano/exit.c
Invoking: GNU RISC-V Cross C Compiler
riscv-none-embed-gcc -march=rv32i -mabi=ilp32 -msmall-data-limit=8 -mno-save-restore -O0 -fmessage-length=0 -fsigned-char -ffunction-sections -fdata-sections  -g3 -DLSCC_STDIO_UART_APB -I"O:\src\Propel\iCE40UP\ice40_nano\ws\ice40_nano/src" -I"O:\src\Propel\iCE40UP\ice40_nano\ws\ice40_nano/src/bsp" -I"O:\src\Propel\iCE40UP\ice40_nano\ws\ice40_nano/src/bsp/driver" -I"O:\src\Propel\iCE40UP\ice40_nano\ws\ice40_nano/src/bsp/driver/gpio" -I"O:\src\Propel\iCE40UP\ice40_nano\ws\ice40_nano/src/bsp/driver/riscv_nano" -I"O:\src\Propel\iCE40UP\ice40_nano\ws\ice40_nano/src/bsp/driver/uart" -std=gnu11 --specs=picolibc.specs -DPICOLIBC_INTEGER_PRINTF_SCANF -MMD -MP -MF"src/bsp/driver/riscv_nano/exit.d" -MT"src/bsp/driver/riscv_nano/exit.o" -c -o "src/bsp/driver/riscv_nano/exit.o" "../src/bsp/driver/riscv_nano/exit.c"
Finished building: ../src/bsp/driver/riscv_nano/exit.c
 
Building file: ../src/bsp/driver/riscv_nano/interrupt.c
Invoking: GNU RISC-V Cross C Compiler
riscv-none-embed-gcc -march=rv32i -mabi=ilp32 -msmall-data-limit=8 -mno-save-restore -O0 -fmessage-length=0 -fsigned-char -ffunction-sections -fdata-sections  -g3 -DLSCC_STDIO_UART_APB -I"O:\src\Propel\iCE40UP\ice40_nano\ws\ice40_nano/src" -I"O:\src\Propel\iCE40UP\ice40_nano\ws\ice40_nano/src/bsp" -I"O:\src\Propel\iCE40UP\ice40_nano\ws\ice40_nano/src/bsp/driver" -I"O:\src\Propel\iCE40UP\ice40_nano\ws\ice40_nano/src/bsp/driver/gpio" -I"O:\src\Propel\iCE40UP\ice40_nano\ws\ice40_nano/src/bsp/driver/riscv_nano" -I"O:\src\Propel\iCE40UP\ice40_nano\ws\ice40_nano/src/bsp/driver/uart" -std=gnu11 --specs=picolibc.specs -DPICOLIBC_INTEGER_PRINTF_SCANF -MMD -MP -MF"src/bsp/driver/riscv_nano/interrupt.d" -MT"src/bsp/driver/riscv_nano/interrupt.o" -c -o "src/bsp/driver/riscv_nano/interrupt.o" "../src/bsp/driver/riscv_nano/interrupt.c"
Finished building: ../src/bsp/driver/riscv_nano/interrupt.c
 
Building file: ../src/bsp/driver/riscv_nano/iob.c
Invoking: GNU RISC-V Cross C Compiler
riscv-none-embed-gcc -march=rv32i -mabi=ilp32 -msmall-data-limit=8 -mno-save-restore -O0 -fmessage-length=0 -fsigned-char -ffunction-sections -fdata-sections  -g3 -DLSCC_STDIO_UART_APB -I"O:\src\Propel\iCE40UP\ice40_nano\ws\ice40_nano/src" -I"O:\src\Propel\iCE40UP\ice40_nano\ws\ice40_nano/src/bsp" -I"O:\src\Propel\iCE40UP\ice40_nano\ws\ice40_nano/src/bsp/driver" -I"O:\src\Propel\iCE40UP\ice40_nano\ws\ice40_nano/src/bsp/driver/gpio" -I"O:\src\Propel\iCE40UP\ice40_nano\ws\ice40_nano/src/bsp/driver/riscv_nano" -I"O:\src\Propel\iCE40UP\ice40_nano\ws\ice40_nano/src/bsp/driver/uart" -std=gnu11 --specs=picolibc.specs -DPICOLIBC_INTEGER_PRINTF_SCANF -MMD -MP -MF"src/bsp/driver/riscv_nano/iob.d" -MT"src/bsp/driver/riscv_nano/iob.o" -c -o "src/bsp/driver/riscv_nano/iob.o" "../src/bsp/driver/riscv_nano/iob.c"
Finished building: ../src/bsp/driver/riscv_nano/iob.c
 
Building file: ../src/bsp/driver/riscv_nano/pic.c
Invoking: GNU RISC-V Cross C Compiler
riscv-none-embed-gcc -march=rv32i -mabi=ilp32 -msmall-data-limit=8 -mno-save-restore -O0 -fmessage-length=0 -fsigned-char -ffunction-sections -fdata-sections  -g3 -DLSCC_STDIO_UART_APB -I"O:\src\Propel\iCE40UP\ice40_nano\ws\ice40_nano/src" -I"O:\src\Propel\iCE40UP\ice40_nano\ws\ice40_nano/src/bsp" -I"O:\src\Propel\iCE40UP\ice40_nano\ws\ice40_nano/src/bsp/driver" -I"O:\src\Propel\iCE40UP\ice40_nano\ws\ice40_nano/src/bsp/driver/gpio" -I"O:\src\Propel\iCE40UP\ice40_nano\ws\ice40_nano/src/bsp/driver/riscv_nano" -I"O:\src\Propel\iCE40UP\ice40_nano\ws\ice40_nano/src/bsp/driver/uart" -std=gnu11 --specs=picolibc.specs -DPICOLIBC_INTEGER_PRINTF_SCANF -MMD -MP -MF"src/bsp/driver/riscv_nano/pic.d" -MT"src/bsp/driver/riscv_nano/pic.o" -c -o "src/bsp/driver/riscv_nano/pic.o" "../src/bsp/driver/riscv_nano/pic.c"
Finished building: ../src/bsp/driver/riscv_nano/pic.c
 
Building file: ../src/bsp/driver/riscv_nano/reg_access.c
Invoking: GNU RISC-V Cross C Compiler
riscv-none-embed-gcc -march=rv32i -mabi=ilp32 -msmall-data-limit=8 -mno-save-restore -O0 -fmessage-length=0 -fsigned-char -ffunction-sections -fdata-sections  -g3 -DLSCC_STDIO_UART_APB -I"O:\src\Propel\iCE40UP\ice40_nano\ws\ice40_nano/src" -I"O:\src\Propel\iCE40UP\ice40_nano\ws\ice40_nano/src/bsp" -I"O:\src\Propel\iCE40UP\ice40_nano\ws\ice40_nano/src/bsp/driver" -I"O:\src\Propel\iCE40UP\ice40_nano\ws\ice40_nano/src/bsp/driver/gpio" -I"O:\src\Propel\iCE40UP\ice40_nano\ws\ice40_nano/src/bsp/driver/riscv_nano" -I"O:\src\Propel\iCE40UP\ice40_nano\ws\ice40_nano/src/bsp/driver/uart" -std=gnu11 --specs=picolibc.specs -DPICOLIBC_INTEGER_PRINTF_SCANF -MMD -MP -MF"src/bsp/driver/riscv_nano/reg_access.d" -MT"src/bsp/driver/riscv_nano/reg_access.o" -c -o "src/bsp/driver/riscv_nano/reg_access.o" "../src/bsp/driver/riscv_nano/reg_access.c"
Finished building: ../src/bsp/driver/riscv_nano/reg_access.c
 
Building file: ../src/bsp/driver/riscv_nano/util.c
Invoking: GNU RISC-V Cross C Compiler
riscv-none-embed-gcc -march=rv32i -mabi=ilp32 -msmall-data-limit=8 -mno-save-restore -O0 -fmessage-length=0 -fsigned-char -ffunction-sections -fdata-sections  -g3 -DLSCC_STDIO_UART_APB -I"O:\src\Propel\iCE40UP\ice40_nano\ws\ice40_nano/src" -I"O:\src\Propel\iCE40UP\ice40_nano\ws\ice40_nano/src/bsp" -I"O:\src\Propel\iCE40UP\ice40_nano\ws\ice40_nano/src/bsp/driver" -I"O:\src\Propel\iCE40UP\ice40_nano\ws\ice40_nano/src/bsp/driver/gpio" -I"O:\src\Propel\iCE40UP\ice40_nano\ws\ice40_nano/src/bsp/driver/riscv_nano" -I"O:\src\Propel\iCE40UP\ice40_nano\ws\ice40_nano/src/bsp/driver/uart" -std=gnu11 --specs=picolibc.specs -DPICOLIBC_INTEGER_PRINTF_SCANF -MMD -MP -MF"src/bsp/driver/riscv_nano/util.d" -MT"src/bsp/driver/riscv_nano/util.o" -c -o "src/bsp/driver/riscv_nano/util.o" "../src/bsp/driver/riscv_nano/util.c"
Finished building: ../src/bsp/driver/riscv_nano/util.c
 
Building file: ../src/i2c_controller.c
Invoking: GNU RISC-V Cross C Compiler
riscv-none-embed-gcc -march=rv32i -mabi=ilp32 -msmall-data-limit=8 -mno-save-restore -O0 -fmessage-length=0 -fsigned-char -ffunction-sections -fdata-sections  -g3 -DLSCC_STDIO_UART_APB -I"O:\src\Propel\iCE40UP\ice40_nano\ws\ice40_nano/src" -I"O:\src\Propel\iCE40UP\ice40_nano\ws\ice40_nano/src/bsp" -I"O:\src\Propel\iCE40UP\ice40_nano\ws\ice40_nano/src/bsp/driver" -I"O:\src\Propel\iCE40UP\ice40_nano\ws\ice40_nano/src/bsp/driver/gpio" -I"O:\src\Propel\iCE40UP\ice40_nano\ws\ice40_nano/src/bsp/driver/riscv_nano" -I"O:\src\Propel\iCE40UP\ice40_nano\ws\ice40_nano/src/bsp/driver/uart" -std=gnu11 --specs=picolibc.specs -DPICOLIBC_INTEGER_PRINTF_SCANF -MMD -MP -MF"src/i2c_controller.d" -MT"src/i2c_controller.o" -c -o "src/i2c_controller.o" "../src/i2c_controller.c"
../src/i2c_controller.c:3:10: fatal error: timer.h: No such file or directory
    3 | #include "timer.h"
      |          ^~~~~~~~~
compilation terminated.
make[1]: *** [src/subdir.mk:29: src/i2c_controller.o] Error 1
make: *** [makefile:61: all] Error 2
"make all" terminated with exit code 2. Build might be incomplete.
10:58:55 **** Incremental Build of configuration Debug for project ice40_nano ****
make all 
Building file: ../src/bsp/driver/uart/uart.c
Invoking: GNU RISC-V Cross C Compiler
riscv-none-embed-gcc -march=rv32i -mabi=ilp32 -msmall-data-limit=8 -mno-save-restore -O0 -fmessage-length=0 -fsigned-char -ffunction-sections -fdata-sections  -g3 -DLSCC_STDIO_UART_APB -I"O:\src\Propel\iCE40UP\ice40_nano\ws\ice40_nano/src" -I"O:\src\Propel\iCE40UP\ice40_nano\ws\ice40_nano/src/bsp" -I"O:\src\Propel\iCE40UP\ice40_nano\ws\ice40_nano/src/bsp/driver" -I"O:\src\Propel\iCE40UP\ice40_nano\ws\ice40_nano/src/bsp/driver/gpio" -I"O:\src\Propel\iCE40UP\ice40_nano\ws\ice40_nano/src/bsp/driver/riscv_nano" -I"O:\src\Propel\iCE40UP\ice40_nano\ws\ice40_nano/src/bsp/driver/uart" -I"O:\src\Propel\iCE40UP\ice40_nano\ws\ice40_nano/src/bsp/driver/timer" -std=gnu11 --specs=picolibc.specs -DPICOLIBC_INTEGER_PRINTF_SCANF -MMD -MP -MF"src/bsp/driver/uart/uart.d" -MT"src/bsp/driver/uart/uart.o" -c -o "src/bsp/driver/uart/uart.o" "../src/bsp/driver/uart/uart.c"
Finished building: ../src/bsp/driver/uart/uart.c
 
Building file: ../src/bsp/driver/timer/timer.c
Invoking: GNU RISC-V Cross C Compiler
riscv-none-embed-gcc -march=rv32i -mabi=ilp32 -msmall-data-limit=8 -mno-save-restore -O0 -fmessage-length=0 -fsigned-char -ffunction-sections -fdata-sections  -g3 -DLSCC_STDIO_UART_APB -I"O:\src\Propel\iCE40UP\ice40_nano\ws\ice40_nano/src" -I"O:\src\Propel\iCE40UP\ice40_nano\ws\ice40_nano/src/bsp" -I"O:\src\Propel\iCE40UP\ice40_nano\ws\ice40_nano/src/bsp/driver" -I"O:\src\Propel\iCE40UP\ice40_nano\ws\ice40_nano/src/bsp/driver/gpio" -I"O:\src\Propel\iCE40UP\ice40_nano\ws\ice40_nano/src/bsp/driver/riscv_nano" -I"O:\src\Propel\iCE40UP\ice40_nano\ws\ice40_nano/src/bsp/driver/uart" -I"O:\src\Propel\iCE40UP\ice40_nano\ws\ice40_nano/src/bsp/driver/timer" -std=gnu11 --specs=picolibc.specs -DPICOLIBC_INTEGER_PRINTF_SCANF -MMD -MP -MF"src/bsp/driver/timer/timer.d" -MT"src/bsp/driver/timer/timer.o" -c -o "src/bsp/driver/timer/timer.o" "../src/bsp/driver/timer/timer.c"
Finished building: ../src/bsp/driver/timer/timer.c
 
Building file: ../src/bsp/driver/riscv_nano/crt0.S
Invoking: GNU RISC-V Cross Assembler
riscv-none-embed-gcc -march=rv32i -mabi=ilp32 -msmall-data-limit=8 -mno-save-restore -O0 -fmessage-length=0 -fsigned-char -ffunction-sections -fdata-sections  -g3 -x assembler-with-cpp -MMD -MP -MF"src/bsp/driver/riscv_nano/crt0.d" -MT"src/bsp/driver/riscv_nano/crt0.o" -c -o "src/bsp/driver/riscv_nano/crt0.o" "../src/bsp/driver/riscv_nano/crt0.S"
Finished building: ../src/bsp/driver/riscv_nano/crt0.S
 
Building file: ../src/bsp/driver/riscv_nano/exit.c
Invoking: GNU RISC-V Cross C Compiler
riscv-none-embed-gcc -march=rv32i -mabi=ilp32 -msmall-data-limit=8 -mno-save-restore -O0 -fmessage-length=0 -fsigned-char -ffunction-sections -fdata-sections  -g3 -DLSCC_STDIO_UART_APB -I"O:\src\Propel\iCE40UP\ice40_nano\ws\ice40_nano/src" -I"O:\src\Propel\iCE40UP\ice40_nano\ws\ice40_nano/src/bsp" -I"O:\src\Propel\iCE40UP\ice40_nano\ws\ice40_nano/src/bsp/driver" -I"O:\src\Propel\iCE40UP\ice40_nano\ws\ice40_nano/src/bsp/driver/gpio" -I"O:\src\Propel\iCE40UP\ice40_nano\ws\ice40_nano/src/bsp/driver/riscv_nano" -I"O:\src\Propel\iCE40UP\ice40_nano\ws\ice40_nano/src/bsp/driver/uart" -I"O:\src\Propel\iCE40UP\ice40_nano\ws\ice40_nano/src/bsp/driver/timer" -std=gnu11 --specs=picolibc.specs -DPICOLIBC_INTEGER_PRINTF_SCANF -MMD -MP -MF"src/bsp/driver/riscv_nano/exit.d" -MT"src/bsp/driver/riscv_nano/exit.o" -c -o "src/bsp/driver/riscv_nano/exit.o" "../src/bsp/driver/riscv_nano/exit.c"
Finished building: ../src/bsp/driver/riscv_nano/exit.c
 
Building file: ../src/bsp/driver/riscv_nano/interrupt.c
Invoking: GNU RISC-V Cross C Compiler
riscv-none-embed-gcc -march=rv32i -mabi=ilp32 -msmall-data-limit=8 -mno-save-restore -O0 -fmessage-length=0 -fsigned-char -ffunction-sections -fdata-sections  -g3 -DLSCC_STDIO_UART_APB -I"O:\src\Propel\iCE40UP\ice40_nano\ws\ice40_nano/src" -I"O:\src\Propel\iCE40UP\ice40_nano\ws\ice40_nano/src/bsp" -I"O:\src\Propel\iCE40UP\ice40_nano\ws\ice40_nano/src/bsp/driver" -I"O:\src\Propel\iCE40UP\ice40_nano\ws\ice40_nano/src/bsp/driver/gpio" -I"O:\src\Propel\iCE40UP\ice40_nano\ws\ice40_nano/src/bsp/driver/riscv_nano" -I"O:\src\Propel\iCE40UP\ice40_nano\ws\ice40_nano/src/bsp/driver/uart" -I"O:\src\Propel\iCE40UP\ice40_nano\ws\ice40_nano/src/bsp/driver/timer" -std=gnu11 --specs=picolibc.specs -DPICOLIBC_INTEGER_PRINTF_SCANF -MMD -MP -MF"src/bsp/driver/riscv_nano/interrupt.d" -MT"src/bsp/driver/riscv_nano/interrupt.o" -c -o "src/bsp/driver/riscv_nano/interrupt.o" "../src/bsp/driver/riscv_nano/interrupt.c"
Finished building: ../src/bsp/driver/riscv_nano/interrupt.c
 
Building file: ../src/bsp/driver/riscv_nano/iob.c
Invoking: GNU RISC-V Cross C Compiler
riscv-none-embed-gcc -march=rv32i -mabi=ilp32 -msmall-data-limit=8 -mno-save-restore -O0 -fmessage-length=0 -fsigned-char -ffunction-sections -fdata-sections  -g3 -DLSCC_STDIO_UART_APB -I"O:\src\Propel\iCE40UP\ice40_nano\ws\ice40_nano/src" -I"O:\src\Propel\iCE40UP\ice40_nano\ws\ice40_nano/src/bsp" -I"O:\src\Propel\iCE40UP\ice40_nano\ws\ice40_nano/src/bsp/driver" -I"O:\src\Propel\iCE40UP\ice40_nano\ws\ice40_nano/src/bsp/driver/gpio" -I"O:\src\Propel\iCE40UP\ice40_nano\ws\ice40_nano/src/bsp/driver/riscv_nano" -I"O:\src\Propel\iCE40UP\ice40_nano\ws\ice40_nano/src/bsp/driver/uart" -I"O:\src\Propel\iCE40UP\ice40_nano\ws\ice40_nano/src/bsp/driver/timer" -std=gnu11 --specs=picolibc.specs -DPICOLIBC_INTEGER_PRINTF_SCANF -MMD -MP -MF"src/bsp/driver/riscv_nano/iob.d" -MT"src/bsp/driver/riscv_nano/iob.o" -c -o "src/bsp/driver/riscv_nano/iob.o" "../src/bsp/driver/riscv_nano/iob.c"
Finished building: ../src/bsp/driver/riscv_nano/iob.c
 
Building file: ../src/bsp/driver/riscv_nano/pic.c
Invoking: GNU RISC-V Cross C Compiler
riscv-none-embed-gcc -march=rv32i -mabi=ilp32 -msmall-data-limit=8 -mno-save-restore -O0 -fmessage-length=0 -fsigned-char -ffunction-sections -fdata-sections  -g3 -DLSCC_STDIO_UART_APB -I"O:\src\Propel\iCE40UP\ice40_nano\ws\ice40_nano/src" -I"O:\src\Propel\iCE40UP\ice40_nano\ws\ice40_nano/src/bsp" -I"O:\src\Propel\iCE40UP\ice40_nano\ws\ice40_nano/src/bsp/driver" -I"O:\src\Propel\iCE40UP\ice40_nano\ws\ice40_nano/src/bsp/driver/gpio" -I"O:\src\Propel\iCE40UP\ice40_nano\ws\ice40_nano/src/bsp/driver/riscv_nano" -I"O:\src\Propel\iCE40UP\ice40_nano\ws\ice40_nano/src/bsp/driver/uart" -I"O:\src\Propel\iCE40UP\ice40_nano\ws\ice40_nano/src/bsp/driver/timer" -std=gnu11 --specs=picolibc.specs -DPICOLIBC_INTEGER_PRINTF_SCANF -MMD -MP -MF"src/bsp/driver/riscv_nano/pic.d" -MT"src/bsp/driver/riscv_nano/pic.o" -c -o "src/bsp/driver/riscv_nano/pic.o" "../src/bsp/driver/riscv_nano/pic.c"
Finished building: ../src/bsp/driver/riscv_nano/pic.c
 
Building file: ../src/bsp/driver/riscv_nano/reg_access.c
Invoking: GNU RISC-V Cross C Compiler
riscv-none-embed-gcc -march=rv32i -mabi=ilp32 -msmall-data-limit=8 -mno-save-restore -O0 -fmessage-length=0 -fsigned-char -ffunction-sections -fdata-sections  -g3 -DLSCC_STDIO_UART_APB -I"O:\src\Propel\iCE40UP\ice40_nano\ws\ice40_nano/src" -I"O:\src\Propel\iCE40UP\ice40_nano\ws\ice40_nano/src/bsp" -I"O:\src\Propel\iCE40UP\ice40_nano\ws\ice40_nano/src/bsp/driver" -I"O:\src\Propel\iCE40UP\ice40_nano\ws\ice40_nano/src/bsp/driver/gpio" -I"O:\src\Propel\iCE40UP\ice40_nano\ws\ice40_nano/src/bsp/driver/riscv_nano" -I"O:\src\Propel\iCE40UP\ice40_nano\ws\ice40_nano/src/bsp/driver/uart" -I"O:\src\Propel\iCE40UP\ice40_nano\ws\ice40_nano/src/bsp/driver/timer" -std=gnu11 --specs=picolibc.specs -DPICOLIBC_INTEGER_PRINTF_SCANF -MMD -MP -MF"src/bsp/driver/riscv_nano/reg_access.d" -MT"src/bsp/driver/riscv_nano/reg_access.o" -c -o "src/bsp/driver/riscv_nano/reg_access.o" "../src/bsp/driver/riscv_nano/reg_access.c"
Finished building: ../src/bsp/driver/riscv_nano/reg_access.c
 
Building file: ../src/bsp/driver/riscv_nano/util.c
Invoking: GNU RISC-V Cross C Compiler
riscv-none-embed-gcc -march=rv32i -mabi=ilp32 -msmall-data-limit=8 -mno-save-restore -O0 -fmessage-length=0 -fsigned-char -ffunction-sections -fdata-sections  -g3 -DLSCC_STDIO_UART_APB -I"O:\src\Propel\iCE40UP\ice40_nano\ws\ice40_nano/src" -I"O:\src\Propel\iCE40UP\ice40_nano\ws\ice40_nano/src/bsp" -I"O:\src\Propel\iCE40UP\ice40_nano\ws\ice40_nano/src/bsp/driver" -I"O:\src\Propel\iCE40UP\ice40_nano\ws\ice40_nano/src/bsp/driver/gpio" -I"O:\src\Propel\iCE40UP\ice40_nano\ws\ice40_nano/src/bsp/driver/riscv_nano" -I"O:\src\Propel\iCE40UP\ice40_nano\ws\ice40_nano/src/bsp/driver/uart" -I"O:\src\Propel\iCE40UP\ice40_nano\ws\ice40_nano/src/bsp/driver/timer" -std=gnu11 --specs=picolibc.specs -DPICOLIBC_INTEGER_PRINTF_SCANF -MMD -MP -MF"src/bsp/driver/riscv_nano/util.d" -MT"src/bsp/driver/riscv_nano/util.o" -c -o "src/bsp/driver/riscv_nano/util.o" "../src/bsp/driver/riscv_nano/util.c"
Finished building: ../src/bsp/driver/riscv_nano/util.c
 
Building file: ../src/bsp/driver/gpio/gpio.c
Invoking: GNU RISC-V Cross C Compiler
riscv-none-embed-gcc -march=rv32i -mabi=ilp32 -msmall-data-limit=8 -mno-save-restore -O0 -fmessage-length=0 -fsigned-char -ffunction-sections -fdata-sections  -g3 -DLSCC_STDIO_UART_APB -I"O:\src\Propel\iCE40UP\ice40_nano\ws\ice40_nano/src" -I"O:\src\Propel\iCE40UP\ice40_nano\ws\ice40_nano/src/bsp" -I"O:\src\Propel\iCE40UP\ice40_nano\ws\ice40_nano/src/bsp/driver" -I"O:\src\Propel\iCE40UP\ice40_nano\ws\ice40_nano/src/bsp/driver/gpio" -I"O:\src\Propel\iCE40UP\ice40_nano\ws\ice40_nano/src/bsp/driver/riscv_nano" -I"O:\src\Propel\iCE40UP\ice40_nano\ws\ice40_nano/src/bsp/driver/uart" -I"O:\src\Propel\iCE40UP\ice40_nano\ws\ice40_nano/src/bsp/driver/timer" -std=gnu11 --specs=picolibc.specs -DPICOLIBC_INTEGER_PRINTF_SCANF -MMD -MP -MF"src/bsp/driver/gpio/gpio.d" -MT"src/bsp/driver/gpio/gpio.o" -c -o "src/bsp/driver/gpio/gpio.o" "../src/bsp/driver/gpio/gpio.c"
Finished building: ../src/bsp/driver/gpio/gpio.c
 
Building file: ../src/bsp/reg_test.c
Invoking: GNU RISC-V Cross C Compiler
riscv-none-embed-gcc -march=rv32i -mabi=ilp32 -msmall-data-limit=8 -mno-save-restore -O0 -fmessage-length=0 -fsigned-char -ffunction-sections -fdata-sections  -g3 -DLSCC_STDIO_UART_APB -I"O:\src\Propel\iCE40UP\ice40_nano\ws\ice40_nano/src" -I"O:\src\Propel\iCE40UP\ice40_nano\ws\ice40_nano/src/bsp" -I"O:\src\Propel\iCE40UP\ice40_nano\ws\ice40_nano/src/bsp/driver" -I"O:\src\Propel\iCE40UP\ice40_nano\ws\ice40_nano/src/bsp/driver/gpio" -I"O:\src\Propel\iCE40UP\ice40_nano\ws\ice40_nano/src/bsp/driver/riscv_nano" -I"O:\src\Propel\iCE40UP\ice40_nano\ws\ice40_nano/src/bsp/driver/uart" -I"O:\src\Propel\iCE40UP\ice40_nano\ws\ice40_nano/src/bsp/driver/timer" -std=gnu11 --specs=picolibc.specs -DPICOLIBC_INTEGER_PRINTF_SCANF -MMD -MP -MF"src/bsp/reg_test.d" -MT"src/bsp/reg_test.o" -c -o "src/bsp/reg_test.o" "../src/bsp/reg_test.c"
Finished building: ../src/bsp/reg_test.c
 
Building file: ../src/i2c_controller.c
Invoking: GNU RISC-V Cross C Compiler
riscv-none-embed-gcc -march=rv32i -mabi=ilp32 -msmall-data-limit=8 -mno-save-restore -O0 -fmessage-length=0 -fsigned-char -ffunction-sections -fdata-sections  -g3 -DLSCC_STDIO_UART_APB -I"O:\src\Propel\iCE40UP\ice40_nano\ws\ice40_nano/src" -I"O:\src\Propel\iCE40UP\ice40_nano\ws\ice40_nano/src/bsp" -I"O:\src\Propel\iCE40UP\ice40_nano\ws\ice40_nano/src/bsp/driver" -I"O:\src\Propel\iCE40UP\ice40_nano\ws\ice40_nano/src/bsp/driver/gpio" -I"O:\src\Propel\iCE40UP\ice40_nano\ws\ice40_nano/src/bsp/driver/riscv_nano" -I"O:\src\Propel\iCE40UP\ice40_nano\ws\ice40_nano/src/bsp/driver/uart" -I"O:\src\Propel\iCE40UP\ice40_nano\ws\ice40_nano/src/bsp/driver/timer" -std=gnu11 --specs=picolibc.specs -DPICOLIBC_INTEGER_PRINTF_SCANF -MMD -MP -MF"src/i2c_controller.d" -MT"src/i2c_controller.o" -c -o "src/i2c_controller.o" "../src/i2c_controller.c"
../src/i2c_controller.c: In function 'i2c_write':
../src/i2c_controller.c:79:19: error: 'val' redeclared as different kind of symbol
   79 |     unsigned char val;
      |                   ^~~
../src/i2c_controller.c:78:94: note: previous definition of 'val' was here
   78 | int i2c_write(unsigned char slave, unsigned short offset, unsigned int count, unsigned char *val) {
      |                                                                               ~~~~~~~~~~~~~~~^~~
../src/i2c_controller.c:102:31: error: subscripted value is neither array nor pointer nor vector
  102 |         if (i2c_write_byte(val[i]) != 0) {
      |                               ^
../src/i2c_controller.c: In function 'i2c_read':
../src/i2c_controller.c:113:19: error: 'val' redeclared as different kind of symbol
  113 |     unsigned char val;
      |                   ^~~
../src/i2c_controller.c:112:93: note: previous definition of 'val' was here
  112 | int i2c_read(unsigned char slave, unsigned short offset, unsigned int count, unsigned char *val) {
      |                                                                              ~~~~~~~~~~~~~~~^~~
../src/i2c_controller.c:145:12: error: subscripted value is neither array nor pointer nor vector
  145 |         val[i] = i2c_read_byte(i < (count - 1)); // NACK at last byte
      |            ^
../src/i2c_controller.c: At top level:
../src/i2c_controller.c:153:5: error: conflicting types for 'i2c_write_byte'
  153 | int i2c_write_byte(unsigned char slave, unsigned short offset, unsigned char val)
      |     ^~~~~~~~~~~~~~
../src/i2c_controller.c:61:12: note: previous definition of 'i2c_write_byte' was here
   61 | static int i2c_write_byte(uint8_t byte) {
      |            ^~~~~~~~~~~~~~
../src/i2c_controller.c:157:5: error: conflicting types for 'i2c_read_byte'
  157 | int i2c_read_byte(unsigned char slave, unsigned short offset, unsigned char *val)
      |     ^~~~~~~~~~~~~
../src/i2c_controller.c:68:16: note: previous definition of 'i2c_read_byte' was here
   68 | static uint8_t i2c_read_byte(int ack) {
      |                ^~~~~~~~~~~~~
make[1]: *** [src/subdir.mk:29: src/i2c_controller.o] Error 1
make: *** [makefile:61: all] Error 2
"make all" terminated with exit code 2. Build might be incomplete.
11:00:40 **** Incremental Build of configuration Debug for project ice40_nano ****
make all 
Building file: ../src/i2c_controller.c
Invoking: GNU RISC-V Cross C Compiler
riscv-none-embed-gcc -march=rv32i -mabi=ilp32 -msmall-data-limit=8 -mno-save-restore -O0 -fmessage-length=0 -fsigned-char -ffunction-sections -fdata-sections  -g3 -DLSCC_STDIO_UART_APB -I"O:\src\Propel\iCE40UP\ice40_nano\ws\ice40_nano/src" -I"O:\src\Propel\iCE40UP\ice40_nano\ws\ice40_nano/src/bsp" -I"O:\src\Propel\iCE40UP\ice40_nano\ws\ice40_nano/src/bsp/driver" -I"O:\src\Propel\iCE40UP\ice40_nano\ws\ice40_nano/src/bsp/driver/gpio" -I"O:\src\Propel\iCE40UP\ice40_nano\ws\ice40_nano/src/bsp/driver/riscv_nano" -I"O:\src\Propel\iCE40UP\ice40_nano\ws\ice40_nano/src/bsp/driver/uart" -I"O:\src\Propel\iCE40UP\ice40_nano\ws\ice40_nano/src/bsp/driver/timer" -std=gnu11 --specs=picolibc.specs -DPICOLIBC_INTEGER_PRINTF_SCANF -MMD -MP -MF"src/i2c_controller.d" -MT"src/i2c_controller.o" -c -o "src/i2c_controller.o" "../src/i2c_controller.c"
../src/i2c_controller.c: In function 'i2c_write':
../src/i2c_controller.c:89:9: warning: assignment to 'unsigned char *' from 'int' makes pointer from integer without a cast [-Wint-conversion]
   89 |     val = (offset >> 8) & 0xff;
      |         ^
../src/i2c_controller.c:90:24: warning: passing argument 1 of 'i2c_write_byte' makes integer from pointer without a cast [-Wint-conversion]
   90 |     if (i2c_write_byte(val) != 0) {
      |                        ^~~
      |                        |
      |                        unsigned char *
../src/i2c_controller.c:61:35: note: expected 'uint8_t' {aka 'unsigned char'} but argument is of type 'unsigned char *'
   61 | static int i2c_write_byte(uint8_t byte) {
      |                           ~~~~~~~~^~~~
../src/i2c_controller.c:94:9: warning: assignment to 'unsigned char *' from 'int' makes pointer from integer without a cast [-Wint-conversion]
   94 |     val = offset & 0xff;
      |         ^
../src/i2c_controller.c:95:24: warning: passing argument 1 of 'i2c_write_byte' makes integer from pointer without a cast [-Wint-conversion]
   95 |     if (i2c_write_byte(val) != 0) {
      |                        ^~~
      |                        |
      |                        unsigned char *
../src/i2c_controller.c:61:35: note: expected 'uint8_t' {aka 'unsigned char'} but argument is of type 'unsigned char *'
   61 | static int i2c_write_byte(uint8_t byte) {
      |                           ~~~~~~~~^~~~
../src/i2c_controller.c: In function 'i2c_read':
../src/i2c_controller.c:113:19: error: 'val' redeclared as different kind of symbol
  113 |     unsigned char val;
      |                   ^~~
../src/i2c_controller.c:112:93: note: previous definition of 'val' was here
  112 | int i2c_read(unsigned char slave, unsigned short offset, unsigned int count, unsigned char *val) {
      |                                                                              ~~~~~~~~~~~~~~~^~~
../src/i2c_controller.c:145:12: error: subscripted value is neither array nor pointer nor vector
  145 |         val[i] = i2c_read_byte(i < (count - 1)); // NACK at last byte
      |            ^
../src/i2c_controller.c: At top level:
../src/i2c_controller.c:153:5: error: conflicting types for 'i2c_write_byte'
  153 | int i2c_write_byte(unsigned char slave, unsigned short offset, unsigned char val)
      |     ^~~~~~~~~~~~~~
../src/i2c_controller.c:61:12: note: previous definition of 'i2c_write_byte' was here
   61 | static int i2c_write_byte(uint8_t byte) {
      |            ^~~~~~~~~~~~~~
../src/i2c_controller.c:157:5: error: conflicting types for 'i2c_read_byte'
  157 | int i2c_read_byte(unsigned char slave, unsigned short offset, unsigned char *val)
      |     ^~~~~~~~~~~~~
../src/i2c_controller.c:68:16: note: previous definition of 'i2c_read_byte' was here
   68 | static uint8_t i2c_read_byte(int ack) {
      |                ^~~~~~~~~~~~~
make[1]: *** [src/subdir.mk:29: src/i2c_controller.o] Error 1
make: *** [makefile:61: all] Error 2
"make all" terminated with exit code 2. Build might be incomplete.
11:02:33 **** Incremental Build of configuration Debug for project ice40_nano ****
make all 
Building file: ../src/i2c_controller.c
Invoking: GNU RISC-V Cross C Compiler
riscv-none-embed-gcc -march=rv32i -mabi=ilp32 -msmall-data-limit=8 -mno-save-restore -O0 -fmessage-length=0 -fsigned-char -ffunction-sections -fdata-sections  -g3 -DLSCC_STDIO_UART_APB -I"O:\src\Propel\iCE40UP\ice40_nano\ws\ice40_nano/src" -I"O:\src\Propel\iCE40UP\ice40_nano\ws\ice40_nano/src/bsp" -I"O:\src\Propel\iCE40UP\ice40_nano\ws\ice40_nano/src/bsp/driver" -I"O:\src\Propel\iCE40UP\ice40_nano\ws\ice40_nano/src/bsp/driver/gpio" -I"O:\src\Propel\iCE40UP\ice40_nano\ws\ice40_nano/src/bsp/driver/riscv_nano" -I"O:\src\Propel\iCE40UP\ice40_nano\ws\ice40_nano/src/bsp/driver/uart" -I"O:\src\Propel\iCE40UP\ice40_nano\ws\ice40_nano/src/bsp/driver/timer" -std=gnu11 --specs=picolibc.specs -DPICOLIBC_INTEGER_PRINTF_SCANF -MMD -MP -MF"src/i2c_controller.d" -MT"src/i2c_controller.o" -c -o "src/i2c_controller.o" "../src/i2c_controller.c"
../src/i2c_controller.c: In function 'i2c_write':
../src/i2c_controller.c:89:9: warning: assignment to 'unsigned char *' from 'unsigned char' makes pointer from integer without a cast [-Wint-conversion]
   89 |     val = (unsigned char)((offset >> 8) & 0xff);
      |         ^
../src/i2c_controller.c:90:24: warning: passing argument 1 of 'i2c_write_byte' makes integer from pointer without a cast [-Wint-conversion]
   90 |     if (i2c_write_byte(val) != 0) {
      |                        ^~~
      |                        |
      |                        unsigned char *
../src/i2c_controller.c:61:35: note: expected 'uint8_t' {aka 'unsigned char'} but argument is of type 'unsigned char *'
   61 | static int i2c_write_byte(uint8_t byte) {
      |                           ~~~~~~~~^~~~
../src/i2c_controller.c:94:9: warning: assignment to 'unsigned char *' from 'unsigned char' makes pointer from integer without a cast [-Wint-conversion]
   94 |     val = (unsigned char)(offset & 0xff);
      |         ^
../src/i2c_controller.c:95:24: warning: passing argument 1 of 'i2c_write_byte' makes integer from pointer without a cast [-Wint-conversion]
   95 |     if (i2c_write_byte(val) != 0) {
      |                        ^~~
      |                        |
      |                        unsigned char *
../src/i2c_controller.c:61:35: note: expected 'uint8_t' {aka 'unsigned char'} but argument is of type 'unsigned char *'
   61 | static int i2c_write_byte(uint8_t byte) {
      |                           ~~~~~~~~^~~~
../src/i2c_controller.c: In function 'i2c_read':
../src/i2c_controller.c:123:9: warning: assignment to 'unsigned char *' from 'unsigned char' makes pointer from integer without a cast [-Wint-conversion]
  123 |     val = (unsigned char)((offset >> 8) & 0xff);
      |         ^
../src/i2c_controller.c:124:24: warning: passing argument 1 of 'i2c_write_byte' makes integer from pointer without a cast [-Wint-conversion]
  124 |     if (i2c_write_byte(val) != 0) {
      |                        ^~~
      |                        |
      |                        unsigned char *
../src/i2c_controller.c:61:35: note: expected 'uint8_t' {aka 'unsigned char'} but argument is of type 'unsigned char *'
   61 | static int i2c_write_byte(uint8_t byte) {
      |                           ~~~~~~~~^~~~
../src/i2c_controller.c:128:9: warning: assignment to 'unsigned char *' from 'unsigned char' makes pointer from integer without a cast [-Wint-conversion]
  128 |     val = (unsigned char)(offset & 0xff);
      |         ^
../src/i2c_controller.c:129:24: warning: passing argument 1 of 'i2c_write_byte' makes integer from pointer without a cast [-Wint-conversion]
  129 |     if (i2c_write_byte(val) != 0) {
      |                        ^~~
      |                        |
      |                        unsigned char *
../src/i2c_controller.c:61:35: note: expected 'uint8_t' {aka 'unsigned char'} but argument is of type 'unsigned char *'
   61 | static int i2c_write_byte(uint8_t byte) {
      |                           ~~~~~~~~^~~~
../src/i2c_controller.c: At top level:
../src/i2c_controller.c:153:5: error: conflicting types for 'i2c_write_byte'
  153 | int i2c_write_byte(unsigned char slave, unsigned short offset, unsigned char val)
      |     ^~~~~~~~~~~~~~
../src/i2c_controller.c:61:12: note: previous definition of 'i2c_write_byte' was here
   61 | static int i2c_write_byte(uint8_t byte) {
      |            ^~~~~~~~~~~~~~
../src/i2c_controller.c:157:5: error: conflicting types for 'i2c_read_byte'
  157 | int i2c_read_byte(unsigned char slave, unsigned short offset, unsigned char *val)
      |     ^~~~~~~~~~~~~
../src/i2c_controller.c:68:16: note: previous definition of 'i2c_read_byte' was here
   68 | static uint8_t i2c_read_byte(int ack) {
      |                ^~~~~~~~~~~~~
make[1]: *** [src/subdir.mk:29: src/i2c_controller.o] Error 1
make: *** [makefile:61: all] Error 2
"make all" terminated with exit code 2. Build might be incomplete.
11:04:58 **** Incremental Build of configuration Debug for project ice40_nano ****
make all 
Building file: ../src/i2c_controller.c
Invoking: GNU RISC-V Cross C Compiler
riscv-none-embed-gcc -march=rv32i -mabi=ilp32 -msmall-data-limit=8 -mno-save-restore -O0 -fmessage-length=0 -fsigned-char -ffunction-sections -fdata-sections  -g3 -DLSCC_STDIO_UART_APB -I"O:\src\Propel\iCE40UP\ice40_nano\ws\ice40_nano/src" -I"O:\src\Propel\iCE40UP\ice40_nano\ws\ice40_nano/src/bsp" -I"O:\src\Propel\iCE40UP\ice40_nano\ws\ice40_nano/src/bsp/driver" -I"O:\src\Propel\iCE40UP\ice40_nano\ws\ice40_nano/src/bsp/driver/gpio" -I"O:\src\Propel\iCE40UP\ice40_nano\ws\ice40_nano/src/bsp/driver/riscv_nano" -I"O:\src\Propel\iCE40UP\ice40_nano\ws\ice40_nano/src/bsp/driver/uart" -I"O:\src\Propel\iCE40UP\ice40_nano\ws\ice40_nano/src/bsp/driver/timer" -std=gnu11 --specs=picolibc.specs -DPICOLIBC_INTEGER_PRINTF_SCANF -MMD -MP -MF"src/i2c_controller.d" -MT"src/i2c_controller.o" -c -o "src/i2c_controller.o" "../src/i2c_controller.c"
../src/i2c_controller.c:155:5: error: conflicting types for 'i2c_write_byte'
  155 | int i2c_write_byte(unsigned char slave, unsigned short offset, unsigned char val)
      |     ^~~~~~~~~~~~~~
../src/i2c_controller.c:61:12: note: previous definition of 'i2c_write_byte' was here
   61 | static int i2c_write_byte(uint8_t byte) {
      |            ^~~~~~~~~~~~~~
../src/i2c_controller.c:159:5: error: conflicting types for 'i2c_read_byte'
  159 | int i2c_read_byte(unsigned char slave, unsigned short offset, unsigned char *val)
      |     ^~~~~~~~~~~~~
../src/i2c_controller.c:68:16: note: previous definition of 'i2c_read_byte' was here
   68 | static uint8_t i2c_read_byte(int ack) {
      |                ^~~~~~~~~~~~~
make[1]: *** [src/subdir.mk:29: src/i2c_controller.o] Error 1
make: *** [makefile:61: all] Error 2
"make all" terminated with exit code 2. Build might be incomplete.
11:07:08 **** Incremental Build of configuration Debug for project ice40_nano ****
make all 
Building file: ../src/i2c_controller.c
Invoking: GNU RISC-V Cross C Compiler
riscv-none-embed-gcc -march=rv32i -mabi=ilp32 -msmall-data-limit=8 -mno-save-restore -O0 -fmessage-length=0 -fsigned-char -ffunction-sections -fdata-sections  -g3 -DLSCC_STDIO_UART_APB -I"O:\src\Propel\iCE40UP\ice40_nano\ws\ice40_nano/src" -I"O:\src\Propel\iCE40UP\ice40_nano\ws\ice40_nano/src/bsp" -I"O:\src\Propel\iCE40UP\ice40_nano\ws\ice40_nano/src/bsp/driver" -I"O:\src\Propel\iCE40UP\ice40_nano\ws\ice40_nano/src/bsp/driver/gpio" -I"O:\src\Propel\iCE40UP\ice40_nano\ws\ice40_nano/src/bsp/driver/riscv_nano" -I"O:\src\Propel\iCE40UP\ice40_nano\ws\ice40_nano/src/bsp/driver/uart" -I"O:\src\Propel\iCE40UP\ice40_nano\ws\ice40_nano/src/bsp/driver/timer" -std=gnu11 --specs=picolibc.specs -DPICOLIBC_INTEGER_PRINTF_SCANF -MMD -MP -MF"src/i2c_controller.d" -MT"src/i2c_controller.o" -c -o "src/i2c_controller.o" "../src/i2c_controller.c"
Finished building: ../src/i2c_controller.c
 
Building file: ../src/lib_ov08x.c
Invoking: GNU RISC-V Cross C Compiler
riscv-none-embed-gcc -march=rv32i -mabi=ilp32 -msmall-data-limit=8 -mno-save-restore -O0 -fmessage-length=0 -fsigned-char -ffunction-sections -fdata-sections  -g3 -DLSCC_STDIO_UART_APB -I"O:\src\Propel\iCE40UP\ice40_nano\ws\ice40_nano/src" -I"O:\src\Propel\iCE40UP\ice40_nano\ws\ice40_nano/src/bsp" -I"O:\src\Propel\iCE40UP\ice40_nano\ws\ice40_nano/src/bsp/driver" -I"O:\src\Propel\iCE40UP\ice40_nano\ws\ice40_nano/src/bsp/driver/gpio" -I"O:\src\Propel\iCE40UP\ice40_nano\ws\ice40_nano/src/bsp/driver/riscv_nano" -I"O:\src\Propel\iCE40UP\ice40_nano\ws\ice40_nano/src/bsp/driver/uart" -I"O:\src\Propel\iCE40UP\ice40_nano\ws\ice40_nano/src/bsp/driver/timer" -std=gnu11 --specs=picolibc.specs -DPICOLIBC_INTEGER_PRINTF_SCANF -MMD -MP -MF"src/lib_ov08x.d" -MT"src/lib_ov08x.o" -c -o "src/lib_ov08x.o" "../src/lib_ov08x.c"
../src/lib_ov08x.c:660:5: error: 'ov08x_init' redeclared as different kind of symbol
  660 | int ov08x_init(unsigned char ov08x_slave)
      |     ^~~~~~~~~~
../src/lib_ov08x.c:16:30: note: previous definition of 'ov08x_init' was here
   16 | const struct sensor_i2c_data ov08x_init[] = {
      |                              ^~~~~~~~~~
../src/lib_ov08x.c: In function 'ov08x_init':
../src/lib_ov08x.c:666:2: warning: implicit declaration of function 'gpio_set_output_write'; did you mean 'gpio_output_write'? [-Wimplicit-function-declaration]
  666 |  gpio_set_output_write(&gpio_inst, GPIO_OSC_EN,        GPIO_LOW);
      |  ^~~~~~~~~~~~~~~~~~~~~
      |  gpio_output_write
../src/lib_ov08x.c:671:2: warning: implicit declaration of function 'delay_us' [-Wimplicit-function-declaration]
  671 |  delay_us(10000); // wait 10ms to stablize the OSC output
      |  ^~~~~~~~
../src/lib_ov08x.c:676:23: error: subscripted value is neither array nor pointer nor vector
  676 |  for( i=0; (ov08x_init[i].offset != 0xFFFF) && (ov08x_init[i].val != 0xFF); i++ ){
      |                       ^
../src/lib_ov08x.c:676:59: error: subscripted value is neither array nor pointer nor vector
  676 |  for( i=0; (ov08x_init[i].offset != 0xFFFF) && (ov08x_init[i].val != 0xFF); i++ ){
      |                                                           ^
../src/lib_ov08x.c:677:9: warning: implicit declaration of function 'i2c_write_byte'; did you mean 'i2c_write'? [-Wimplicit-function-declaration]
  677 |   ret = i2c_write_byte(ov08x_slave, ov08x_init[i].offset, ov08x_init[i].val);
      |         ^~~~~~~~~~~~~~
      |         i2c_write
../src/lib_ov08x.c:677:47: error: subscripted value is neither array nor pointer nor vector
  677 |   ret = i2c_write_byte(ov08x_slave, ov08x_init[i].offset, ov08x_init[i].val);
      |                                               ^
../src/lib_ov08x.c:677:69: error: subscripted value is neither array nor pointer nor vector
  677 |   ret = i2c_write_byte(ov08x_slave, ov08x_init[i].offset, ov08x_init[i].val);
      |                                                                     ^
make[1]: *** [src/subdir.mk:29: src/lib_ov08x.o] Error 1
make: *** [makefile:61: all] Error 2
"make all" terminated with exit code 2. Build might be incomplete.
11:29:20 **** Incremental Build of configuration Debug for project ice40_nano ****
make all 
Building file: ../src/lib_ov08x.c
Invoking: GNU RISC-V Cross C Compiler
riscv-none-embed-gcc -march=rv32i -mabi=ilp32 -msmall-data-limit=8 -mno-save-restore -O0 -fmessage-length=0 -fsigned-char -ffunction-sections -fdata-sections  -g3 -DLSCC_STDIO_UART_APB -I"O:\src\Propel\iCE40UP\ice40_nano\ws\ice40_nano/src" -I"O:\src\Propel\iCE40UP\ice40_nano\ws\ice40_nano/src/bsp" -I"O:\src\Propel\iCE40UP\ice40_nano\ws\ice40_nano/src/bsp/driver" -I"O:\src\Propel\iCE40UP\ice40_nano\ws\ice40_nano/src/bsp/driver/gpio" -I"O:\src\Propel\iCE40UP\ice40_nano\ws\ice40_nano/src/bsp/driver/riscv_nano" -I"O:\src\Propel\iCE40UP\ice40_nano\ws\ice40_nano/src/bsp/driver/uart" -I"O:\src\Propel\iCE40UP\ice40_nano\ws\ice40_nano/src/bsp/driver/timer" -std=gnu11 --specs=picolibc.specs -DPICOLIBC_INTEGER_PRINTF_SCANF -MMD -MP -MF"src/lib_ov08x.d" -MT"src/lib_ov08x.o" -c -o "src/lib_ov08x.o" "../src/lib_ov08x.c"
../src/lib_ov08x.c: In function 'ov08x_start':
../src/lib_ov08x.c:677:9: warning: implicit declaration of function 'i2c_write_byte'; did you mean 'i2c_write'? [-Wimplicit-function-declaration]
  677 |   ret = i2c_write_byte(ov08x_slave, ov08x_init[i].offset, ov08x_init[i].val);
      |         ^~~~~~~~~~~~~~
      |         i2c_write
../src/lib_ov08x.c: In function 'ov08x_stop':
../src/lib_ov08x.c:687:2: warning: implicit declaration of function 'delay_us' [-Wimplicit-function-declaration]
  687 |  delay_us(100); // wait 512 clock cycles, 100us is dummy
      |  ^~~~~~~~
../src/lib_ov08x.c:688:2: warning: implicit declaration of function 'gpio_set_output_write'; did you mean 'gpio_output_write'? [-Wimplicit-function-declaration]
  688 |  gpio_set_output_write(&gpio_inst, GPIO_OSC_EN,        GPIO_LOW);
      |  ^~~~~~~~~~~~~~~~~~~~~
      |  gpio_output_write
Finished building: ../src/lib_ov08x.c
 
Building file: ../src/main.c
Invoking: GNU RISC-V Cross C Compiler
riscv-none-embed-gcc -march=rv32i -mabi=ilp32 -msmall-data-limit=8 -mno-save-restore -O0 -fmessage-length=0 -fsigned-char -ffunction-sections -fdata-sections  -g3 -DLSCC_STDIO_UART_APB -I"O:\src\Propel\iCE40UP\ice40_nano\ws\ice40_nano/src" -I"O:\src\Propel\iCE40UP\ice40_nano\ws\ice40_nano/src/bsp" -I"O:\src\Propel\iCE40UP\ice40_nano\ws\ice40_nano/src/bsp/driver" -I"O:\src\Propel\iCE40UP\ice40_nano\ws\ice40_nano/src/bsp/driver/gpio" -I"O:\src\Propel\iCE40UP\ice40_nano\ws\ice40_nano/src/bsp/driver/riscv_nano" -I"O:\src\Propel\iCE40UP\ice40_nano\ws\ice40_nano/src/bsp/driver/uart" -I"O:\src\Propel\iCE40UP\ice40_nano\ws\ice40_nano/src/bsp/driver/timer" -std=gnu11 --specs=picolibc.specs -DPICOLIBC_INTEGER_PRINTF_SCANF -MMD -MP -MF"src/main.d" -MT"src/main.o" -c -o "src/main.o" "../src/main.c"
../src/main.c: In function 'bsp_init':
../src/main.c:113:11: error: 'struct gpio_instance' has no member named 'instance_name'
  113 |  gpio_inst.instance_name = GPIO_INST_NAME;
      |           ^
make[1]: *** [src/subdir.mk:29: src/main.o] Error 1
make: *** [makefile:61: all] Error 2
"make all" terminated with exit code 2. Build might be incomplete.
11:29:50 **** Incremental Build of configuration Debug for project ice40_nano ****
make all 
Building file: ../src/lib_ov08x.c
Invoking: GNU RISC-V Cross C Compiler
riscv-none-embed-gcc -march=rv32i -mabi=ilp32 -msmall-data-limit=8 -mno-save-restore -O0 -fmessage-length=0 -fsigned-char -ffunction-sections -fdata-sections  -g3 -DLSCC_STDIO_UART_APB -I"O:\src\Propel\iCE40UP\ice40_nano\ws\ice40_nano/src" -I"O:\src\Propel\iCE40UP\ice40_nano\ws\ice40_nano/src/bsp" -I"O:\src\Propel\iCE40UP\ice40_nano\ws\ice40_nano/src/bsp/driver" -I"O:\src\Propel\iCE40UP\ice40_nano\ws\ice40_nano/src/bsp/driver/gpio" -I"O:\src\Propel\iCE40UP\ice40_nano\ws\ice40_nano/src/bsp/driver/riscv_nano" -I"O:\src\Propel\iCE40UP\ice40_nano\ws\ice40_nano/src/bsp/driver/uart" -I"O:\src\Propel\iCE40UP\ice40_nano\ws\ice40_nano/src/bsp/driver/timer" -std=gnu11 --specs=picolibc.specs -DPICOLIBC_INTEGER_PRINTF_SCANF -MMD -MP -MF"src/lib_ov08x.d" -MT"src/lib_ov08x.o" -c -o "src/lib_ov08x.o" "../src/lib_ov08x.c"
../src/lib_ov08x.c: In function 'ov08x_stop':
../src/lib_ov08x.c:687:2: warning: implicit declaration of function 'delay_us' [-Wimplicit-function-declaration]
  687 |  delay_us(100); // wait 512 clock cycles, 100us is dummy
      |  ^~~~~~~~
Finished building: ../src/lib_ov08x.c
 
Building file: ../src/main.c
Invoking: GNU RISC-V Cross C Compiler
riscv-none-embed-gcc -march=rv32i -mabi=ilp32 -msmall-data-limit=8 -mno-save-restore -O0 -fmessage-length=0 -fsigned-char -ffunction-sections -fdata-sections  -g3 -DLSCC_STDIO_UART_APB -I"O:\src\Propel\iCE40UP\ice40_nano\ws\ice40_nano/src" -I"O:\src\Propel\iCE40UP\ice40_nano\ws\ice40_nano/src/bsp" -I"O:\src\Propel\iCE40UP\ice40_nano\ws\ice40_nano/src/bsp/driver" -I"O:\src\Propel\iCE40UP\ice40_nano\ws\ice40_nano/src/bsp/driver/gpio" -I"O:\src\Propel\iCE40UP\ice40_nano\ws\ice40_nano/src/bsp/driver/riscv_nano" -I"O:\src\Propel\iCE40UP\ice40_nano\ws\ice40_nano/src/bsp/driver/uart" -I"O:\src\Propel\iCE40UP\ice40_nano\ws\ice40_nano/src/bsp/driver/timer" -std=gnu11 --specs=picolibc.specs -DPICOLIBC_INTEGER_PRINTF_SCANF -MMD -MP -MF"src/main.d" -MT"src/main.o" -c -o "src/main.o" "../src/main.c"
../src/main.c: In function 'bsp_init':
../src/main.c:113:11: error: 'struct gpio_instance' has no member named 'instance_name'
  113 |  gpio_inst.instance_name = GPIO_INST_NAME;
      |           ^
make[1]: *** [src/subdir.mk:29: src/main.o] Error 1
make: *** [makefile:61: all] Error 2
"make all" terminated with exit code 2. Build might be incomplete.
11:30:02 **** Incremental Build of configuration Debug for project ice40_nano ****
make all 
Building file: ../src/lib_ov08x.c
Invoking: GNU RISC-V Cross C Compiler
riscv-none-embed-gcc -march=rv32i -mabi=ilp32 -msmall-data-limit=8 -mno-save-restore -O0 -fmessage-length=0 -fsigned-char -ffunction-sections -fdata-sections  -g3 -DLSCC_STDIO_UART_APB -I"O:\src\Propel\iCE40UP\ice40_nano\ws\ice40_nano/src" -I"O:\src\Propel\iCE40UP\ice40_nano\ws\ice40_nano/src/bsp" -I"O:\src\Propel\iCE40UP\ice40_nano\ws\ice40_nano/src/bsp/driver" -I"O:\src\Propel\iCE40UP\ice40_nano\ws\ice40_nano/src/bsp/driver/gpio" -I"O:\src\Propel\iCE40UP\ice40_nano\ws\ice40_nano/src/bsp/driver/riscv_nano" -I"O:\src\Propel\iCE40UP\ice40_nano\ws\ice40_nano/src/bsp/driver/uart" -I"O:\src\Propel\iCE40UP\ice40_nano\ws\ice40_nano/src/bsp/driver/timer" -std=gnu11 --specs=picolibc.specs -DPICOLIBC_INTEGER_PRINTF_SCANF -MMD -MP -MF"src/lib_ov08x.d" -MT"src/lib_ov08x.o" -c -o "src/lib_ov08x.o" "../src/lib_ov08x.c"
Finished building: ../src/lib_ov08x.c
 
Building file: ../src/main.c
Invoking: GNU RISC-V Cross C Compiler
riscv-none-embed-gcc -march=rv32i -mabi=ilp32 -msmall-data-limit=8 -mno-save-restore -O0 -fmessage-length=0 -fsigned-char -ffunction-sections -fdata-sections  -g3 -DLSCC_STDIO_UART_APB -I"O:\src\Propel\iCE40UP\ice40_nano\ws\ice40_nano/src" -I"O:\src\Propel\iCE40UP\ice40_nano\ws\ice40_nano/src/bsp" -I"O:\src\Propel\iCE40UP\ice40_nano\ws\ice40_nano/src/bsp/driver" -I"O:\src\Propel\iCE40UP\ice40_nano\ws\ice40_nano/src/bsp/driver/gpio" -I"O:\src\Propel\iCE40UP\ice40_nano\ws\ice40_nano/src/bsp/driver/riscv_nano" -I"O:\src\Propel\iCE40UP\ice40_nano\ws\ice40_nano/src/bsp/driver/uart" -I"O:\src\Propel\iCE40UP\ice40_nano\ws\ice40_nano/src/bsp/driver/timer" -std=gnu11 --specs=picolibc.specs -DPICOLIBC_INTEGER_PRINTF_SCANF -MMD -MP -MF"src/main.d" -MT"src/main.o" -c -o "src/main.o" "../src/main.c"
../src/main.c: In function 'bsp_init':
../src/main.c:113:11: error: 'struct gpio_instance' has no member named 'instance_name'
  113 |  gpio_inst.instance_name = GPIO_INST_NAME;
      |           ^
make[1]: *** [src/subdir.mk:29: src/main.o] Error 1
make: *** [makefile:61: all] Error 2
"make all" terminated with exit code 2. Build might be incomplete.
11:31:05 **** Incremental Build of configuration Debug for project ice40_nano ****
make all 
Building file: ../src/main.c
Invoking: GNU RISC-V Cross C Compiler
riscv-none-embed-gcc -march=rv32i -mabi=ilp32 -msmall-data-limit=8 -mno-save-restore -O0 -fmessage-length=0 -fsigned-char -ffunction-sections -fdata-sections  -g3 -DLSCC_STDIO_UART_APB -I"O:\src\Propel\iCE40UP\ice40_nano\ws\ice40_nano/src" -I"O:\src\Propel\iCE40UP\ice40_nano\ws\ice40_nano/src/bsp" -I"O:\src\Propel\iCE40UP\ice40_nano\ws\ice40_nano/src/bsp/driver" -I"O:\src\Propel\iCE40UP\ice40_nano\ws\ice40_nano/src/bsp/driver/gpio" -I"O:\src\Propel\iCE40UP\ice40_nano\ws\ice40_nano/src/bsp/driver/riscv_nano" -I"O:\src\Propel\iCE40UP\ice40_nano\ws\ice40_nano/src/bsp/driver/uart" -I"O:\src\Propel\iCE40UP\ice40_nano\ws\ice40_nano/src/bsp/driver/timer" -std=gnu11 --specs=picolibc.specs -DPICOLIBC_INTEGER_PRINTF_SCANF -MMD -MP -MF"src/main.d" -MT"src/main.o" -c -o "src/main.o" "../src/main.c"
Finished building: ../src/main.c
 
Building file: ../src/utils.c
Invoking: GNU RISC-V Cross C Compiler
riscv-none-embed-gcc -march=rv32i -mabi=ilp32 -msmall-data-limit=8 -mno-save-restore -O0 -fmessage-length=0 -fsigned-char -ffunction-sections -fdata-sections  -g3 -DLSCC_STDIO_UART_APB -I"O:\src\Propel\iCE40UP\ice40_nano\ws\ice40_nano/src" -I"O:\src\Propel\iCE40UP\ice40_nano\ws\ice40_nano/src/bsp" -I"O:\src\Propel\iCE40UP\ice40_nano\ws\ice40_nano/src/bsp/driver" -I"O:\src\Propel\iCE40UP\ice40_nano\ws\ice40_nano/src/bsp/driver/gpio" -I"O:\src\Propel\iCE40UP\ice40_nano\ws\ice40_nano/src/bsp/driver/riscv_nano" -I"O:\src\Propel\iCE40UP\ice40_nano\ws\ice40_nano/src/bsp/driver/uart" -I"O:\src\Propel\iCE40UP\ice40_nano\ws\ice40_nano/src/bsp/driver/timer" -std=gnu11 --specs=picolibc.specs -DPICOLIBC_INTEGER_PRINTF_SCANF -MMD -MP -MF"src/utils.d" -MT"src/utils.o" -c -o "src/utils.o" "../src/utils.c"
Finished building: ../src/utils.c
 
Building target: ice40_nano.elf
Invoking: GNU RISC-V Cross C Linker
riscv-none-embed-gcc -march=rv32i -mabi=ilp32 -msmall-data-limit=8 -mno-save-restore -O0 -fmessage-length=0 -fsigned-char -ffunction-sections -fdata-sections  -g3 -T "O:/src/Propel/iCE40UP/ice40_nano/ws/ice40_nano/src/linker.ld" -nostartfiles -Xlinker --gc-sections -Wl,-Map,"ice40_nano.map" --specs=picolibc.specs -DPICOLIBC_INTEGER_PRINTF_SCANF -o "ice40_nano.elf"  ./src/bsp/driver/uart/uart.o  ./src/bsp/driver/timer/timer.o  ./src/bsp/driver/riscv_nano/crt0.o ./src/bsp/driver/riscv_nano/exit.o ./src/bsp/driver/riscv_nano/interrupt.o ./src/bsp/driver/riscv_nano/iob.o ./src/bsp/driver/riscv_nano/pic.o ./src/bsp/driver/riscv_nano/reg_access.o ./src/bsp/driver/riscv_nano/util.o  ./src/bsp/driver/gpio/gpio.o  ./src/bsp/reg_test.o  ./src/i2c_controller.o ./src/lib_ov08x.o ./src/main.o ./src/utils.o   
Finished building target: ice40_nano.elf
 
Invoking: GNU RISC-V Cross Create Listing
riscv-none-embed-objdump --source --all-headers --demangle --line-numbers --wide "ice40_nano.elf" > "ice40_nano.lst"
Finished building: ice40_nano.lst
 
Invoking: GNU RISC-V Cross Print Size
riscv-none-embed-size --format=berkeley "ice40_nano.elf"
   text	   data	    bss	    dec	    hex	filename
   2664	     24	   2916	   5604	   15e4	ice40_nano.elf
Finished building: ice40_nano.siz
 
Invoking: Lattice Multi Memory Deployment (CODE SEGMENT)
riscv-none-embed-objcopy -O binary --gap-fill 0 -j .text -j .ctors -j .dtors "ice40_nano.elf" tmp; srec_cat tmp -Binary -byte-swap 4 -DISable Header -Output "ice40_nano_Code.mem" -MEM 32
Finished building: ice40_nano_Code.mem
 
Invoking: Lattice Multi Memory Deployment (DATA SEGMENT)
riscv-none-embed-objcopy -O binary --gap-fill 0 -j .rodata -j .data -j .bss "ice40_nano.elf" tmp; srec_cat tmp -Binary -byte-swap 4 -DISable Header -Output "ice40_nano_Data.mem" -MEM 32
Finished building: ice40_nano_Data.mem
 
post build
post_build.bat

O:\src\Propel\iCE40UP\ice40_nano\ws\ice40_nano\Debug>copy /y ice40_nano_Code.mem ..\..\..\tb  
        1 file(s) copied.

O:\src\Propel\iCE40UP\ice40_nano\ws\ice40_nano\Debug>python mem2bin.py ice40_nano_Code.mem ice40_nano_Code.bin -be 

O:\src\Propel\iCE40UP\ice40_nano\ws\ice40_nano\Debug>python mem2bin.py ice40_nano_Data.mem ice40_nano_Data.bin -be 
 
11:35:29 **** Incremental Build of configuration Debug for project ice40_nano ****
make all 
Building file: ../src/bsp/driver/uart/uart.c
Invoking: GNU RISC-V Cross C Compiler
riscv-none-embed-gcc -march=rv32i -mabi=ilp32 -msmall-data-limit=8 -mno-save-restore -O0 -fmessage-length=0 -fsigned-char -ffunction-sections -fdata-sections  -g3 -DLSCC_STDIO_UART_APB -I"O:\src\Propel\iCE40UP\ice40_nano\ws\ice40_nano/src" -I"O:\src\Propel\iCE40UP\ice40_nano\ws\ice40_nano/src/bsp" -I"O:\src\Propel\iCE40UP\ice40_nano\ws\ice40_nano/src/bsp/driver" -I"O:\src\Propel\iCE40UP\ice40_nano\ws\ice40_nano/src/bsp/driver/gpio" -I"O:\src\Propel\iCE40UP\ice40_nano\ws\ice40_nano/src/bsp/driver/riscv_nano" -I"O:\src\Propel\iCE40UP\ice40_nano\ws\ice40_nano/src/bsp/driver/uart" -I"O:\src\Propel\iCE40UP\ice40_nano\ws\ice40_nano/src/bsp/driver/timer" -std=gnu11 --specs=picolibc.specs -DPICOLIBC_INTEGER_PRINTF_SCANF -MMD -MP -MF"src/bsp/driver/uart/uart.d" -MT"src/bsp/driver/uart/uart.o" -c -o "src/bsp/driver/uart/uart.o" "../src/bsp/driver/uart/uart.c"
Finished building: ../src/bsp/driver/uart/uart.c
 
Building file: ../src/bsp/reg_test.c
Invoking: GNU RISC-V Cross C Compiler
riscv-none-embed-gcc -march=rv32i -mabi=ilp32 -msmall-data-limit=8 -mno-save-restore -O0 -fmessage-length=0 -fsigned-char -ffunction-sections -fdata-sections  -g3 -DLSCC_STDIO_UART_APB -I"O:\src\Propel\iCE40UP\ice40_nano\ws\ice40_nano/src" -I"O:\src\Propel\iCE40UP\ice40_nano\ws\ice40_nano/src/bsp" -I"O:\src\Propel\iCE40UP\ice40_nano\ws\ice40_nano/src/bsp/driver" -I"O:\src\Propel\iCE40UP\ice40_nano\ws\ice40_nano/src/bsp/driver/gpio" -I"O:\src\Propel\iCE40UP\ice40_nano\ws\ice40_nano/src/bsp/driver/riscv_nano" -I"O:\src\Propel\iCE40UP\ice40_nano\ws\ice40_nano/src/bsp/driver/uart" -I"O:\src\Propel\iCE40UP\ice40_nano\ws\ice40_nano/src/bsp/driver/timer" -std=gnu11 --specs=picolibc.specs -DPICOLIBC_INTEGER_PRINTF_SCANF -MMD -MP -MF"src/bsp/reg_test.d" -MT"src/bsp/reg_test.o" -c -o "src/bsp/reg_test.o" "../src/bsp/reg_test.c"
Finished building: ../src/bsp/reg_test.c
 
Building file: ../src/main.c
Invoking: GNU RISC-V Cross C Compiler
riscv-none-embed-gcc -march=rv32i -mabi=ilp32 -msmall-data-limit=8 -mno-save-restore -O0 -fmessage-length=0 -fsigned-char -ffunction-sections -fdata-sections  -g3 -DLSCC_STDIO_UART_APB -I"O:\src\Propel\iCE40UP\ice40_nano\ws\ice40_nano/src" -I"O:\src\Propel\iCE40UP\ice40_nano\ws\ice40_nano/src/bsp" -I"O:\src\Propel\iCE40UP\ice40_nano\ws\ice40_nano/src/bsp/driver" -I"O:\src\Propel\iCE40UP\ice40_nano\ws\ice40_nano/src/bsp/driver/gpio" -I"O:\src\Propel\iCE40UP\ice40_nano\ws\ice40_nano/src/bsp/driver/riscv_nano" -I"O:\src\Propel\iCE40UP\ice40_nano\ws\ice40_nano/src/bsp/driver/uart" -I"O:\src\Propel\iCE40UP\ice40_nano\ws\ice40_nano/src/bsp/driver/timer" -std=gnu11 --specs=picolibc.specs -DPICOLIBC_INTEGER_PRINTF_SCANF -MMD -MP -MF"src/main.d" -MT"src/main.o" -c -o "src/main.o" "../src/main.c"
Finished building: ../src/main.c
 
Building file: ../src/utils.c
Invoking: GNU RISC-V Cross C Compiler
riscv-none-embed-gcc -march=rv32i -mabi=ilp32 -msmall-data-limit=8 -mno-save-restore -O0 -fmessage-length=0 -fsigned-char -ffunction-sections -fdata-sections  -g3 -DLSCC_STDIO_UART_APB -I"O:\src\Propel\iCE40UP\ice40_nano\ws\ice40_nano/src" -I"O:\src\Propel\iCE40UP\ice40_nano\ws\ice40_nano/src/bsp" -I"O:\src\Propel\iCE40UP\ice40_nano\ws\ice40_nano/src/bsp/driver" -I"O:\src\Propel\iCE40UP\ice40_nano\ws\ice40_nano/src/bsp/driver/gpio" -I"O:\src\Propel\iCE40UP\ice40_nano\ws\ice40_nano/src/bsp/driver/riscv_nano" -I"O:\src\Propel\iCE40UP\ice40_nano\ws\ice40_nano/src/bsp/driver/uart" -I"O:\src\Propel\iCE40UP\ice40_nano\ws\ice40_nano/src/bsp/driver/timer" -std=gnu11 --specs=picolibc.specs -DPICOLIBC_INTEGER_PRINTF_SCANF -MMD -MP -MF"src/utils.d" -MT"src/utils.o" -c -o "src/utils.o" "../src/utils.c"
Finished building: ../src/utils.c
 
Building target: ice40_nano.elf
Invoking: GNU RISC-V Cross C Linker
riscv-none-embed-gcc -march=rv32i -mabi=ilp32 -msmall-data-limit=8 -mno-save-restore -O0 -fmessage-length=0 -fsigned-char -ffunction-sections -fdata-sections  -g3 -T "O:/src/Propel/iCE40UP/ice40_nano/ws/ice40_nano/src/linker.ld" -nostartfiles -Xlinker --gc-sections -Wl,-Map,"ice40_nano.map" --specs=picolibc.specs -DPICOLIBC_INTEGER_PRINTF_SCANF -o "ice40_nano.elf"  ./src/bsp/driver/uart/uart.o  ./src/bsp/driver/timer/timer.o  ./src/bsp/driver/riscv_nano/crt0.o ./src/bsp/driver/riscv_nano/exit.o ./src/bsp/driver/riscv_nano/interrupt.o ./src/bsp/driver/riscv_nano/iob.o ./src/bsp/driver/riscv_nano/pic.o ./src/bsp/driver/riscv_nano/reg_access.o ./src/bsp/driver/riscv_nano/util.o  ./src/bsp/driver/gpio/gpio.o  ./src/bsp/reg_test.o  ./src/i2c_controller.o ./src/lib_ov08x.o ./src/main.o ./src/utils.o   
Finished building target: ice40_nano.elf
 
Invoking: GNU RISC-V Cross Create Listing
riscv-none-embed-objdump --source --all-headers --demangle --line-numbers --wide "ice40_nano.elf" > "ice40_nano.lst"
Finished building: ice40_nano.lst
 
Invoking: GNU RISC-V Cross Print Size
riscv-none-embed-size --format=berkeley "ice40_nano.elf"
   text	   data	    bss	    dec	    hex	filename
   2756	     24	   2932	   5712	   1650	ice40_nano.elf
Finished building: ice40_nano.siz
 
Invoking: Lattice Multi Memory Deployment (CODE SEGMENT)
riscv-none-embed-objcopy -O binary --gap-fill 0 -j .text -j .ctors -j .dtors "ice40_nano.elf" tmp; srec_cat tmp -Binary -byte-swap 4 -DISable Header -Output "ice40_nano_Code.mem" -MEM 32
Finished building: ice40_nano_Code.mem
 
Invoking: Lattice Multi Memory Deployment (DATA SEGMENT)
riscv-none-embed-objcopy -O binary --gap-fill 0 -j .rodata -j .data -j .bss "ice40_nano.elf" tmp; srec_cat tmp -Binary -byte-swap 4 -DISable Header -Output "ice40_nano_Data.mem" -MEM 32
Finished building: ice40_nano_Data.mem
 
post build
post_build.bat

O:\src\Propel\iCE40UP\ice40_nano\ws\ice40_nano\Debug>copy /y ice40_nano_Code.mem ..\..\..\tb  
        1 file(s) copied.

O:\src\Propel\iCE40UP\ice40_nano\ws\ice40_nano\Debug>python mem2bin.py ice40_nano_Code.mem ice40_nano_Code.bin -be 

O:\src\Propel\iCE40UP\ice40_nano\ws\ice40_nano\Debug>python mem2bin.py ice40_nano_Data.mem ice40_nano_Data.bin -be 
 
12:00:22 **** Incremental Build of configuration Debug for project ice40_nano ****
make all 
Invoking: GNU RISC-V Cross Print Size
riscv-none-embed-size --format=berkeley "ice40_nano.elf"
   text	   data	    bss	    dec	    hex	filename
   2756	     24	   2932	   5712	   1650	ice40_nano.elf
Finished building: ice40_nano.siz
 
post build
post_build.bat

O:\src\Propel\iCE40UP\ice40_nano\ws\ice40_nano\Debug>copy /y ice40_nano_Code.mem ..\..\..\tb  
        1 file(s) copied.

O:\src\Propel\iCE40UP\ice40_nano\ws\ice40_nano\Debug>python mem2bin.py ice40_nano_Code.mem ice40_nano_Code.bin -be 

O:\src\Propel\iCE40UP\ice40_nano\ws\ice40_nano\Debug>python mem2bin.py ice40_nano_Data.mem ice40_nano_Data.bin -be 
 
15:42:02 **** Incremental Build of configuration Debug for project ice40_nano ****
make all 
Building file: ../src/bsp/driver/uart/uart.c
Invoking: GNU RISC-V Cross C Compiler
riscv-none-embed-gcc -march=rv32i -mabi=ilp32 -msmall-data-limit=8 -mno-save-restore -O0 -fmessage-length=0 -fsigned-char -ffunction-sections -fdata-sections  -g3 -DLSCC_STDIO_UART_APB -I"O:\src\Propel\iCE40UP\ice40_nano\ws\ice40_nano/src" -I"O:\src\Propel\iCE40UP\ice40_nano\ws\ice40_nano/src/bsp" -I"O:\src\Propel\iCE40UP\ice40_nano\ws\ice40_nano/src/bsp/driver" -I"O:\src\Propel\iCE40UP\ice40_nano\ws\ice40_nano/src/bsp/driver/gpio" -I"O:\src\Propel\iCE40UP\ice40_nano\ws\ice40_nano/src/bsp/driver/riscv_nano" -I"O:\src\Propel\iCE40UP\ice40_nano\ws\ice40_nano/src/bsp/driver/uart" -I"O:\src\Propel\iCE40UP\ice40_nano\ws\ice40_nano/src/bsp/driver/timer" -std=gnu11 --specs=picolibc.specs -DPICOLIBC_INTEGER_PRINTF_SCANF -MMD -MP -MF"src/bsp/driver/uart/uart.d" -MT"src/bsp/driver/uart/uart.o" -c -o "src/bsp/driver/uart/uart.o" "../src/bsp/driver/uart/uart.c"
Finished building: ../src/bsp/driver/uart/uart.c
 
Building file: ../src/bsp/driver/timer/timer.c
Invoking: GNU RISC-V Cross C Compiler
riscv-none-embed-gcc -march=rv32i -mabi=ilp32 -msmall-data-limit=8 -mno-save-restore -O0 -fmessage-length=0 -fsigned-char -ffunction-sections -fdata-sections  -g3 -DLSCC_STDIO_UART_APB -I"O:\src\Propel\iCE40UP\ice40_nano\ws\ice40_nano/src" -I"O:\src\Propel\iCE40UP\ice40_nano\ws\ice40_nano/src/bsp" -I"O:\src\Propel\iCE40UP\ice40_nano\ws\ice40_nano/src/bsp/driver" -I"O:\src\Propel\iCE40UP\ice40_nano\ws\ice40_nano/src/bsp/driver/gpio" -I"O:\src\Propel\iCE40UP\ice40_nano\ws\ice40_nano/src/bsp/driver/riscv_nano" -I"O:\src\Propel\iCE40UP\ice40_nano\ws\ice40_nano/src/bsp/driver/uart" -I"O:\src\Propel\iCE40UP\ice40_nano\ws\ice40_nano/src/bsp/driver/timer" -std=gnu11 --specs=picolibc.specs -DPICOLIBC_INTEGER_PRINTF_SCANF -MMD -MP -MF"src/bsp/driver/timer/timer.d" -MT"src/bsp/driver/timer/timer.o" -c -o "src/bsp/driver/timer/timer.o" "../src/bsp/driver/timer/timer.c"
In file included from ../src/bsp/driver/timer/timer.c:1:
../src/bsp/driver/timer/timer.h:52:35: error: unknown type name 'uint32_t'
   52 | void timer_set(unsigned char src, uint32_t period, uint32_t repeat);
      |                                   ^~~~~~~~
../src/bsp/driver/timer/timer.h:52:52: error: unknown type name 'uint32_t'
   52 | void timer_set(unsigned char src, uint32_t period, uint32_t repeat);
      |                                                    ^~~~~~~~
../src/bsp/driver/timer/timer.c:67:35: error: unknown type name 'uint32_t'
   67 | void timer_set(unsigned char src, uint32_t period, uint32_t repeat)
      |                                   ^~~~~~~~
../src/bsp/driver/timer/timer.c:67:52: error: unknown type name 'uint32_t'
   67 | void timer_set(unsigned char src, uint32_t period, uint32_t repeat)
      |                                                    ^~~~~~~~
make[1]: *** [src/bsp/driver/timer/subdir.mk:20: src/bsp/driver/timer/timer.o] Error 1
make: *** [makefile:61: all] Error 2
"make all" terminated with exit code 2. Build might be incomplete.
15:45:02 **** Incremental Build of configuration Debug for project ice40_nano ****
make all 
Building file: ../src/bsp/driver/timer/timer.c
Invoking: GNU RISC-V Cross C Compiler
riscv-none-embed-gcc -march=rv32i -mabi=ilp32 -msmall-data-limit=8 -mno-save-restore -O0 -fmessage-length=0 -fsigned-char -ffunction-sections -fdata-sections  -g3 -DLSCC_STDIO_UART_APB -I"O:\src\Propel\iCE40UP\ice40_nano\ws\ice40_nano/src" -I"O:\src\Propel\iCE40UP\ice40_nano\ws\ice40_nano/src/bsp" -I"O:\src\Propel\iCE40UP\ice40_nano\ws\ice40_nano/src/bsp/driver" -I"O:\src\Propel\iCE40UP\ice40_nano\ws\ice40_nano/src/bsp/driver/gpio" -I"O:\src\Propel\iCE40UP\ice40_nano\ws\ice40_nano/src/bsp/driver/riscv_nano" -I"O:\src\Propel\iCE40UP\ice40_nano\ws\ice40_nano/src/bsp/driver/uart" -I"O:\src\Propel\iCE40UP\ice40_nano\ws\ice40_nano/src/bsp/driver/timer" -std=gnu11 --specs=picolibc.specs -DPICOLIBC_INTEGER_PRINTF_SCANF -MMD -MP -MF"src/bsp/driver/timer/timer.d" -MT"src/bsp/driver/timer/timer.o" -c -o "src/bsp/driver/timer/timer.o" "../src/bsp/driver/timer/timer.c"
Finished building: ../src/bsp/driver/timer/timer.c
 
Building file: ../src/bsp/driver/riscv_nano/pic.c
Invoking: GNU RISC-V Cross C Compiler
riscv-none-embed-gcc -march=rv32i -mabi=ilp32 -msmall-data-limit=8 -mno-save-restore -O0 -fmessage-length=0 -fsigned-char -ffunction-sections -fdata-sections  -g3 -DLSCC_STDIO_UART_APB -I"O:\src\Propel\iCE40UP\ice40_nano\ws\ice40_nano/src" -I"O:\src\Propel\iCE40UP\ice40_nano\ws\ice40_nano/src/bsp" -I"O:\src\Propel\iCE40UP\ice40_nano\ws\ice40_nano/src/bsp/driver" -I"O:\src\Propel\iCE40UP\ice40_nano\ws\ice40_nano/src/bsp/driver/gpio" -I"O:\src\Propel\iCE40UP\ice40_nano\ws\ice40_nano/src/bsp/driver/riscv_nano" -I"O:\src\Propel\iCE40UP\ice40_nano\ws\ice40_nano/src/bsp/driver/uart" -I"O:\src\Propel\iCE40UP\ice40_nano\ws\ice40_nano/src/bsp/driver/timer" -std=gnu11 --specs=picolibc.specs -DPICOLIBC_INTEGER_PRINTF_SCANF -MMD -MP -MF"src/bsp/driver/riscv_nano/pic.d" -MT"src/bsp/driver/riscv_nano/pic.o" -c -o "src/bsp/driver/riscv_nano/pic.o" "../src/bsp/driver/riscv_nano/pic.c"
Finished building: ../src/bsp/driver/riscv_nano/pic.c
 
Building file: ../src/bsp/reg_test.c
Invoking: GNU RISC-V Cross C Compiler
riscv-none-embed-gcc -march=rv32i -mabi=ilp32 -msmall-data-limit=8 -mno-save-restore -O0 -fmessage-length=0 -fsigned-char -ffunction-sections -fdata-sections  -g3 -DLSCC_STDIO_UART_APB -I"O:\src\Propel\iCE40UP\ice40_nano\ws\ice40_nano/src" -I"O:\src\Propel\iCE40UP\ice40_nano\ws\ice40_nano/src/bsp" -I"O:\src\Propel\iCE40UP\ice40_nano\ws\ice40_nano/src/bsp/driver" -I"O:\src\Propel\iCE40UP\ice40_nano\ws\ice40_nano/src/bsp/driver/gpio" -I"O:\src\Propel\iCE40UP\ice40_nano\ws\ice40_nano/src/bsp/driver/riscv_nano" -I"O:\src\Propel\iCE40UP\ice40_nano\ws\ice40_nano/src/bsp/driver/uart" -I"O:\src\Propel\iCE40UP\ice40_nano\ws\ice40_nano/src/bsp/driver/timer" -std=gnu11 --specs=picolibc.specs -DPICOLIBC_INTEGER_PRINTF_SCANF -MMD -MP -MF"src/bsp/reg_test.d" -MT"src/bsp/reg_test.o" -c -o "src/bsp/reg_test.o" "../src/bsp/reg_test.c"
Finished building: ../src/bsp/reg_test.c
 
Building file: ../src/i2c_controller.c
Invoking: GNU RISC-V Cross C Compiler
riscv-none-embed-gcc -march=rv32i -mabi=ilp32 -msmall-data-limit=8 -mno-save-restore -O0 -fmessage-length=0 -fsigned-char -ffunction-sections -fdata-sections  -g3 -DLSCC_STDIO_UART_APB -I"O:\src\Propel\iCE40UP\ice40_nano\ws\ice40_nano/src" -I"O:\src\Propel\iCE40UP\ice40_nano\ws\ice40_nano/src/bsp" -I"O:\src\Propel\iCE40UP\ice40_nano\ws\ice40_nano/src/bsp/driver" -I"O:\src\Propel\iCE40UP\ice40_nano\ws\ice40_nano/src/bsp/driver/gpio" -I"O:\src\Propel\iCE40UP\ice40_nano\ws\ice40_nano/src/bsp/driver/riscv_nano" -I"O:\src\Propel\iCE40UP\ice40_nano\ws\ice40_nano/src/bsp/driver/uart" -I"O:\src\Propel\iCE40UP\ice40_nano\ws\ice40_nano/src/bsp/driver/timer" -std=gnu11 --specs=picolibc.specs -DPICOLIBC_INTEGER_PRINTF_SCANF -MMD -MP -MF"src/i2c_controller.d" -MT"src/i2c_controller.o" -c -o "src/i2c_controller.o" "../src/i2c_controller.c"
Finished building: ../src/i2c_controller.c
 
Building file: ../src/lib_ov08x.c
Invoking: GNU RISC-V Cross C Compiler
riscv-none-embed-gcc -march=rv32i -mabi=ilp32 -msmall-data-limit=8 -mno-save-restore -O0 -fmessage-length=0 -fsigned-char -ffunction-sections -fdata-sections  -g3 -DLSCC_STDIO_UART_APB -I"O:\src\Propel\iCE40UP\ice40_nano\ws\ice40_nano/src" -I"O:\src\Propel\iCE40UP\ice40_nano\ws\ice40_nano/src/bsp" -I"O:\src\Propel\iCE40UP\ice40_nano\ws\ice40_nano/src/bsp/driver" -I"O:\src\Propel\iCE40UP\ice40_nano\ws\ice40_nano/src/bsp/driver/gpio" -I"O:\src\Propel\iCE40UP\ice40_nano\ws\ice40_nano/src/bsp/driver/riscv_nano" -I"O:\src\Propel\iCE40UP\ice40_nano\ws\ice40_nano/src/bsp/driver/uart" -I"O:\src\Propel\iCE40UP\ice40_nano\ws\ice40_nano/src/bsp/driver/timer" -std=gnu11 --specs=picolibc.specs -DPICOLIBC_INTEGER_PRINTF_SCANF -MMD -MP -MF"src/lib_ov08x.d" -MT"src/lib_ov08x.o" -c -o "src/lib_ov08x.o" "../src/lib_ov08x.c"
Finished building: ../src/lib_ov08x.c
 
Building file: ../src/main.c
Invoking: GNU RISC-V Cross C Compiler
riscv-none-embed-gcc -march=rv32i -mabi=ilp32 -msmall-data-limit=8 -mno-save-restore -O0 -fmessage-length=0 -fsigned-char -ffunction-sections -fdata-sections  -g3 -DLSCC_STDIO_UART_APB -I"O:\src\Propel\iCE40UP\ice40_nano\ws\ice40_nano/src" -I"O:\src\Propel\iCE40UP\ice40_nano\ws\ice40_nano/src/bsp" -I"O:\src\Propel\iCE40UP\ice40_nano\ws\ice40_nano/src/bsp/driver" -I"O:\src\Propel\iCE40UP\ice40_nano\ws\ice40_nano/src/bsp/driver/gpio" -I"O:\src\Propel\iCE40UP\ice40_nano\ws\ice40_nano/src/bsp/driver/riscv_nano" -I"O:\src\Propel\iCE40UP\ice40_nano\ws\ice40_nano/src/bsp/driver/uart" -I"O:\src\Propel\iCE40UP\ice40_nano\ws\ice40_nano/src/bsp/driver/timer" -std=gnu11 --specs=picolibc.specs -DPICOLIBC_INTEGER_PRINTF_SCANF -MMD -MP -MF"src/main.d" -MT"src/main.o" -c -o "src/main.o" "../src/main.c"
In file included from ../src/main.c:57:
../src/main.c: In function 'main':
O:\src\Propel\iCE40UP\ice40_nano\ws\ice40_nano/src/bsp/driver/gpio/gpio.h:70:17: warning: passing argument 1 of 'gpio_set_direction' makes pointer from integer without a cast [-Wint-conversion]
   70 | #define GPIO7   (0x0080)
      |                 ^~~~~~~~
      |                 |
      |                 int
../src/main.c:130:21: note: in expansion of macro 'GPIO7'
  130 |  gpio_set_direction(GPIO7, GPIO_OUTPUT);
      |                     ^~~~~
O:\src\Propel\iCE40UP\ice40_nano\ws\ice40_nano/src/bsp/driver/gpio/gpio.h:123:56: note: expected 'struct gpio_instance *' but argument is of type 'int'
  123 | unsigned char gpio_set_direction(struct gpio_instance *this_gpio,
      |                                  ~~~~~~~~~~~~~~~~~~~~~~^~~~~~~~~
../src/main.c:130:2: error: too few arguments to function 'gpio_set_direction'
  130 |  gpio_set_direction(GPIO7, GPIO_OUTPUT);
      |  ^~~~~~~~~~~~~~~~~~
In file included from ../src/main.c:57:
O:\src\Propel\iCE40UP\ice40_nano\ws\ice40_nano/src/bsp/driver/gpio/gpio.h:123:15: note: declared here
  123 | unsigned char gpio_set_direction(struct gpio_instance *this_gpio,
      |               ^~~~~~~~~~~~~~~~~~
../src/main.c:136:35: error: 'timer_isr' undeclared (first use in this function); did you mean 'timer_set'?
  136 |  pic_isr_register(TIMER_INST_IRQ, timer_isr, NULL);
      |                                   ^~~~~~~~~
      |                                   timer_set
../src/main.c:136:35: note: each undeclared identifier is reported only once for each function it appears in
make[1]: *** [src/subdir.mk:29: src/main.o] Error 1
make: *** [makefile:61: all] Error 2
"make all" terminated with exit code 2. Build might be incomplete.
15:47:58 **** Incremental Build of configuration Debug for project ice40_nano ****
make all 
Building file: ../src/bsp/driver/timer/timer.c
Invoking: GNU RISC-V Cross C Compiler
riscv-none-embed-gcc -march=rv32i -mabi=ilp32 -msmall-data-limit=8 -mno-save-restore -O0 -fmessage-length=0 -fsigned-char -ffunction-sections -fdata-sections  -g3 -DLSCC_STDIO_UART_APB -I"O:\src\Propel\iCE40UP\ice40_nano\ws\ice40_nano/src" -I"O:\src\Propel\iCE40UP\ice40_nano\ws\ice40_nano/src/bsp" -I"O:\src\Propel\iCE40UP\ice40_nano\ws\ice40_nano/src/bsp/driver" -I"O:\src\Propel\iCE40UP\ice40_nano\ws\ice40_nano/src/bsp/driver/gpio" -I"O:\src\Propel\iCE40UP\ice40_nano\ws\ice40_nano/src/bsp/driver/riscv_nano" -I"O:\src\Propel\iCE40UP\ice40_nano\ws\ice40_nano/src/bsp/driver/uart" -I"O:\src\Propel\iCE40UP\ice40_nano\ws\ice40_nano/src/bsp/driver/timer" -std=gnu11 --specs=picolibc.specs -DPICOLIBC_INTEGER_PRINTF_SCANF -MMD -MP -MF"src/bsp/driver/timer/timer.d" -MT"src/bsp/driver/timer/timer.o" -c -o "src/bsp/driver/timer/timer.o" "../src/bsp/driver/timer/timer.c"
Finished building: ../src/bsp/driver/timer/timer.c
 
Building file: ../src/i2c_controller.c
Invoking: GNU RISC-V Cross C Compiler
riscv-none-embed-gcc -march=rv32i -mabi=ilp32 -msmall-data-limit=8 -mno-save-restore -O0 -fmessage-length=0 -fsigned-char -ffunction-sections -fdata-sections  -g3 -DLSCC_STDIO_UART_APB -I"O:\src\Propel\iCE40UP\ice40_nano\ws\ice40_nano/src" -I"O:\src\Propel\iCE40UP\ice40_nano\ws\ice40_nano/src/bsp" -I"O:\src\Propel\iCE40UP\ice40_nano\ws\ice40_nano/src/bsp/driver" -I"O:\src\Propel\iCE40UP\ice40_nano\ws\ice40_nano/src/bsp/driver/gpio" -I"O:\src\Propel\iCE40UP\ice40_nano\ws\ice40_nano/src/bsp/driver/riscv_nano" -I"O:\src\Propel\iCE40UP\ice40_nano\ws\ice40_nano/src/bsp/driver/uart" -I"O:\src\Propel\iCE40UP\ice40_nano\ws\ice40_nano/src/bsp/driver/timer" -std=gnu11 --specs=picolibc.specs -DPICOLIBC_INTEGER_PRINTF_SCANF -MMD -MP -MF"src/i2c_controller.d" -MT"src/i2c_controller.o" -c -o "src/i2c_controller.o" "../src/i2c_controller.c"
Finished building: ../src/i2c_controller.c
 
Building file: ../src/lib_ov08x.c
Invoking: GNU RISC-V Cross C Compiler
riscv-none-embed-gcc -march=rv32i -mabi=ilp32 -msmall-data-limit=8 -mno-save-restore -O0 -fmessage-length=0 -fsigned-char -ffunction-sections -fdata-sections  -g3 -DLSCC_STDIO_UART_APB -I"O:\src\Propel\iCE40UP\ice40_nano\ws\ice40_nano/src" -I"O:\src\Propel\iCE40UP\ice40_nano\ws\ice40_nano/src/bsp" -I"O:\src\Propel\iCE40UP\ice40_nano\ws\ice40_nano/src/bsp/driver" -I"O:\src\Propel\iCE40UP\ice40_nano\ws\ice40_nano/src/bsp/driver/gpio" -I"O:\src\Propel\iCE40UP\ice40_nano\ws\ice40_nano/src/bsp/driver/riscv_nano" -I"O:\src\Propel\iCE40UP\ice40_nano\ws\ice40_nano/src/bsp/driver/uart" -I"O:\src\Propel\iCE40UP\ice40_nano\ws\ice40_nano/src/bsp/driver/timer" -std=gnu11 --specs=picolibc.specs -DPICOLIBC_INTEGER_PRINTF_SCANF -MMD -MP -MF"src/lib_ov08x.d" -MT"src/lib_ov08x.o" -c -o "src/lib_ov08x.o" "../src/lib_ov08x.c"
Finished building: ../src/lib_ov08x.c
 
Building file: ../src/main.c
Invoking: GNU RISC-V Cross C Compiler
riscv-none-embed-gcc -march=rv32i -mabi=ilp32 -msmall-data-limit=8 -mno-save-restore -O0 -fmessage-length=0 -fsigned-char -ffunction-sections -fdata-sections  -g3 -DLSCC_STDIO_UART_APB -I"O:\src\Propel\iCE40UP\ice40_nano\ws\ice40_nano/src" -I"O:\src\Propel\iCE40UP\ice40_nano\ws\ice40_nano/src/bsp" -I"O:\src\Propel\iCE40UP\ice40_nano\ws\ice40_nano/src/bsp/driver" -I"O:\src\Propel\iCE40UP\ice40_nano\ws\ice40_nano/src/bsp/driver/gpio" -I"O:\src\Propel\iCE40UP\ice40_nano\ws\ice40_nano/src/bsp/driver/riscv_nano" -I"O:\src\Propel\iCE40UP\ice40_nano\ws\ice40_nano/src/bsp/driver/uart" -I"O:\src\Propel\iCE40UP\ice40_nano\ws\ice40_nano/src/bsp/driver/timer" -std=gnu11 --specs=picolibc.specs -DPICOLIBC_INTEGER_PRINTF_SCANF -MMD -MP -MF"src/main.d" -MT"src/main.o" -c -o "src/main.o" "../src/main.c"
Finished building: ../src/main.c
 
Building file: ../src/utils.c
Invoking: GNU RISC-V Cross C Compiler
riscv-none-embed-gcc -march=rv32i -mabi=ilp32 -msmall-data-limit=8 -mno-save-restore -O0 -fmessage-length=0 -fsigned-char -ffunction-sections -fdata-sections  -g3 -DLSCC_STDIO_UART_APB -I"O:\src\Propel\iCE40UP\ice40_nano\ws\ice40_nano/src" -I"O:\src\Propel\iCE40UP\ice40_nano\ws\ice40_nano/src/bsp" -I"O:\src\Propel\iCE40UP\ice40_nano\ws\ice40_nano/src/bsp/driver" -I"O:\src\Propel\iCE40UP\ice40_nano\ws\ice40_nano/src/bsp/driver/gpio" -I"O:\src\Propel\iCE40UP\ice40_nano\ws\ice40_nano/src/bsp/driver/riscv_nano" -I"O:\src\Propel\iCE40UP\ice40_nano\ws\ice40_nano/src/bsp/driver/uart" -I"O:\src\Propel\iCE40UP\ice40_nano\ws\ice40_nano/src/bsp/driver/timer" -std=gnu11 --specs=picolibc.specs -DPICOLIBC_INTEGER_PRINTF_SCANF -MMD -MP -MF"src/utils.d" -MT"src/utils.o" -c -o "src/utils.o" "../src/utils.c"
Finished building: ../src/utils.c
 
Building target: ice40_nano.elf
Invoking: GNU RISC-V Cross C Linker
riscv-none-embed-gcc -march=rv32i -mabi=ilp32 -msmall-data-limit=8 -mno-save-restore -O0 -fmessage-length=0 -fsigned-char -ffunction-sections -fdata-sections  -g3 -T "O:/src/Propel/iCE40UP/ice40_nano/ws/ice40_nano/src/linker.ld" -nostartfiles -Xlinker --gc-sections -Wl,-Map,"ice40_nano.map" --specs=picolibc.specs -DPICOLIBC_INTEGER_PRINTF_SCANF -o "ice40_nano.elf"  ./src/bsp/driver/uart/uart.o  ./src/bsp/driver/timer/timer.o  ./src/bsp/driver/riscv_nano/crt0.o ./src/bsp/driver/riscv_nano/exit.o ./src/bsp/driver/riscv_nano/interrupt.o ./src/bsp/driver/riscv_nano/iob.o ./src/bsp/driver/riscv_nano/pic.o ./src/bsp/driver/riscv_nano/reg_access.o ./src/bsp/driver/riscv_nano/util.o  ./src/bsp/driver/gpio/gpio.o  ./src/bsp/reg_test.o  ./src/i2c_controller.o ./src/lib_ov08x.o ./src/main.o ./src/utils.o   
Finished building target: ice40_nano.elf
 
Invoking: GNU RISC-V Cross Create Listing
riscv-none-embed-objdump --source --all-headers --demangle --line-numbers --wide "ice40_nano.elf" > "ice40_nano.lst"
Finished building: ice40_nano.lst
 
Invoking: GNU RISC-V Cross Print Size
riscv-none-embed-size --format=berkeley "ice40_nano.elf"
   text	   data	    bss	    dec	    hex	filename
   3924	     24	   2936	   6884	   1ae4	ice40_nano.elf
Finished building: ice40_nano.siz
 
Invoking: Lattice Multi Memory Deployment (CODE SEGMENT)
riscv-none-embed-objcopy -O binary --gap-fill 0 -j .text -j .ctors -j .dtors "ice40_nano.elf" tmp; srec_cat tmp -Binary -byte-swap 4 -DISable Header -Output "ice40_nano_Code.mem" -MEM 32
Finished building: ice40_nano_Code.mem
 
Invoking: Lattice Multi Memory Deployment (DATA SEGMENT)
riscv-none-embed-objcopy -O binary --gap-fill 0 -j .rodata -j .data -j .bss "ice40_nano.elf" tmp; srec_cat tmp -Binary -byte-swap 4 -DISable Header -Output "ice40_nano_Data.mem" -MEM 32
Finished building: ice40_nano_Data.mem
 
post build
post_build.bat

O:\src\Propel\iCE40UP\ice40_nano\ws\ice40_nano\Debug>copy /y ice40_nano_Code.mem ..\..\..\tb  
        1 file(s) copied.

O:\src\Propel\iCE40UP\ice40_nano\ws\ice40_nano\Debug>python mem2bin.py ice40_nano_Code.mem ice40_nano_Code.bin -be 

O:\src\Propel\iCE40UP\ice40_nano\ws\ice40_nano\Debug>python mem2bin.py ice40_nano_Data.mem ice40_nano_Data.bin -be 
 
21:27:47 **** Incremental Build of configuration Debug for project ice40_nano ****
make all 
Building file: ../src/bsp/driver/riscv_nano/pic.c
Invoking: GNU RISC-V Cross C Compiler
riscv-none-embed-gcc -march=rv32i -mabi=ilp32 -msmall-data-limit=8 -mno-save-restore -O0 -fmessage-length=0 -fsigned-char -ffunction-sections -fdata-sections  -g3 -DLSCC_STDIO_UART_APB -I"O:\src\Propel\iCE40UP\ice40_nano\ws\ice40_nano/src" -I"O:\src\Propel\iCE40UP\ice40_nano\ws\ice40_nano/src/bsp" -I"O:\src\Propel\iCE40UP\ice40_nano\ws\ice40_nano/src/bsp/driver" -I"O:\src\Propel\iCE40UP\ice40_nano\ws\ice40_nano/src/bsp/driver/gpio" -I"O:\src\Propel\iCE40UP\ice40_nano\ws\ice40_nano/src/bsp/driver/riscv_nano" -I"O:\src\Propel\iCE40UP\ice40_nano\ws\ice40_nano/src/bsp/driver/uart" -I"O:\src\Propel\iCE40UP\ice40_nano\ws\ice40_nano/src/bsp/driver/timer" -std=gnu11 --specs=picolibc.specs -DPICOLIBC_INTEGER_PRINTF_SCANF -MMD -MP -MF"src/bsp/driver/riscv_nano/pic.d" -MT"src/bsp/driver/riscv_nano/pic.o" -c -o "src/bsp/driver/riscv_nano/pic.o" "../src/bsp/driver/riscv_nano/pic.c"
Finished building: ../src/bsp/driver/riscv_nano/pic.c
 
Building target: ice40_nano.elf
Invoking: GNU RISC-V Cross C Linker
riscv-none-embed-gcc -march=rv32i -mabi=ilp32 -msmall-data-limit=8 -mno-save-restore -O0 -fmessage-length=0 -fsigned-char -ffunction-sections -fdata-sections  -g3 -T "O:/src/Propel/iCE40UP/ice40_nano/ws/ice40_nano/src/linker.ld" -nostartfiles -Xlinker --gc-sections -Wl,-Map,"ice40_nano.map" --specs=picolibc.specs -DPICOLIBC_INTEGER_PRINTF_SCANF -o "ice40_nano.elf"  ./src/bsp/driver/uart/uart.o  ./src/bsp/driver/timer/timer.o  ./src/bsp/driver/riscv_nano/crt0.o ./src/bsp/driver/riscv_nano/exit.o ./src/bsp/driver/riscv_nano/interrupt.o ./src/bsp/driver/riscv_nano/iob.o ./src/bsp/driver/riscv_nano/pic.o ./src/bsp/driver/riscv_nano/reg_access.o ./src/bsp/driver/riscv_nano/util.o  ./src/bsp/driver/gpio/gpio.o  ./src/bsp/reg_test.o  ./src/i2c_controller.o ./src/lib_ov08x.o ./src/main.o ./src/utils.o   
Finished building target: ice40_nano.elf
 
Invoking: GNU RISC-V Cross Create Listing
riscv-none-embed-objdump --source --all-headers --demangle --line-numbers --wide "ice40_nano.elf" > "ice40_nano.lst"
Finished building: ice40_nano.lst
 
Invoking: GNU RISC-V Cross Print Size
riscv-none-embed-size --format=berkeley "ice40_nano.elf"
   text	   data	    bss	    dec	    hex	filename
   3924	     24	   2936	   6884	   1ae4	ice40_nano.elf
Finished building: ice40_nano.siz
 
Invoking: Lattice Multi Memory Deployment (CODE SEGMENT)
riscv-none-embed-objcopy -O binary --gap-fill 0 -j .text -j .ctors -j .dtors "ice40_nano.elf" tmp; srec_cat tmp -Binary -byte-swap 4 -DISable Header -Output "ice40_nano_Code.mem" -MEM 32
Finished building: ice40_nano_Code.mem
 
Invoking: Lattice Multi Memory Deployment (DATA SEGMENT)
riscv-none-embed-objcopy -O binary --gap-fill 0 -j .rodata -j .data -j .bss "ice40_nano.elf" tmp; srec_cat tmp -Binary -byte-swap 4 -DISable Header -Output "ice40_nano_Data.mem" -MEM 32
Finished building: ice40_nano_Data.mem
 
post build
post_build.bat

O:\src\Propel\iCE40UP\ice40_nano\ws\ice40_nano\Debug>copy /y ice40_nano_Code.mem ..\..\..\tb  
        1 file(s) copied.

O:\src\Propel\iCE40UP\ice40_nano\ws\ice40_nano\Debug>python mem2bin.py ice40_nano_Code.mem ice40_nano_Code.bin -be 

O:\src\Propel\iCE40UP\ice40_nano\ws\ice40_nano\Debug>python mem2bin.py ice40_nano_Data.mem ice40_nano_Data.bin -be 
 
11:03:47 **** Incremental Build of configuration Debug for project ice40_nano ****
make all 
Building file: ../src/bsp/driver/riscv_nano/pic.c
Invoking: GNU RISC-V Cross C Compiler
riscv-none-embed-gcc -march=rv32i -mabi=ilp32 -msmall-data-limit=8 -mno-save-restore -O0 -fmessage-length=0 -fsigned-char -ffunction-sections -fdata-sections  -g3 -DLSCC_STDIO_UART_APB -I"O:\src\Propel\iCE40UP\ice40_nano\ws\ice40_nano/src" -I"O:\src\Propel\iCE40UP\ice40_nano\ws\ice40_nano/src/bsp" -I"O:\src\Propel\iCE40UP\ice40_nano\ws\ice40_nano/src/bsp/driver" -I"O:\src\Propel\iCE40UP\ice40_nano\ws\ice40_nano/src/bsp/driver/gpio" -I"O:\src\Propel\iCE40UP\ice40_nano\ws\ice40_nano/src/bsp/driver/riscv_nano" -I"O:\src\Propel\iCE40UP\ice40_nano\ws\ice40_nano/src/bsp/driver/uart" -I"O:\src\Propel\iCE40UP\ice40_nano\ws\ice40_nano/src/bsp/driver/timer" -std=gnu11 --specs=picolibc.specs -DPICOLIBC_INTEGER_PRINTF_SCANF -MMD -MP -MF"src/bsp/driver/riscv_nano/pic.d" -MT"src/bsp/driver/riscv_nano/pic.o" -c -o "src/bsp/driver/riscv_nano/pic.o" "../src/bsp/driver/riscv_nano/pic.c"
Finished building: ../src/bsp/driver/riscv_nano/pic.c
 
Building target: ice40_nano.elf
Invoking: GNU RISC-V Cross C Linker
riscv-none-embed-gcc -march=rv32i -mabi=ilp32 -msmall-data-limit=8 -mno-save-restore -O0 -fmessage-length=0 -fsigned-char -ffunction-sections -fdata-sections  -g3 -T "O:/src/Propel/iCE40UP/ice40_nano/ws/ice40_nano/src/linker.ld" -nostartfiles -Xlinker --gc-sections -Wl,-Map,"ice40_nano.map" --specs=picolibc.specs -DPICOLIBC_INTEGER_PRINTF_SCANF -o "ice40_nano.elf"  ./src/bsp/driver/uart/uart.o  ./src/bsp/driver/timer/timer.o  ./src/bsp/driver/riscv_nano/crt0.o ./src/bsp/driver/riscv_nano/exit.o ./src/bsp/driver/riscv_nano/interrupt.o ./src/bsp/driver/riscv_nano/iob.o ./src/bsp/driver/riscv_nano/pic.o ./src/bsp/driver/riscv_nano/reg_access.o ./src/bsp/driver/riscv_nano/util.o  ./src/bsp/driver/gpio/gpio.o  ./src/bsp/reg_test.o  ./src/i2c_controller.o ./src/lib_ov08x.o ./src/main.o ./src/utils.o   
Finished building target: ice40_nano.elf
 
Invoking: GNU RISC-V Cross Create Listing
riscv-none-embed-objdump --source --all-headers --demangle --line-numbers --wide "ice40_nano.elf" > "ice40_nano.lst"
Finished building: ice40_nano.lst
 
Invoking: GNU RISC-V Cross Print Size
riscv-none-embed-size --format=berkeley "ice40_nano.elf"
   text	   data	    bss	    dec	    hex	filename
   3920	     24	   2936	   6880	   1ae0	ice40_nano.elf
Finished building: ice40_nano.siz
 
Invoking: Lattice Multi Memory Deployment (CODE SEGMENT)
riscv-none-embed-objcopy -O binary --gap-fill 0 -j .text -j .ctors -j .dtors "ice40_nano.elf" tmp; srec_cat tmp -Binary -byte-swap 4 -DISable Header -Output "ice40_nano_Code.mem" -MEM 32
Finished building: ice40_nano_Code.mem
 
Invoking: Lattice Multi Memory Deployment (DATA SEGMENT)
riscv-none-embed-objcopy -O binary --gap-fill 0 -j .rodata -j .data -j .bss "ice40_nano.elf" tmp; srec_cat tmp -Binary -byte-swap 4 -DISable Header -Output "ice40_nano_Data.mem" -MEM 32
Finished building: ice40_nano_Data.mem
 
post build
post_build.bat

O:\src\Propel\iCE40UP\ice40_nano\ws\ice40_nano\Debug>copy /y ice40_nano_Code.mem ..\..\..\tb  
        1 file(s) copied.

O:\src\Propel\iCE40UP\ice40_nano\ws\ice40_nano\Debug>python mem2bin.py ice40_nano_Code.mem ice40_nano_Code.bin -be 

O:\src\Propel\iCE40UP\ice40_nano\ws\ice40_nano\Debug>python mem2bin.py ice40_nano_Data.mem ice40_nano_Data.bin -be 
 
12:54:16 **** Incremental Build of configuration Debug for project ice40_nano ****
make all 
Building file: ../src/bsp/driver/riscv_nano/interrupt.c
Invoking: GNU RISC-V Cross C Compiler
riscv-none-embed-gcc -march=rv32i -mabi=ilp32 -msmall-data-limit=8 -mno-save-restore -O0 -fmessage-length=0 -fsigned-char -ffunction-sections -fdata-sections  -g3 -DLSCC_STDIO_UART_APB -I"O:\src\Propel\iCE40UP\ice40_nano\ws\ice40_nano/src" -I"O:\src\Propel\iCE40UP\ice40_nano\ws\ice40_nano/src/bsp" -I"O:\src\Propel\iCE40UP\ice40_nano\ws\ice40_nano/src/bsp/driver" -I"O:\src\Propel\iCE40UP\ice40_nano\ws\ice40_nano/src/bsp/driver/gpio" -I"O:\src\Propel\iCE40UP\ice40_nano\ws\ice40_nano/src/bsp/driver/riscv_nano" -I"O:\src\Propel\iCE40UP\ice40_nano\ws\ice40_nano/src/bsp/driver/uart" -I"O:\src\Propel\iCE40UP\ice40_nano\ws\ice40_nano/src/bsp/driver/timer" -std=gnu11 --specs=picolibc.specs -DPICOLIBC_INTEGER_PRINTF_SCANF -MMD -MP -MF"src/bsp/driver/riscv_nano/interrupt.d" -MT"src/bsp/driver/riscv_nano/interrupt.o" -c -o "src/bsp/driver/riscv_nano/interrupt.o" "../src/bsp/driver/riscv_nano/interrupt.c"
Finished building: ../src/bsp/driver/riscv_nano/interrupt.c
 
Building target: ice40_nano.elf
Invoking: GNU RISC-V Cross C Linker
riscv-none-embed-gcc -march=rv32i -mabi=ilp32 -msmall-data-limit=8 -mno-save-restore -O0 -fmessage-length=0 -fsigned-char -ffunction-sections -fdata-sections  -g3 -T "O:/src/Propel/iCE40UP/ice40_nano/ws/ice40_nano/src/linker.ld" -nostartfiles -Xlinker --gc-sections -Wl,-Map,"ice40_nano.map" --specs=picolibc.specs -DPICOLIBC_INTEGER_PRINTF_SCANF -o "ice40_nano.elf"  ./src/bsp/driver/uart/uart.o  ./src/bsp/driver/timer/timer.o  ./src/bsp/driver/riscv_nano/crt0.o ./src/bsp/driver/riscv_nano/exit.o ./src/bsp/driver/riscv_nano/interrupt.o ./src/bsp/driver/riscv_nano/iob.o ./src/bsp/driver/riscv_nano/pic.o ./src/bsp/driver/riscv_nano/reg_access.o ./src/bsp/driver/riscv_nano/util.o  ./src/bsp/driver/gpio/gpio.o  ./src/bsp/reg_test.o  ./src/i2c_controller.o ./src/lib_ov08x.o ./src/main.o ./src/utils.o   
Finished building target: ice40_nano.elf
 
Invoking: GNU RISC-V Cross Create Listing
riscv-none-embed-objdump --source --all-headers --demangle --line-numbers --wide "ice40_nano.elf" > "ice40_nano.lst"
Finished building: ice40_nano.lst
 
Invoking: GNU RISC-V Cross Print Size
riscv-none-embed-size --format=berkeley "ice40_nano.elf"
   text	   data	    bss	    dec	    hex	filename
   3852	     24	   2936	   6812	   1a9c	ice40_nano.elf
Finished building: ice40_nano.siz
 
Invoking: Lattice Multi Memory Deployment (CODE SEGMENT)
riscv-none-embed-objcopy -O binary --gap-fill 0 -j .text -j .ctors -j .dtors "ice40_nano.elf" tmp; srec_cat tmp -Binary -byte-swap 4 -DISable Header -Output "ice40_nano_Code.mem" -MEM 32
Finished building: ice40_nano_Code.mem
 
Invoking: Lattice Multi Memory Deployment (DATA SEGMENT)
riscv-none-embed-objcopy -O binary --gap-fill 0 -j .rodata -j .data -j .bss "ice40_nano.elf" tmp; srec_cat tmp -Binary -byte-swap 4 -DISable Header -Output "ice40_nano_Data.mem" -MEM 32
Finished building: ice40_nano_Data.mem
 
post build
post_build.bat

O:\src\Propel\iCE40UP\ice40_nano\ws\ice40_nano\Debug>copy /y ice40_nano_Code.mem ..\..\..\tb  
        1 file(s) copied.

O:\src\Propel\iCE40UP\ice40_nano\ws\ice40_nano\Debug>python mem2bin.py ice40_nano_Code.mem ice40_nano_Code.bin -be 

O:\src\Propel\iCE40UP\ice40_nano\ws\ice40_nano\Debug>python mem2bin.py ice40_nano_Data.mem ice40_nano_Data.bin -be 
 
13:34:12 **** Incremental Build of configuration Debug for project ice40_nano ****
make all 
Building file: ../src/bsp/driver/uart/uart.c
Invoking: GNU RISC-V Cross C Compiler
riscv-none-embed-gcc -march=rv32i -mabi=ilp32 -msmall-data-limit=8 -mno-save-restore -O0 -fmessage-length=0 -fsigned-char -ffunction-sections -fdata-sections  -g3 -DLSCC_STDIO_UART_APB -I"O:\src\Propel\iCE40UP\ice40_nano\ws\ice40_nano/src" -I"O:\src\Propel\iCE40UP\ice40_nano\ws\ice40_nano/src/bsp" -I"O:\src\Propel\iCE40UP\ice40_nano\ws\ice40_nano/src/bsp/driver" -I"O:\src\Propel\iCE40UP\ice40_nano\ws\ice40_nano/src/bsp/driver/gpio" -I"O:\src\Propel\iCE40UP\ice40_nano\ws\ice40_nano/src/bsp/driver/riscv_nano" -I"O:\src\Propel\iCE40UP\ice40_nano\ws\ice40_nano/src/bsp/driver/uart" -I"O:\src\Propel\iCE40UP\ice40_nano\ws\ice40_nano/src/bsp/driver/timer" -std=gnu11 --specs=picolibc.specs -DPICOLIBC_INTEGER_PRINTF_SCANF -MMD -MP -MF"src/bsp/driver/uart/uart.d" -MT"src/bsp/driver/uart/uart.o" -c -o "src/bsp/driver/uart/uart.o" "../src/bsp/driver/uart/uart.c"
Finished building: ../src/bsp/driver/uart/uart.c
 
Building file: ../src/bsp/driver/riscv_nano/interrupt.c
Invoking: GNU RISC-V Cross C Compiler
riscv-none-embed-gcc -march=rv32i -mabi=ilp32 -msmall-data-limit=8 -mno-save-restore -O0 -fmessage-length=0 -fsigned-char -ffunction-sections -fdata-sections  -g3 -DLSCC_STDIO_UART_APB -I"O:\src\Propel\iCE40UP\ice40_nano\ws\ice40_nano/src" -I"O:\src\Propel\iCE40UP\ice40_nano\ws\ice40_nano/src/bsp" -I"O:\src\Propel\iCE40UP\ice40_nano\ws\ice40_nano/src/bsp/driver" -I"O:\src\Propel\iCE40UP\ice40_nano\ws\ice40_nano/src/bsp/driver/gpio" -I"O:\src\Propel\iCE40UP\ice40_nano\ws\ice40_nano/src/bsp/driver/riscv_nano" -I"O:\src\Propel\iCE40UP\ice40_nano\ws\ice40_nano/src/bsp/driver/uart" -I"O:\src\Propel\iCE40UP\ice40_nano\ws\ice40_nano/src/bsp/driver/timer" -std=gnu11 --specs=picolibc.specs -DPICOLIBC_INTEGER_PRINTF_SCANF -MMD -MP -MF"src/bsp/driver/riscv_nano/interrupt.d" -MT"src/bsp/driver/riscv_nano/interrupt.o" -c -o "src/bsp/driver/riscv_nano/interrupt.o" "../src/bsp/driver/riscv_nano/interrupt.c"
Finished building: ../src/bsp/driver/riscv_nano/interrupt.c
 
Building file: ../src/bsp/driver/riscv_nano/pic.c
Invoking: GNU RISC-V Cross C Compiler
riscv-none-embed-gcc -march=rv32i -mabi=ilp32 -msmall-data-limit=8 -mno-save-restore -O0 -fmessage-length=0 -fsigned-char -ffunction-sections -fdata-sections  -g3 -DLSCC_STDIO_UART_APB -I"O:\src\Propel\iCE40UP\ice40_nano\ws\ice40_nano/src" -I"O:\src\Propel\iCE40UP\ice40_nano\ws\ice40_nano/src/bsp" -I"O:\src\Propel\iCE40UP\ice40_nano\ws\ice40_nano/src/bsp/driver" -I"O:\src\Propel\iCE40UP\ice40_nano\ws\ice40_nano/src/bsp/driver/gpio" -I"O:\src\Propel\iCE40UP\ice40_nano\ws\ice40_nano/src/bsp/driver/riscv_nano" -I"O:\src\Propel\iCE40UP\ice40_nano\ws\ice40_nano/src/bsp/driver/uart" -I"O:\src\Propel\iCE40UP\ice40_nano\ws\ice40_nano/src/bsp/driver/timer" -std=gnu11 --specs=picolibc.specs -DPICOLIBC_INTEGER_PRINTF_SCANF -MMD -MP -MF"src/bsp/driver/riscv_nano/pic.d" -MT"src/bsp/driver/riscv_nano/pic.o" -c -o "src/bsp/driver/riscv_nano/pic.o" "../src/bsp/driver/riscv_nano/pic.c"
Finished building: ../src/bsp/driver/riscv_nano/pic.c
 
Building file: ../src/main.c
Invoking: GNU RISC-V Cross C Compiler
riscv-none-embed-gcc -march=rv32i -mabi=ilp32 -msmall-data-limit=8 -mno-save-restore -O0 -fmessage-length=0 -fsigned-char -ffunction-sections -fdata-sections  -g3 -DLSCC_STDIO_UART_APB -I"O:\src\Propel\iCE40UP\ice40_nano\ws\ice40_nano/src" -I"O:\src\Propel\iCE40UP\ice40_nano\ws\ice40_nano/src/bsp" -I"O:\src\Propel\iCE40UP\ice40_nano\ws\ice40_nano/src/bsp/driver" -I"O:\src\Propel\iCE40UP\ice40_nano\ws\ice40_nano/src/bsp/driver/gpio" -I"O:\src\Propel\iCE40UP\ice40_nano\ws\ice40_nano/src/bsp/driver/riscv_nano" -I"O:\src\Propel\iCE40UP\ice40_nano\ws\ice40_nano/src/bsp/driver/uart" -I"O:\src\Propel\iCE40UP\ice40_nano\ws\ice40_nano/src/bsp/driver/timer" -std=gnu11 --specs=picolibc.specs -DPICOLIBC_INTEGER_PRINTF_SCANF -MMD -MP -MF"src/main.d" -MT"src/main.o" -c -o "src/main.o" "../src/main.c"
Finished building: ../src/main.c
 
Building target: ice40_nano.elf
Invoking: GNU RISC-V Cross C Linker
riscv-none-embed-gcc -march=rv32i -mabi=ilp32 -msmall-data-limit=8 -mno-save-restore -O0 -fmessage-length=0 -fsigned-char -ffunction-sections -fdata-sections  -g3 -T "O:/src/Propel/iCE40UP/ice40_nano/ws/ice40_nano/src/linker.ld" -nostartfiles -Xlinker --gc-sections -Wl,-Map,"ice40_nano.map" --specs=picolibc.specs -DPICOLIBC_INTEGER_PRINTF_SCANF -o "ice40_nano.elf"  ./src/bsp/driver/uart/uart.o  ./src/bsp/driver/timer/timer.o  ./src/bsp/driver/riscv_nano/crt0.o ./src/bsp/driver/riscv_nano/exit.o ./src/bsp/driver/riscv_nano/interrupt.o ./src/bsp/driver/riscv_nano/iob.o ./src/bsp/driver/riscv_nano/pic.o ./src/bsp/driver/riscv_nano/reg_access.o ./src/bsp/driver/riscv_nano/util.o  ./src/bsp/driver/gpio/gpio.o  ./src/bsp/reg_test.o  ./src/i2c_controller.o ./src/lib_ov08x.o ./src/main.o ./src/utils.o   
Finished building target: ice40_nano.elf
 
Invoking: GNU RISC-V Cross Create Listing
riscv-none-embed-objdump --source --all-headers --demangle --line-numbers --wide "ice40_nano.elf" > "ice40_nano.lst"
Finished building: ice40_nano.lst
 
Invoking: GNU RISC-V Cross Print Size
riscv-none-embed-size --format=berkeley "ice40_nano.elf"
   text	   data	    bss	    dec	    hex	filename
   4060	     24	   2972	   7056	   1b90	ice40_nano.elf
Finished building: ice40_nano.siz
 
Invoking: Lattice Multi Memory Deployment (CODE SEGMENT)
riscv-none-embed-objcopy -O binary --gap-fill 0 -j .text -j .ctors -j .dtors "ice40_nano.elf" tmp; srec_cat tmp -Binary -byte-swap 4 -DISable Header -Output "ice40_nano_Code.mem" -MEM 32
Finished building: ice40_nano_Code.mem
 
Invoking: Lattice Multi Memory Deployment (DATA SEGMENT)
riscv-none-embed-objcopy -O binary --gap-fill 0 -j .rodata -j .data -j .bss "ice40_nano.elf" tmp; srec_cat tmp -Binary -byte-swap 4 -DISable Header -Output "ice40_nano_Data.mem" -MEM 32
Finished building: ice40_nano_Data.mem
 
post build
post_build.bat

O:\src\Propel\iCE40UP\ice40_nano\ws\ice40_nano\Debug>copy /y ice40_nano_Code.mem ..\..\..\tb  
        1 file(s) copied.

O:\src\Propel\iCE40UP\ice40_nano\ws\ice40_nano\Debug>python mem2bin.py ice40_nano_Code.mem ice40_nano_Code.bin -be 

O:\src\Propel\iCE40UP\ice40_nano\ws\ice40_nano\Debug>python mem2bin.py ice40_nano_Data.mem ice40_nano_Data.bin -be 
 
13:48:21 **** Incremental Build of configuration Debug for project ice40_nano ****
make all 
Building file: ../src/main.c
Invoking: GNU RISC-V Cross C Compiler
riscv-none-embed-gcc -march=rv32i -mabi=ilp32 -msmall-data-limit=8 -mno-save-restore -O0 -fmessage-length=0 -fsigned-char -ffunction-sections -fdata-sections  -g3 -DLSCC_STDIO_UART_APB -I"O:\src\Propel\iCE40UP\ice40_nano\ws\ice40_nano/src" -I"O:\src\Propel\iCE40UP\ice40_nano\ws\ice40_nano/src/bsp" -I"O:\src\Propel\iCE40UP\ice40_nano\ws\ice40_nano/src/bsp/driver" -I"O:\src\Propel\iCE40UP\ice40_nano\ws\ice40_nano/src/bsp/driver/gpio" -I"O:\src\Propel\iCE40UP\ice40_nano\ws\ice40_nano/src/bsp/driver/riscv_nano" -I"O:\src\Propel\iCE40UP\ice40_nano\ws\ice40_nano/src/bsp/driver/uart" -I"O:\src\Propel\iCE40UP\ice40_nano\ws\ice40_nano/src/bsp/driver/timer" -std=gnu11 --specs=picolibc.specs -DPICOLIBC_INTEGER_PRINTF_SCANF -MMD -MP -MF"src/main.d" -MT"src/main.o" -c -o "src/main.o" "../src/main.c"
Finished building: ../src/main.c
 
Building target: ice40_nano.elf
Invoking: GNU RISC-V Cross C Linker
riscv-none-embed-gcc -march=rv32i -mabi=ilp32 -msmall-data-limit=8 -mno-save-restore -O0 -fmessage-length=0 -fsigned-char -ffunction-sections -fdata-sections  -g3 -T "O:/src/Propel/iCE40UP/ice40_nano/ws/ice40_nano/src/linker.ld" -nostartfiles -Xlinker --gc-sections -Wl,-Map,"ice40_nano.map" --specs=picolibc.specs -DPICOLIBC_INTEGER_PRINTF_SCANF -o "ice40_nano.elf"  ./src/bsp/driver/uart/uart.o  ./src/bsp/driver/timer/timer.o  ./src/bsp/driver/riscv_nano/crt0.o ./src/bsp/driver/riscv_nano/exit.o ./src/bsp/driver/riscv_nano/interrupt.o ./src/bsp/driver/riscv_nano/iob.o ./src/bsp/driver/riscv_nano/pic.o ./src/bsp/driver/riscv_nano/reg_access.o ./src/bsp/driver/riscv_nano/util.o  ./src/bsp/driver/gpio/gpio.o  ./src/bsp/reg_test.o  ./src/i2c_controller.o ./src/lib_ov08x.o ./src/main.o ./src/utils.o   
Finished building target: ice40_nano.elf
 
Invoking: GNU RISC-V Cross Create Listing
riscv-none-embed-objdump --source --all-headers --demangle --line-numbers --wide "ice40_nano.elf" > "ice40_nano.lst"
Finished building: ice40_nano.lst
 
Invoking: GNU RISC-V Cross Print Size
riscv-none-embed-size --format=berkeley "ice40_nano.elf"
   text	   data	    bss	    dec	    hex	filename
   4060	     24	   2972	   7056	   1b90	ice40_nano.elf
Finished building: ice40_nano.siz
 
Invoking: Lattice Multi Memory Deployment (CODE SEGMENT)
riscv-none-embed-objcopy -O binary --gap-fill 0 -j .text -j .ctors -j .dtors "ice40_nano.elf" tmp; srec_cat tmp -Binary -byte-swap 4 -DISable Header -Output "ice40_nano_Code.mem" -MEM 32
Finished building: ice40_nano_Code.mem
 
Invoking: Lattice Multi Memory Deployment (DATA SEGMENT)
riscv-none-embed-objcopy -O binary --gap-fill 0 -j .rodata -j .data -j .bss "ice40_nano.elf" tmp; srec_cat tmp -Binary -byte-swap 4 -DISable Header -Output "ice40_nano_Data.mem" -MEM 32
Finished building: ice40_nano_Data.mem
 
post build
post_build.bat

O:\src\Propel\iCE40UP\ice40_nano\ws\ice40_nano\Debug>copy /y ice40_nano_Code.mem ..\..\..\tb  
        1 file(s) copied.

O:\src\Propel\iCE40UP\ice40_nano\ws\ice40_nano\Debug>python mem2bin.py ice40_nano_Code.mem ice40_nano_Code.bin -be 

O:\src\Propel\iCE40UP\ice40_nano\ws\ice40_nano\Debug>python mem2bin.py ice40_nano_Data.mem ice40_nano_Data.bin -be 
 
13:51:02 **** Incremental Build of configuration Debug for project ice40_nano ****
make all 
Building file: ../src/main.c
Invoking: GNU RISC-V Cross C Compiler
riscv-none-embed-gcc -march=rv32i -mabi=ilp32 -msmall-data-limit=8 -mno-save-restore -O0 -fmessage-length=0 -fsigned-char -ffunction-sections -fdata-sections  -g3 -DLSCC_STDIO_UART_APB -I"O:\src\Propel\iCE40UP\ice40_nano\ws\ice40_nano/src" -I"O:\src\Propel\iCE40UP\ice40_nano\ws\ice40_nano/src/bsp" -I"O:\src\Propel\iCE40UP\ice40_nano\ws\ice40_nano/src/bsp/driver" -I"O:\src\Propel\iCE40UP\ice40_nano\ws\ice40_nano/src/bsp/driver/gpio" -I"O:\src\Propel\iCE40UP\ice40_nano\ws\ice40_nano/src/bsp/driver/riscv_nano" -I"O:\src\Propel\iCE40UP\ice40_nano\ws\ice40_nano/src/bsp/driver/uart" -I"O:\src\Propel\iCE40UP\ice40_nano\ws\ice40_nano/src/bsp/driver/timer" -std=gnu11 --specs=picolibc.specs -DPICOLIBC_INTEGER_PRINTF_SCANF -MMD -MP -MF"src/main.d" -MT"src/main.o" -c -o "src/main.o" "../src/main.c"
Finished building: ../src/main.c
 
Building target: ice40_nano.elf
Invoking: GNU RISC-V Cross C Linker
riscv-none-embed-gcc -march=rv32i -mabi=ilp32 -msmall-data-limit=8 -mno-save-restore -O0 -fmessage-length=0 -fsigned-char -ffunction-sections -fdata-sections  -g3 -T "O:/src/Propel/iCE40UP/ice40_nano/ws/ice40_nano/src/linker.ld" -nostartfiles -Xlinker --gc-sections -Wl,-Map,"ice40_nano.map" --specs=picolibc.specs -DPICOLIBC_INTEGER_PRINTF_SCANF -o "ice40_nano.elf"  ./src/bsp/driver/uart/uart.o  ./src/bsp/driver/timer/timer.o  ./src/bsp/driver/riscv_nano/crt0.o ./src/bsp/driver/riscv_nano/exit.o ./src/bsp/driver/riscv_nano/interrupt.o ./src/bsp/driver/riscv_nano/iob.o ./src/bsp/driver/riscv_nano/pic.o ./src/bsp/driver/riscv_nano/reg_access.o ./src/bsp/driver/riscv_nano/util.o  ./src/bsp/driver/gpio/gpio.o  ./src/bsp/reg_test.o  ./src/i2c_controller.o ./src/lib_ov08x.o ./src/main.o ./src/utils.o   
Finished building target: ice40_nano.elf
 
Invoking: GNU RISC-V Cross Create Listing
riscv-none-embed-objdump --source --all-headers --demangle --line-numbers --wide "ice40_nano.elf" > "ice40_nano.lst"
Finished building: ice40_nano.lst
 
Invoking: GNU RISC-V Cross Print Size
riscv-none-embed-size --format=berkeley "ice40_nano.elf"
   text	   data	    bss	    dec	    hex	filename
   4060	     24	   2972	   7056	   1b90	ice40_nano.elf
Finished building: ice40_nano.siz
 
Invoking: Lattice Multi Memory Deployment (CODE SEGMENT)
riscv-none-embed-objcopy -O binary --gap-fill 0 -j .text -j .ctors -j .dtors "ice40_nano.elf" tmp; srec_cat tmp -Binary -byte-swap 4 -DISable Header -Output "ice40_nano_Code.mem" -MEM 32
Finished building: ice40_nano_Code.mem
 
Invoking: Lattice Multi Memory Deployment (DATA SEGMENT)
riscv-none-embed-objcopy -O binary --gap-fill 0 -j .rodata -j .data -j .bss "ice40_nano.elf" tmp; srec_cat tmp -Binary -byte-swap 4 -DISable Header -Output "ice40_nano_Data.mem" -MEM 32
Finished building: ice40_nano_Data.mem
 
post build
post_build.bat

O:\src\Propel\iCE40UP\ice40_nano\ws\ice40_nano\Debug>copy /y ice40_nano_Code.mem ..\..\..\tb  
        1 file(s) copied.

O:\src\Propel\iCE40UP\ice40_nano\ws\ice40_nano\Debug>python mem2bin.py ice40_nano_Code.mem ice40_nano_Code.bin -be 

O:\src\Propel\iCE40UP\ice40_nano\ws\ice40_nano\Debug>python mem2bin.py ice40_nano_Data.mem ice40_nano_Data.bin -be 
 
14:13:08 **** Incremental Build of configuration Debug for project ice40_nano ****
make all 
Building file: ../src/bsp/driver/timer/timer.c
Invoking: GNU RISC-V Cross C Compiler
riscv-none-embed-gcc -march=rv32i -mabi=ilp32 -msmall-data-limit=8 -mno-save-restore -O0 -fmessage-length=0 -fsigned-char -ffunction-sections -fdata-sections  -g3 -DLSCC_STDIO_UART_APB -I"O:\src\Propel\iCE40UP\ice40_nano\ws\ice40_nano/src" -I"O:\src\Propel\iCE40UP\ice40_nano\ws\ice40_nano/src/bsp" -I"O:\src\Propel\iCE40UP\ice40_nano\ws\ice40_nano/src/bsp/driver" -I"O:\src\Propel\iCE40UP\ice40_nano\ws\ice40_nano/src/bsp/driver/gpio" -I"O:\src\Propel\iCE40UP\ice40_nano\ws\ice40_nano/src/bsp/driver/riscv_nano" -I"O:\src\Propel\iCE40UP\ice40_nano\ws\ice40_nano/src/bsp/driver/uart" -I"O:\src\Propel\iCE40UP\ice40_nano\ws\ice40_nano/src/bsp/driver/timer" -std=gnu11 --specs=picolibc.specs -DPICOLIBC_INTEGER_PRINTF_SCANF -MMD -MP -MF"src/bsp/driver/timer/timer.d" -MT"src/bsp/driver/timer/timer.o" -c -o "src/bsp/driver/timer/timer.o" "../src/bsp/driver/timer/timer.c"
Finished building: ../src/bsp/driver/timer/timer.c
 
Building target: ice40_nano.elf
Invoking: GNU RISC-V Cross C Linker
riscv-none-embed-gcc -march=rv32i -mabi=ilp32 -msmall-data-limit=8 -mno-save-restore -O0 -fmessage-length=0 -fsigned-char -ffunction-sections -fdata-sections  -g3 -T "O:/src/Propel/iCE40UP/ice40_nano/ws/ice40_nano/src/linker.ld" -nostartfiles -Xlinker --gc-sections -Wl,-Map,"ice40_nano.map" --specs=picolibc.specs -DPICOLIBC_INTEGER_PRINTF_SCANF -o "ice40_nano.elf"  ./src/bsp/driver/uart/uart.o  ./src/bsp/driver/timer/timer.o  ./src/bsp/driver/riscv_nano/crt0.o ./src/bsp/driver/riscv_nano/exit.o ./src/bsp/driver/riscv_nano/interrupt.o ./src/bsp/driver/riscv_nano/iob.o ./src/bsp/driver/riscv_nano/pic.o ./src/bsp/driver/riscv_nano/reg_access.o ./src/bsp/driver/riscv_nano/util.o  ./src/bsp/driver/gpio/gpio.o  ./src/bsp/reg_test.o  ./src/i2c_controller.o ./src/lib_ov08x.o ./src/main.o ./src/utils.o   
Finished building target: ice40_nano.elf
 
Invoking: GNU RISC-V Cross Create Listing
riscv-none-embed-objdump --source --all-headers --demangle --line-numbers --wide "ice40_nano.elf" > "ice40_nano.lst"
Finished building: ice40_nano.lst
 
Invoking: GNU RISC-V Cross Print Size
riscv-none-embed-size --format=berkeley "ice40_nano.elf"
   text	   data	    bss	    dec	    hex	filename
   4052	     24	   2972	   7048	   1b88	ice40_nano.elf
Finished building: ice40_nano.siz
 
Invoking: Lattice Multi Memory Deployment (CODE SEGMENT)
riscv-none-embed-objcopy -O binary --gap-fill 0 -j .text -j .ctors -j .dtors "ice40_nano.elf" tmp; srec_cat tmp -Binary -byte-swap 4 -DISable Header -Output "ice40_nano_Code.mem" -MEM 32
Finished building: ice40_nano_Code.mem
 
Invoking: Lattice Multi Memory Deployment (DATA SEGMENT)
riscv-none-embed-objcopy -O binary --gap-fill 0 -j .rodata -j .data -j .bss "ice40_nano.elf" tmp; srec_cat tmp -Binary -byte-swap 4 -DISable Header -Output "ice40_nano_Data.mem" -MEM 32
Finished building: ice40_nano_Data.mem
 
post build
post_build.bat

O:\src\Propel\iCE40UP\ice40_nano\ws\ice40_nano\Debug>copy /y ice40_nano_Code.mem ..\..\..\tb  
        1 file(s) copied.

O:\src\Propel\iCE40UP\ice40_nano\ws\ice40_nano\Debug>python mem2bin.py ice40_nano_Code.mem ice40_nano_Code.bin -be 

O:\src\Propel\iCE40UP\ice40_nano\ws\ice40_nano\Debug>python mem2bin.py ice40_nano_Data.mem ice40_nano_Data.bin -be 
 
14:42:11 **** Incremental Build of configuration Debug for project ice40_nano ****
make all 
Building file: ../src/bsp/driver/timer/timer.c
Invoking: GNU RISC-V Cross C Compiler
riscv-none-embed-gcc -march=rv32i -mabi=ilp32 -msmall-data-limit=8 -mno-save-restore -O0 -fmessage-length=0 -fsigned-char -ffunction-sections -fdata-sections  -g3 -DLSCC_STDIO_UART_APB -I"O:\src\Propel\iCE40UP\ice40_nano\ws\ice40_nano/src" -I"O:\src\Propel\iCE40UP\ice40_nano\ws\ice40_nano/src/bsp" -I"O:\src\Propel\iCE40UP\ice40_nano\ws\ice40_nano/src/bsp/driver" -I"O:\src\Propel\iCE40UP\ice40_nano\ws\ice40_nano/src/bsp/driver/gpio" -I"O:\src\Propel\iCE40UP\ice40_nano\ws\ice40_nano/src/bsp/driver/riscv_nano" -I"O:\src\Propel\iCE40UP\ice40_nano\ws\ice40_nano/src/bsp/driver/uart" -I"O:\src\Propel\iCE40UP\ice40_nano\ws\ice40_nano/src/bsp/driver/timer" -std=gnu11 --specs=picolibc.specs -DPICOLIBC_INTEGER_PRINTF_SCANF -MMD -MP -MF"src/bsp/driver/timer/timer.d" -MT"src/bsp/driver/timer/timer.o" -c -o "src/bsp/driver/timer/timer.o" "../src/bsp/driver/timer/timer.c"
Finished building: ../src/bsp/driver/timer/timer.c
 
Building target: ice40_nano.elf
Invoking: GNU RISC-V Cross C Linker
riscv-none-embed-gcc -march=rv32i -mabi=ilp32 -msmall-data-limit=8 -mno-save-restore -O0 -fmessage-length=0 -fsigned-char -ffunction-sections -fdata-sections  -g3 -T "O:/src/Propel/iCE40UP/ice40_nano/ws/ice40_nano/src/linker.ld" -nostartfiles -Xlinker --gc-sections -Wl,-Map,"ice40_nano.map" --specs=picolibc.specs -DPICOLIBC_INTEGER_PRINTF_SCANF -o "ice40_nano.elf"  ./src/bsp/driver/uart/uart.o  ./src/bsp/driver/timer/timer.o  ./src/bsp/driver/riscv_nano/crt0.o ./src/bsp/driver/riscv_nano/exit.o ./src/bsp/driver/riscv_nano/interrupt.o ./src/bsp/driver/riscv_nano/iob.o ./src/bsp/driver/riscv_nano/pic.o ./src/bsp/driver/riscv_nano/reg_access.o ./src/bsp/driver/riscv_nano/util.o  ./src/bsp/driver/gpio/gpio.o  ./src/bsp/reg_test.o  ./src/i2c_controller.o ./src/lib_ov08x.o ./src/main.o ./src/utils.o   
Finished building target: ice40_nano.elf
 
Invoking: GNU RISC-V Cross Create Listing
riscv-none-embed-objdump --source --all-headers --demangle --line-numbers --wide "ice40_nano.elf" > "ice40_nano.lst"
Finished building: ice40_nano.lst
 
Invoking: GNU RISC-V Cross Print Size
riscv-none-embed-size --format=berkeley "ice40_nano.elf"
   text	   data	    bss	    dec	    hex	filename
   4100	     24	   2972	   7096	   1bb8	ice40_nano.elf
Finished building: ice40_nano.siz
 
Invoking: Lattice Multi Memory Deployment (CODE SEGMENT)
riscv-none-embed-objcopy -O binary --gap-fill 0 -j .text -j .ctors -j .dtors "ice40_nano.elf" tmp; srec_cat tmp -Binary -byte-swap 4 -DISable Header -Output "ice40_nano_Code.mem" -MEM 32
Finished building: ice40_nano_Code.mem
 
Invoking: Lattice Multi Memory Deployment (DATA SEGMENT)
riscv-none-embed-objcopy -O binary --gap-fill 0 -j .rodata -j .data -j .bss "ice40_nano.elf" tmp; srec_cat tmp -Binary -byte-swap 4 -DISable Header -Output "ice40_nano_Data.mem" -MEM 32
Finished building: ice40_nano_Data.mem
 
post build
post_build.bat

O:\src\Propel\iCE40UP\ice40_nano\ws\ice40_nano\Debug>copy /y ice40_nano_Code.mem ..\..\..\tb  
        1 file(s) copied.

O:\src\Propel\iCE40UP\ice40_nano\ws\ice40_nano\Debug>python mem2bin.py ice40_nano_Code.mem ice40_nano_Code.bin -be 

O:\src\Propel\iCE40UP\ice40_nano\ws\ice40_nano\Debug>python mem2bin.py ice40_nano_Data.mem ice40_nano_Data.bin -be 
 
14:51:30 **** Incremental Build of configuration Debug for project ice40_nano ****
make all 
Building file: ../src/main.c
Invoking: GNU RISC-V Cross C Compiler
riscv-none-embed-gcc -march=rv32i -mabi=ilp32 -msmall-data-limit=8 -mno-save-restore -O0 -fmessage-length=0 -fsigned-char -ffunction-sections -fdata-sections  -g3 -DLSCC_STDIO_UART_APB -I"O:\src\Propel\iCE40UP\ice40_nano\ws\ice40_nano/src" -I"O:\src\Propel\iCE40UP\ice40_nano\ws\ice40_nano/src/bsp" -I"O:\src\Propel\iCE40UP\ice40_nano\ws\ice40_nano/src/bsp/driver" -I"O:\src\Propel\iCE40UP\ice40_nano\ws\ice40_nano/src/bsp/driver/gpio" -I"O:\src\Propel\iCE40UP\ice40_nano\ws\ice40_nano/src/bsp/driver/riscv_nano" -I"O:\src\Propel\iCE40UP\ice40_nano\ws\ice40_nano/src/bsp/driver/uart" -I"O:\src\Propel\iCE40UP\ice40_nano\ws\ice40_nano/src/bsp/driver/timer" -std=gnu11 --specs=picolibc.specs -DPICOLIBC_INTEGER_PRINTF_SCANF -MMD -MP -MF"src/main.d" -MT"src/main.o" -c -o "src/main.o" "../src/main.c"
Finished building: ../src/main.c
 
Building target: ice40_nano.elf
Invoking: GNU RISC-V Cross C Linker
riscv-none-embed-gcc -march=rv32i -mabi=ilp32 -msmall-data-limit=8 -mno-save-restore -O0 -fmessage-length=0 -fsigned-char -ffunction-sections -fdata-sections  -g3 -T "O:/src/Propel/iCE40UP/ice40_nano/ws/ice40_nano/src/linker.ld" -nostartfiles -Xlinker --gc-sections -Wl,-Map,"ice40_nano.map" --specs=picolibc.specs -DPICOLIBC_INTEGER_PRINTF_SCANF -o "ice40_nano.elf"  ./src/bsp/driver/uart/uart.o  ./src/bsp/driver/timer/timer.o  ./src/bsp/driver/riscv_nano/crt0.o ./src/bsp/driver/riscv_nano/exit.o ./src/bsp/driver/riscv_nano/interrupt.o ./src/bsp/driver/riscv_nano/iob.o ./src/bsp/driver/riscv_nano/pic.o ./src/bsp/driver/riscv_nano/reg_access.o ./src/bsp/driver/riscv_nano/util.o  ./src/bsp/driver/gpio/gpio.o  ./src/bsp/reg_test.o  ./src/i2c_controller.o ./src/lib_ov08x.o ./src/main.o ./src/utils.o   
Finished building target: ice40_nano.elf
 
Invoking: GNU RISC-V Cross Create Listing
riscv-none-embed-objdump --source --all-headers --demangle --line-numbers --wide "ice40_nano.elf" > "ice40_nano.lst"
Finished building: ice40_nano.lst
 
Invoking: GNU RISC-V Cross Print Size
riscv-none-embed-size --format=berkeley "ice40_nano.elf"
   text	   data	    bss	    dec	    hex	filename
   4100	     24	   2972	   7096	   1bb8	ice40_nano.elf
Finished building: ice40_nano.siz
 
Invoking: Lattice Multi Memory Deployment (CODE SEGMENT)
riscv-none-embed-objcopy -O binary --gap-fill 0 -j .text -j .ctors -j .dtors "ice40_nano.elf" tmp; srec_cat tmp -Binary -byte-swap 4 -DISable Header -Output "ice40_nano_Code.mem" -MEM 32
Finished building: ice40_nano_Code.mem
 
Invoking: Lattice Multi Memory Deployment (DATA SEGMENT)
riscv-none-embed-objcopy -O binary --gap-fill 0 -j .rodata -j .data -j .bss "ice40_nano.elf" tmp; srec_cat tmp -Binary -byte-swap 4 -DISable Header -Output "ice40_nano_Data.mem" -MEM 32
Finished building: ice40_nano_Data.mem
 
post build
post_build.bat

O:\src\Propel\iCE40UP\ice40_nano\ws\ice40_nano\Debug>copy /y ice40_nano_Code.mem ..\..\..\tb  
        1 file(s) copied.

O:\src\Propel\iCE40UP\ice40_nano\ws\ice40_nano\Debug>python mem2bin.py ice40_nano_Code.mem ice40_nano_Code.bin -be 

O:\src\Propel\iCE40UP\ice40_nano\ws\ice40_nano\Debug>python mem2bin.py ice40_nano_Data.mem ice40_nano_Data.bin -be 
 
17:31:51 **** Incremental Build of configuration Debug for project ice40_nano ****
make all 
Building file: ../src/bsp/driver/timer/timer.c
Invoking: GNU RISC-V Cross C Compiler
riscv-none-embed-gcc -march=rv32i -mabi=ilp32 -msmall-data-limit=8 -mno-save-restore -O0 -fmessage-length=0 -fsigned-char -ffunction-sections -fdata-sections  -g3 -DLSCC_STDIO_UART_APB -I"O:\src\Propel\iCE40UP\ice40_nano\ws\ice40_nano/src" -I"O:\src\Propel\iCE40UP\ice40_nano\ws\ice40_nano/src/bsp" -I"O:\src\Propel\iCE40UP\ice40_nano\ws\ice40_nano/src/bsp/driver" -I"O:\src\Propel\iCE40UP\ice40_nano\ws\ice40_nano/src/bsp/driver/gpio" -I"O:\src\Propel\iCE40UP\ice40_nano\ws\ice40_nano/src/bsp/driver/riscv_nano" -I"O:\src\Propel\iCE40UP\ice40_nano\ws\ice40_nano/src/bsp/driver/uart" -I"O:\src\Propel\iCE40UP\ice40_nano\ws\ice40_nano/src/bsp/driver/timer" -std=gnu11 --specs=picolibc.specs -DPICOLIBC_INTEGER_PRINTF_SCANF -MMD -MP -MF"src/bsp/driver/timer/timer.d" -MT"src/bsp/driver/timer/timer.o" -c -o "src/bsp/driver/timer/timer.o" "../src/bsp/driver/timer/timer.c"
Finished building: ../src/bsp/driver/timer/timer.c
 
Building file: ../src/bsp/driver/riscv_nano/interrupt.c
Invoking: GNU RISC-V Cross C Compiler
riscv-none-embed-gcc -march=rv32i -mabi=ilp32 -msmall-data-limit=8 -mno-save-restore -O0 -fmessage-length=0 -fsigned-char -ffunction-sections -fdata-sections  -g3 -DLSCC_STDIO_UART_APB -I"O:\src\Propel\iCE40UP\ice40_nano\ws\ice40_nano/src" -I"O:\src\Propel\iCE40UP\ice40_nano\ws\ice40_nano/src/bsp" -I"O:\src\Propel\iCE40UP\ice40_nano\ws\ice40_nano/src/bsp/driver" -I"O:\src\Propel\iCE40UP\ice40_nano\ws\ice40_nano/src/bsp/driver/gpio" -I"O:\src\Propel\iCE40UP\ice40_nano\ws\ice40_nano/src/bsp/driver/riscv_nano" -I"O:\src\Propel\iCE40UP\ice40_nano\ws\ice40_nano/src/bsp/driver/uart" -I"O:\src\Propel\iCE40UP\ice40_nano\ws\ice40_nano/src/bsp/driver/timer" -std=gnu11 --specs=picolibc.specs -DPICOLIBC_INTEGER_PRINTF_SCANF -MMD -MP -MF"src/bsp/driver/riscv_nano/interrupt.d" -MT"src/bsp/driver/riscv_nano/interrupt.o" -c -o "src/bsp/driver/riscv_nano/interrupt.o" "../src/bsp/driver/riscv_nano/interrupt.c"
Finished building: ../src/bsp/driver/riscv_nano/interrupt.c
 
Building file: ../src/i2c_controller.c
Invoking: GNU RISC-V Cross C Compiler
riscv-none-embed-gcc -march=rv32i -mabi=ilp32 -msmall-data-limit=8 -mno-save-restore -O0 -fmessage-length=0 -fsigned-char -ffunction-sections -fdata-sections  -g3 -DLSCC_STDIO_UART_APB -I"O:\src\Propel\iCE40UP\ice40_nano\ws\ice40_nano/src" -I"O:\src\Propel\iCE40UP\ice40_nano\ws\ice40_nano/src/bsp" -I"O:\src\Propel\iCE40UP\ice40_nano\ws\ice40_nano/src/bsp/driver" -I"O:\src\Propel\iCE40UP\ice40_nano\ws\ice40_nano/src/bsp/driver/gpio" -I"O:\src\Propel\iCE40UP\ice40_nano\ws\ice40_nano/src/bsp/driver/riscv_nano" -I"O:\src\Propel\iCE40UP\ice40_nano\ws\ice40_nano/src/bsp/driver/uart" -I"O:\src\Propel\iCE40UP\ice40_nano\ws\ice40_nano/src/bsp/driver/timer" -std=gnu11 --specs=picolibc.specs -DPICOLIBC_INTEGER_PRINTF_SCANF -MMD -MP -MF"src/i2c_controller.d" -MT"src/i2c_controller.o" -c -o "src/i2c_controller.o" "../src/i2c_controller.c"
Finished building: ../src/i2c_controller.c
 
Building file: ../src/lib_ov08x.c
Invoking: GNU RISC-V Cross C Compiler
riscv-none-embed-gcc -march=rv32i -mabi=ilp32 -msmall-data-limit=8 -mno-save-restore -O0 -fmessage-length=0 -fsigned-char -ffunction-sections -fdata-sections  -g3 -DLSCC_STDIO_UART_APB -I"O:\src\Propel\iCE40UP\ice40_nano\ws\ice40_nano/src" -I"O:\src\Propel\iCE40UP\ice40_nano\ws\ice40_nano/src/bsp" -I"O:\src\Propel\iCE40UP\ice40_nano\ws\ice40_nano/src/bsp/driver" -I"O:\src\Propel\iCE40UP\ice40_nano\ws\ice40_nano/src/bsp/driver/gpio" -I"O:\src\Propel\iCE40UP\ice40_nano\ws\ice40_nano/src/bsp/driver/riscv_nano" -I"O:\src\Propel\iCE40UP\ice40_nano\ws\ice40_nano/src/bsp/driver/uart" -I"O:\src\Propel\iCE40UP\ice40_nano\ws\ice40_nano/src/bsp/driver/timer" -std=gnu11 --specs=picolibc.specs -DPICOLIBC_INTEGER_PRINTF_SCANF -MMD -MP -MF"src/lib_ov08x.d" -MT"src/lib_ov08x.o" -c -o "src/lib_ov08x.o" "../src/lib_ov08x.c"
Finished building: ../src/lib_ov08x.c
 
Building file: ../src/main.c
Invoking: GNU RISC-V Cross C Compiler
riscv-none-embed-gcc -march=rv32i -mabi=ilp32 -msmall-data-limit=8 -mno-save-restore -O0 -fmessage-length=0 -fsigned-char -ffunction-sections -fdata-sections  -g3 -DLSCC_STDIO_UART_APB -I"O:\src\Propel\iCE40UP\ice40_nano\ws\ice40_nano/src" -I"O:\src\Propel\iCE40UP\ice40_nano\ws\ice40_nano/src/bsp" -I"O:\src\Propel\iCE40UP\ice40_nano\ws\ice40_nano/src/bsp/driver" -I"O:\src\Propel\iCE40UP\ice40_nano\ws\ice40_nano/src/bsp/driver/gpio" -I"O:\src\Propel\iCE40UP\ice40_nano\ws\ice40_nano/src/bsp/driver/riscv_nano" -I"O:\src\Propel\iCE40UP\ice40_nano\ws\ice40_nano/src/bsp/driver/uart" -I"O:\src\Propel\iCE40UP\ice40_nano\ws\ice40_nano/src/bsp/driver/timer" -std=gnu11 --specs=picolibc.specs -DPICOLIBC_INTEGER_PRINTF_SCANF -MMD -MP -MF"src/main.d" -MT"src/main.o" -c -o "src/main.o" "../src/main.c"
Finished building: ../src/main.c
 
Building target: ice40_nano.elf
Invoking: GNU RISC-V Cross C Linker
riscv-none-embed-gcc -march=rv32i -mabi=ilp32 -msmall-data-limit=8 -mno-save-restore -O0 -fmessage-length=0 -fsigned-char -ffunction-sections -fdata-sections  -g3 -T "O:/src/Propel/iCE40UP/ice40_nano/ws/ice40_nano/src/linker.ld" -nostartfiles -Xlinker --gc-sections -Wl,-Map,"ice40_nano.map" --specs=picolibc.specs -DPICOLIBC_INTEGER_PRINTF_SCANF -o "ice40_nano.elf"  ./src/bsp/driver/uart/uart.o  ./src/bsp/driver/timer/timer.o  ./src/bsp/driver/riscv_nano/crt0.o ./src/bsp/driver/riscv_nano/exit.o ./src/bsp/driver/riscv_nano/interrupt.o ./src/bsp/driver/riscv_nano/iob.o ./src/bsp/driver/riscv_nano/pic.o ./src/bsp/driver/riscv_nano/reg_access.o ./src/bsp/driver/riscv_nano/util.o  ./src/bsp/driver/gpio/gpio.o  ./src/bsp/reg_test.o  ./src/i2c_controller.o ./src/lib_ov08x.o ./src/main.o ./src/utils.o   
Finished building target: ice40_nano.elf
 
Invoking: GNU RISC-V Cross Create Listing
riscv-none-embed-objdump --source --all-headers --demangle --line-numbers --wide "ice40_nano.elf" > "ice40_nano.lst"
Finished building: ice40_nano.lst
 
Invoking: GNU RISC-V Cross Print Size
riscv-none-embed-size --format=berkeley "ice40_nano.elf"
   text	   data	    bss	    dec	    hex	filename
   4212	     24	   2972	   7208	   1c28	ice40_nano.elf
Finished building: ice40_nano.siz
 
Invoking: Lattice Multi Memory Deployment (CODE SEGMENT)
riscv-none-embed-objcopy -O binary --gap-fill 0 -j .text -j .ctors -j .dtors "ice40_nano.elf" tmp; srec_cat tmp -Binary -byte-swap 4 -DISable Header -Output "ice40_nano_Code.mem" -MEM 32
Finished building: ice40_nano_Code.mem
 
Invoking: Lattice Multi Memory Deployment (DATA SEGMENT)
riscv-none-embed-objcopy -O binary --gap-fill 0 -j .rodata -j .data -j .bss "ice40_nano.elf" tmp; srec_cat tmp -Binary -byte-swap 4 -DISable Header -Output "ice40_nano_Data.mem" -MEM 32
Finished building: ice40_nano_Data.mem
 
post build
post_build.bat

O:\src\Propel\iCE40UP\ice40_nano\ws\ice40_nano\Debug>copy /y ice40_nano_Code.mem ..\..\..\tb  
        1 file(s) copied.

O:\src\Propel\iCE40UP\ice40_nano\ws\ice40_nano\Debug>python mem2bin.py ice40_nano_Code.mem ice40_nano_Code.bin -be 

O:\src\Propel\iCE40UP\ice40_nano\ws\ice40_nano\Debug>python mem2bin.py ice40_nano_Data.mem ice40_nano_Data.bin -be 
 
09:32:21 **** Incremental Build of configuration Debug for project ice40_nano ****
make all 
Building file: ../src/bsp/driver/uart/uart.c
Invoking: GNU RISC-V Cross C Compiler
riscv-none-embed-gcc -march=rv32i -mabi=ilp32 -msmall-data-limit=8 -mno-save-restore -O0 -fmessage-length=0 -fsigned-char -ffunction-sections -fdata-sections  -g3 -DLSCC_STDIO_UART_APB -I"O:\src\Propel\iCE40UP\ice40_nano\ws\ice40_nano/src" -I"O:\src\Propel\iCE40UP\ice40_nano\ws\ice40_nano/src/bsp" -I"O:\src\Propel\iCE40UP\ice40_nano\ws\ice40_nano/src/bsp/driver" -I"O:\src\Propel\iCE40UP\ice40_nano\ws\ice40_nano/src/bsp/driver/gpio" -I"O:\src\Propel\iCE40UP\ice40_nano\ws\ice40_nano/src/bsp/driver/riscv_nano" -I"O:\src\Propel\iCE40UP\ice40_nano\ws\ice40_nano/src/bsp/driver/uart" -I"O:\src\Propel\iCE40UP\ice40_nano\ws\ice40_nano/src/bsp/driver/timer" -std=gnu11 --specs=picolibc.specs -DPICOLIBC_INTEGER_PRINTF_SCANF -MMD -MP -MF"src/bsp/driver/uart/uart.d" -MT"src/bsp/driver/uart/uart.o" -c -o "src/bsp/driver/uart/uart.o" "../src/bsp/driver/uart/uart.c"
Finished building: ../src/bsp/driver/uart/uart.c
 
Building file: ../src/bsp/driver/timer/timer.c
Invoking: GNU RISC-V Cross C Compiler
riscv-none-embed-gcc -march=rv32i -mabi=ilp32 -msmall-data-limit=8 -mno-save-restore -O0 -fmessage-length=0 -fsigned-char -ffunction-sections -fdata-sections  -g3 -DLSCC_STDIO_UART_APB -I"O:\src\Propel\iCE40UP\ice40_nano\ws\ice40_nano/src" -I"O:\src\Propel\iCE40UP\ice40_nano\ws\ice40_nano/src/bsp" -I"O:\src\Propel\iCE40UP\ice40_nano\ws\ice40_nano/src/bsp/driver" -I"O:\src\Propel\iCE40UP\ice40_nano\ws\ice40_nano/src/bsp/driver/gpio" -I"O:\src\Propel\iCE40UP\ice40_nano\ws\ice40_nano/src/bsp/driver/riscv_nano" -I"O:\src\Propel\iCE40UP\ice40_nano\ws\ice40_nano/src/bsp/driver/uart" -I"O:\src\Propel\iCE40UP\ice40_nano\ws\ice40_nano/src/bsp/driver/timer" -std=gnu11 --specs=picolibc.specs -DPICOLIBC_INTEGER_PRINTF_SCANF -MMD -MP -MF"src/bsp/driver/timer/timer.d" -MT"src/bsp/driver/timer/timer.o" -c -o "src/bsp/driver/timer/timer.o" "../src/bsp/driver/timer/timer.c"
Finished building: ../src/bsp/driver/timer/timer.c
 
Building file: ../src/i2c_controller.c
Invoking: GNU RISC-V Cross C Compiler
riscv-none-embed-gcc -march=rv32i -mabi=ilp32 -msmall-data-limit=8 -mno-save-restore -O0 -fmessage-length=0 -fsigned-char -ffunction-sections -fdata-sections  -g3 -DLSCC_STDIO_UART_APB -I"O:\src\Propel\iCE40UP\ice40_nano\ws\ice40_nano/src" -I"O:\src\Propel\iCE40UP\ice40_nano\ws\ice40_nano/src/bsp" -I"O:\src\Propel\iCE40UP\ice40_nano\ws\ice40_nano/src/bsp/driver" -I"O:\src\Propel\iCE40UP\ice40_nano\ws\ice40_nano/src/bsp/driver/gpio" -I"O:\src\Propel\iCE40UP\ice40_nano\ws\ice40_nano/src/bsp/driver/riscv_nano" -I"O:\src\Propel\iCE40UP\ice40_nano\ws\ice40_nano/src/bsp/driver/uart" -I"O:\src\Propel\iCE40UP\ice40_nano\ws\ice40_nano/src/bsp/driver/timer" -std=gnu11 --specs=picolibc.specs -DPICOLIBC_INTEGER_PRINTF_SCANF -MMD -MP -MF"src/i2c_controller.d" -MT"src/i2c_controller.o" -c -o "src/i2c_controller.o" "../src/i2c_controller.c"
Finished building: ../src/i2c_controller.c
 
Building file: ../src/lib_ov08x.c
Invoking: GNU RISC-V Cross C Compiler
riscv-none-embed-gcc -march=rv32i -mabi=ilp32 -msmall-data-limit=8 -mno-save-restore -O0 -fmessage-length=0 -fsigned-char -ffunction-sections -fdata-sections  -g3 -DLSCC_STDIO_UART_APB -I"O:\src\Propel\iCE40UP\ice40_nano\ws\ice40_nano/src" -I"O:\src\Propel\iCE40UP\ice40_nano\ws\ice40_nano/src/bsp" -I"O:\src\Propel\iCE40UP\ice40_nano\ws\ice40_nano/src/bsp/driver" -I"O:\src\Propel\iCE40UP\ice40_nano\ws\ice40_nano/src/bsp/driver/gpio" -I"O:\src\Propel\iCE40UP\ice40_nano\ws\ice40_nano/src/bsp/driver/riscv_nano" -I"O:\src\Propel\iCE40UP\ice40_nano\ws\ice40_nano/src/bsp/driver/uart" -I"O:\src\Propel\iCE40UP\ice40_nano\ws\ice40_nano/src/bsp/driver/timer" -std=gnu11 --specs=picolibc.specs -DPICOLIBC_INTEGER_PRINTF_SCANF -MMD -MP -MF"src/lib_ov08x.d" -MT"src/lib_ov08x.o" -c -o "src/lib_ov08x.o" "../src/lib_ov08x.c"
Finished building: ../src/lib_ov08x.c
 
Building file: ../src/main.c
Invoking: GNU RISC-V Cross C Compiler
riscv-none-embed-gcc -march=rv32i -mabi=ilp32 -msmall-data-limit=8 -mno-save-restore -O0 -fmessage-length=0 -fsigned-char -ffunction-sections -fdata-sections  -g3 -DLSCC_STDIO_UART_APB -I"O:\src\Propel\iCE40UP\ice40_nano\ws\ice40_nano/src" -I"O:\src\Propel\iCE40UP\ice40_nano\ws\ice40_nano/src/bsp" -I"O:\src\Propel\iCE40UP\ice40_nano\ws\ice40_nano/src/bsp/driver" -I"O:\src\Propel\iCE40UP\ice40_nano\ws\ice40_nano/src/bsp/driver/gpio" -I"O:\src\Propel\iCE40UP\ice40_nano\ws\ice40_nano/src/bsp/driver/riscv_nano" -I"O:\src\Propel\iCE40UP\ice40_nano\ws\ice40_nano/src/bsp/driver/uart" -I"O:\src\Propel\iCE40UP\ice40_nano\ws\ice40_nano/src/bsp/driver/timer" -std=gnu11 --specs=picolibc.specs -DPICOLIBC_INTEGER_PRINTF_SCANF -MMD -MP -MF"src/main.d" -MT"src/main.o" -c -o "src/main.o" "../src/main.c"
Finished building: ../src/main.c
 
Building target: ice40_nano.elf
Invoking: GNU RISC-V Cross C Linker
riscv-none-embed-gcc -march=rv32i -mabi=ilp32 -msmall-data-limit=8 -mno-save-restore -O0 -fmessage-length=0 -fsigned-char -ffunction-sections -fdata-sections  -g3 -T "O:/src/Propel/iCE40UP/ice40_nano/ws/ice40_nano/src/linker.ld" -nostartfiles -Xlinker --gc-sections -Wl,-Map,"ice40_nano.map" --specs=picolibc.specs -DPICOLIBC_INTEGER_PRINTF_SCANF -o "ice40_nano.elf"  ./src/bsp/driver/uart/uart.o  ./src/bsp/driver/timer/timer.o  ./src/bsp/driver/riscv_nano/crt0.o ./src/bsp/driver/riscv_nano/exit.o ./src/bsp/driver/riscv_nano/interrupt.o ./src/bsp/driver/riscv_nano/iob.o ./src/bsp/driver/riscv_nano/pic.o ./src/bsp/driver/riscv_nano/reg_access.o ./src/bsp/driver/riscv_nano/util.o  ./src/bsp/driver/gpio/gpio.o  ./src/bsp/reg_test.o  ./src/i2c_controller.o ./src/lib_ov08x.o ./src/main.o ./src/utils.o   
Finished building target: ice40_nano.elf
 
Invoking: GNU RISC-V Cross Create Listing
riscv-none-embed-objdump --source --all-headers --demangle --line-numbers --wide "ice40_nano.elf" > "ice40_nano.lst"
Finished building: ice40_nano.lst
 
Invoking: GNU RISC-V Cross Print Size
riscv-none-embed-size --format=berkeley "ice40_nano.elf"
   text	   data	    bss	    dec	    hex	filename
   6348	      4	   2972	   9324	   246c	ice40_nano.elf
Finished building: ice40_nano.siz
 
Invoking: Lattice Multi Memory Deployment (CODE SEGMENT)
riscv-none-embed-objcopy -O binary --gap-fill 0 -j .text -j .ctors -j .dtors "ice40_nano.elf" tmp; srec_cat tmp -Binary -byte-swap 4 -DISable Header -Output "ice40_nano_Code.mem" -MEM 32
Finished building: ice40_nano_Code.mem
 
Invoking: Lattice Multi Memory Deployment (DATA SEGMENT)
riscv-none-embed-objcopy -O binary --gap-fill 0 -j .rodata -j .data -j .bss "ice40_nano.elf" tmp; srec_cat tmp -Binary -byte-swap 4 -DISable Header -Output "ice40_nano_Data.mem" -MEM 32
Finished building: ice40_nano_Data.mem
 
post build
post_build.bat

O:\src\Propel\iCE40UP\ice40_nano\ws\ice40_nano\Debug>copy /y ice40_nano_Code.mem ..\..\..\tb  
        1 file(s) copied.

O:\src\Propel\iCE40UP\ice40_nano\ws\ice40_nano\Debug>python mem2bin.py ice40_nano_Code.mem ice40_nano_Code.bin -be 

O:\src\Propel\iCE40UP\ice40_nano\ws\ice40_nano\Debug>python mem2bin.py ice40_nano_Data.mem ice40_nano_Data.bin -be 
 
11:17:02 **** Incremental Build of configuration Debug for project ice40_nano ****
make all 
Building file: ../src/bsp/driver/uart/uart.c
Invoking: GNU RISC-V Cross C Compiler
riscv-none-embed-gcc -march=rv32i -mabi=ilp32 -msmall-data-limit=8 -mno-save-restore -O0 -fmessage-length=0 -fsigned-char -ffunction-sections -fdata-sections  -g3 -DLSCC_STDIO_UART_APB -I"O:\src\Propel\iCE40UP\ice40_nano\ws\ice40_nano/src" -I"O:\src\Propel\iCE40UP\ice40_nano\ws\ice40_nano/src/bsp" -I"O:\src\Propel\iCE40UP\ice40_nano\ws\ice40_nano/src/bsp/driver" -I"O:\src\Propel\iCE40UP\ice40_nano\ws\ice40_nano/src/bsp/driver/gpio" -I"O:\src\Propel\iCE40UP\ice40_nano\ws\ice40_nano/src/bsp/driver/riscv_nano" -I"O:\src\Propel\iCE40UP\ice40_nano\ws\ice40_nano/src/bsp/driver/uart" -I"O:\src\Propel\iCE40UP\ice40_nano\ws\ice40_nano/src/bsp/driver/timer" -std=gnu11 --specs=picolibc.specs -DPICOLIBC_INTEGER_PRINTF_SCANF -MMD -MP -MF"src/bsp/driver/uart/uart.d" -MT"src/bsp/driver/uart/uart.o" -c -o "src/bsp/driver/uart/uart.o" "../src/bsp/driver/uart/uart.c"
Finished building: ../src/bsp/driver/uart/uart.c
 
Building file: ../src/main.c
Invoking: GNU RISC-V Cross C Compiler
riscv-none-embed-gcc -march=rv32i -mabi=ilp32 -msmall-data-limit=8 -mno-save-restore -O0 -fmessage-length=0 -fsigned-char -ffunction-sections -fdata-sections  -g3 -DLSCC_STDIO_UART_APB -I"O:\src\Propel\iCE40UP\ice40_nano\ws\ice40_nano/src" -I"O:\src\Propel\iCE40UP\ice40_nano\ws\ice40_nano/src/bsp" -I"O:\src\Propel\iCE40UP\ice40_nano\ws\ice40_nano/src/bsp/driver" -I"O:\src\Propel\iCE40UP\ice40_nano\ws\ice40_nano/src/bsp/driver/gpio" -I"O:\src\Propel\iCE40UP\ice40_nano\ws\ice40_nano/src/bsp/driver/riscv_nano" -I"O:\src\Propel\iCE40UP\ice40_nano\ws\ice40_nano/src/bsp/driver/uart" -I"O:\src\Propel\iCE40UP\ice40_nano\ws\ice40_nano/src/bsp/driver/timer" -std=gnu11 --specs=picolibc.specs -DPICOLIBC_INTEGER_PRINTF_SCANF -MMD -MP -MF"src/main.d" -MT"src/main.o" -c -o "src/main.o" "../src/main.c"
Finished building: ../src/main.c
 
Building target: ice40_nano.elf
Invoking: GNU RISC-V Cross C Linker
riscv-none-embed-gcc -march=rv32i -mabi=ilp32 -msmall-data-limit=8 -mno-save-restore -O0 -fmessage-length=0 -fsigned-char -ffunction-sections -fdata-sections  -g3 -T "O:/src/Propel/iCE40UP/ice40_nano/ws/ice40_nano/src/linker.ld" -nostartfiles -Xlinker --gc-sections -Wl,-Map,"ice40_nano.map" --specs=picolibc.specs -DPICOLIBC_INTEGER_PRINTF_SCANF -o "ice40_nano.elf"  ./src/bsp/driver/uart/uart.o  ./src/bsp/driver/timer/timer.o  ./src/bsp/driver/riscv_nano/crt0.o ./src/bsp/driver/riscv_nano/exit.o ./src/bsp/driver/riscv_nano/interrupt.o ./src/bsp/driver/riscv_nano/iob.o ./src/bsp/driver/riscv_nano/pic.o ./src/bsp/driver/riscv_nano/reg_access.o ./src/bsp/driver/riscv_nano/util.o  ./src/bsp/driver/gpio/gpio.o  ./src/bsp/reg_test.o  ./src/i2c_controller.o ./src/lib_ov08x.o ./src/main.o ./src/utils.o   
Finished building target: ice40_nano.elf
 
Invoking: GNU RISC-V Cross Create Listing
riscv-none-embed-objdump --source --all-headers --demangle --line-numbers --wide "ice40_nano.elf" > "ice40_nano.lst"
Finished building: ice40_nano.lst
 
Invoking: GNU RISC-V Cross Print Size
riscv-none-embed-size --format=berkeley "ice40_nano.elf"
   text	   data	    bss	    dec	    hex	filename
   6376	      4	   2972	   9352	   2488	ice40_nano.elf
Finished building: ice40_nano.siz
 
Invoking: Lattice Multi Memory Deployment (CODE SEGMENT)
riscv-none-embed-objcopy -O binary --gap-fill 0 -j .text -j .ctors -j .dtors "ice40_nano.elf" tmp; srec_cat tmp -Binary -byte-swap 4 -DISable Header -Output "ice40_nano_Code.mem" -MEM 32
Finished building: ice40_nano_Code.mem
 
Invoking: Lattice Multi Memory Deployment (DATA SEGMENT)
riscv-none-embed-objcopy -O binary --gap-fill 0 -j .rodata -j .data -j .bss "ice40_nano.elf" tmp; srec_cat tmp -Binary -byte-swap 4 -DISable Header -Output "ice40_nano_Data.mem" -MEM 32
Finished building: ice40_nano_Data.mem
 
post build
post_build.bat

O:\src\Propel\iCE40UP\ice40_nano\ws\ice40_nano\Debug>copy /y ice40_nano_Code.mem ..\..\..\tb  
        1 file(s) copied.

O:\src\Propel\iCE40UP\ice40_nano\ws\ice40_nano\Debug>python mem2bin.py ice40_nano_Code.mem ice40_nano_Code.bin -be 

O:\src\Propel\iCE40UP\ice40_nano\ws\ice40_nano\Debug>python mem2bin.py ice40_nano_Data.mem ice40_nano_Data.bin -be 
 
12:25:11 **** Incremental Build of configuration Debug for project ice40_nano ****
make all 
Building file: ../src/main.c
Invoking: GNU RISC-V Cross C Compiler
riscv-none-embed-gcc -march=rv32i -mabi=ilp32 -msmall-data-limit=8 -mno-save-restore -O0 -fmessage-length=0 -fsigned-char -ffunction-sections -fdata-sections  -g3 -DLSCC_STDIO_UART_APB -I"O:\src\Propel\iCE40UP\ice40_nano\ws\ice40_nano/src" -I"O:\src\Propel\iCE40UP\ice40_nano\ws\ice40_nano/src/bsp" -I"O:\src\Propel\iCE40UP\ice40_nano\ws\ice40_nano/src/bsp/driver" -I"O:\src\Propel\iCE40UP\ice40_nano\ws\ice40_nano/src/bsp/driver/gpio" -I"O:\src\Propel\iCE40UP\ice40_nano\ws\ice40_nano/src/bsp/driver/riscv_nano" -I"O:\src\Propel\iCE40UP\ice40_nano\ws\ice40_nano/src/bsp/driver/uart" -I"O:\src\Propel\iCE40UP\ice40_nano\ws\ice40_nano/src/bsp/driver/timer" -std=gnu11 --specs=picolibc.specs -DPICOLIBC_INTEGER_PRINTF_SCANF -MMD -MP -MF"src/main.d" -MT"src/main.o" -c -o "src/main.o" "../src/main.c"
Finished building: ../src/main.c
 
Building target: ice40_nano.elf
Invoking: GNU RISC-V Cross C Linker
riscv-none-embed-gcc -march=rv32i -mabi=ilp32 -msmall-data-limit=8 -mno-save-restore -O0 -fmessage-length=0 -fsigned-char -ffunction-sections -fdata-sections  -g3 -T "O:/src/Propel/iCE40UP/ice40_nano/ws/ice40_nano/src/linker.ld" -nostartfiles -Xlinker --gc-sections -Wl,-Map,"ice40_nano.map" --specs=picolibc.specs -DPICOLIBC_INTEGER_PRINTF_SCANF -o "ice40_nano.elf"  ./src/bsp/driver/uart/uart.o  ./src/bsp/driver/timer/timer.o  ./src/bsp/driver/riscv_nano/crt0.o ./src/bsp/driver/riscv_nano/exit.o ./src/bsp/driver/riscv_nano/interrupt.o ./src/bsp/driver/riscv_nano/iob.o ./src/bsp/driver/riscv_nano/pic.o ./src/bsp/driver/riscv_nano/reg_access.o ./src/bsp/driver/riscv_nano/util.o  ./src/bsp/driver/gpio/gpio.o  ./src/bsp/reg_test.o  ./src/i2c_controller.o ./src/lib_ov08x.o ./src/main.o ./src/utils.o   
Finished building target: ice40_nano.elf
 
Invoking: GNU RISC-V Cross Create Listing
riscv-none-embed-objdump --source --all-headers --demangle --line-numbers --wide "ice40_nano.elf" > "ice40_nano.lst"
Finished building: ice40_nano.lst
 
Invoking: GNU RISC-V Cross Print Size
riscv-none-embed-size --format=berkeley "ice40_nano.elf"
   text	   data	    bss	    dec	    hex	filename
   6376	      4	   2972	   9352	   2488	ice40_nano.elf
Finished building: ice40_nano.siz
 
Invoking: Lattice Multi Memory Deployment (CODE SEGMENT)
riscv-none-embed-objcopy -O binary --gap-fill 0 -j .text -j .ctors -j .dtors "ice40_nano.elf" tmp; srec_cat tmp -Binary -byte-swap 4 -DISable Header -Output "ice40_nano_Code.mem" -MEM 32
Finished building: ice40_nano_Code.mem
 
Invoking: Lattice Multi Memory Deployment (DATA SEGMENT)
riscv-none-embed-objcopy -O binary --gap-fill 0 -j .rodata -j .data -j .bss "ice40_nano.elf" tmp; srec_cat tmp -Binary -byte-swap 4 -DISable Header -Output "ice40_nano_Data.mem" -MEM 32
Finished building: ice40_nano_Data.mem
 
post build
post_build.bat

O:\src\Propel\iCE40UP\ice40_nano\ws\ice40_nano\Debug>copy /y ice40_nano_Code.mem ..\..\..\tb  
        1 file(s) copied.

O:\src\Propel\iCE40UP\ice40_nano\ws\ice40_nano\Debug>python mem2bin.py ice40_nano_Code.mem ice40_nano_Code.bin -be 

O:\src\Propel\iCE40UP\ice40_nano\ws\ice40_nano\Debug>python mem2bin.py ice40_nano_Data.mem ice40_nano_Data.bin -be 
 
12:50:16 **** Incremental Build of configuration Debug for project ice40_nano ****
make all 
Building file: ../src/bsp/driver/riscv_nano/pic.c
Invoking: GNU RISC-V Cross C Compiler
riscv-none-embed-gcc -march=rv32i -mabi=ilp32 -msmall-data-limit=8 -mno-save-restore -O0 -fmessage-length=0 -fsigned-char -ffunction-sections -fdata-sections  -g3 -DLSCC_STDIO_UART_APB -I"O:\src\Propel\iCE40UP\ice40_nano\ws\ice40_nano/src" -I"O:\src\Propel\iCE40UP\ice40_nano\ws\ice40_nano/src/bsp" -I"O:\src\Propel\iCE40UP\ice40_nano\ws\ice40_nano/src/bsp/driver" -I"O:\src\Propel\iCE40UP\ice40_nano\ws\ice40_nano/src/bsp/driver/gpio" -I"O:\src\Propel\iCE40UP\ice40_nano\ws\ice40_nano/src/bsp/driver/riscv_nano" -I"O:\src\Propel\iCE40UP\ice40_nano\ws\ice40_nano/src/bsp/driver/uart" -I"O:\src\Propel\iCE40UP\ice40_nano\ws\ice40_nano/src/bsp/driver/timer" -std=gnu11 --specs=picolibc.specs -DPICOLIBC_INTEGER_PRINTF_SCANF -MMD -MP -MF"src/bsp/driver/riscv_nano/pic.d" -MT"src/bsp/driver/riscv_nano/pic.o" -c -o "src/bsp/driver/riscv_nano/pic.o" "../src/bsp/driver/riscv_nano/pic.c"
Finished building: ../src/bsp/driver/riscv_nano/pic.c
 
Building file: ../src/main.c
Invoking: GNU RISC-V Cross C Compiler
riscv-none-embed-gcc -march=rv32i -mabi=ilp32 -msmall-data-limit=8 -mno-save-restore -O0 -fmessage-length=0 -fsigned-char -ffunction-sections -fdata-sections  -g3 -DLSCC_STDIO_UART_APB -I"O:\src\Propel\iCE40UP\ice40_nano\ws\ice40_nano/src" -I"O:\src\Propel\iCE40UP\ice40_nano\ws\ice40_nano/src/bsp" -I"O:\src\Propel\iCE40UP\ice40_nano\ws\ice40_nano/src/bsp/driver" -I"O:\src\Propel\iCE40UP\ice40_nano\ws\ice40_nano/src/bsp/driver/gpio" -I"O:\src\Propel\iCE40UP\ice40_nano\ws\ice40_nano/src/bsp/driver/riscv_nano" -I"O:\src\Propel\iCE40UP\ice40_nano\ws\ice40_nano/src/bsp/driver/uart" -I"O:\src\Propel\iCE40UP\ice40_nano\ws\ice40_nano/src/bsp/driver/timer" -std=gnu11 --specs=picolibc.specs -DPICOLIBC_INTEGER_PRINTF_SCANF -MMD -MP -MF"src/main.d" -MT"src/main.o" -c -o "src/main.o" "../src/main.c"
Finished building: ../src/main.c
 
Building target: ice40_nano.elf
Invoking: GNU RISC-V Cross C Linker
riscv-none-embed-gcc -march=rv32i -mabi=ilp32 -msmall-data-limit=8 -mno-save-restore -O0 -fmessage-length=0 -fsigned-char -ffunction-sections -fdata-sections  -g3 -T "O:/src/Propel/iCE40UP/ice40_nano/ws/ice40_nano/src/linker.ld" -nostartfiles -Xlinker --gc-sections -Wl,-Map,"ice40_nano.map" --specs=picolibc.specs -DPICOLIBC_INTEGER_PRINTF_SCANF -o "ice40_nano.elf"  ./src/bsp/driver/uart/uart.o  ./src/bsp/driver/timer/timer.o  ./src/bsp/driver/riscv_nano/crt0.o ./src/bsp/driver/riscv_nano/exit.o ./src/bsp/driver/riscv_nano/interrupt.o ./src/bsp/driver/riscv_nano/iob.o ./src/bsp/driver/riscv_nano/pic.o ./src/bsp/driver/riscv_nano/reg_access.o ./src/bsp/driver/riscv_nano/util.o  ./src/bsp/driver/gpio/gpio.o  ./src/bsp/reg_test.o  ./src/i2c_controller.o ./src/lib_ov08x.o ./src/main.o ./src/utils.o   
Finished building target: ice40_nano.elf
 
Invoking: GNU RISC-V Cross Create Listing
riscv-none-embed-objdump --source --all-headers --demangle --line-numbers --wide "ice40_nano.elf" > "ice40_nano.lst"
Finished building: ice40_nano.lst
 
Invoking: GNU RISC-V Cross Print Size
riscv-none-embed-size --format=berkeley "ice40_nano.elf"
   text	   data	    bss	    dec	    hex	filename
   6472	      8	   2972	   9452	   24ec	ice40_nano.elf
Finished building: ice40_nano.siz
 
Invoking: Lattice Multi Memory Deployment (CODE SEGMENT)
riscv-none-embed-objcopy -O binary --gap-fill 0 -j .text -j .ctors -j .dtors "ice40_nano.elf" tmp; srec_cat tmp -Binary -byte-swap 4 -DISable Header -Output "ice40_nano_Code.mem" -MEM 32
Finished building: ice40_nano_Code.mem
 
Invoking: Lattice Multi Memory Deployment (DATA SEGMENT)
riscv-none-embed-objcopy -O binary --gap-fill 0 -j .rodata -j .data -j .bss "ice40_nano.elf" tmp; srec_cat tmp -Binary -byte-swap 4 -DISable Header -Output "ice40_nano_Data.mem" -MEM 32
Finished building: ice40_nano_Data.mem
 
post build
post_build.bat

O:\src\Propel\iCE40UP\ice40_nano\ws\ice40_nano\Debug>copy /y ice40_nano_Code.mem ..\..\..\tb  
        1 file(s) copied.

O:\src\Propel\iCE40UP\ice40_nano\ws\ice40_nano\Debug>python mem2bin.py ice40_nano_Code.mem ice40_nano_Code.bin -be 

O:\src\Propel\iCE40UP\ice40_nano\ws\ice40_nano\Debug>python mem2bin.py ice40_nano_Data.mem ice40_nano_Data.bin -be 
 
09:17:03 **** Incremental Build of configuration Debug for project ice40_nano ****
make all 
Building file: ../src/main.c
Invoking: GNU RISC-V Cross C Compiler
riscv-none-embed-gcc -march=rv32i -mabi=ilp32 -msmall-data-limit=8 -mno-save-restore -O0 -fmessage-length=0 -fsigned-char -ffunction-sections -fdata-sections  -g3 -DLSCC_STDIO_UART_APB -I"O:\src\Propel\iCE40UP\ice40_nano\ws\ice40_nano/src" -I"O:\src\Propel\iCE40UP\ice40_nano\ws\ice40_nano/src/bsp" -I"O:\src\Propel\iCE40UP\ice40_nano\ws\ice40_nano/src/bsp/driver" -I"O:\src\Propel\iCE40UP\ice40_nano\ws\ice40_nano/src/bsp/driver/gpio" -I"O:\src\Propel\iCE40UP\ice40_nano\ws\ice40_nano/src/bsp/driver/riscv_nano" -I"O:\src\Propel\iCE40UP\ice40_nano\ws\ice40_nano/src/bsp/driver/uart" -I"O:\src\Propel\iCE40UP\ice40_nano\ws\ice40_nano/src/bsp/driver/timer" -std=gnu11 --specs=picolibc.specs -DPICOLIBC_INTEGER_PRINTF_SCANF -MMD -MP -MF"src/main.d" -MT"src/main.o" -c -o "src/main.o" "../src/main.c"
Finished building: ../src/main.c
 
Building target: ice40_nano.elf
Invoking: GNU RISC-V Cross C Linker
riscv-none-embed-gcc -march=rv32i -mabi=ilp32 -msmall-data-limit=8 -mno-save-restore -O0 -fmessage-length=0 -fsigned-char -ffunction-sections -fdata-sections  -g3 -T "O:/src/Propel/iCE40UP/ice40_nano/ws/ice40_nano/src/linker.ld" -nostartfiles -Xlinker --gc-sections -Wl,-Map,"ice40_nano.map" --specs=picolibc.specs -DPICOLIBC_INTEGER_PRINTF_SCANF -o "ice40_nano.elf"  ./src/bsp/driver/uart/uart.o  ./src/bsp/driver/timer/timer.o  ./src/bsp/driver/riscv_nano/crt0.o ./src/bsp/driver/riscv_nano/exit.o ./src/bsp/driver/riscv_nano/interrupt.o ./src/bsp/driver/riscv_nano/iob.o ./src/bsp/driver/riscv_nano/pic.o ./src/bsp/driver/riscv_nano/reg_access.o ./src/bsp/driver/riscv_nano/util.o  ./src/bsp/driver/gpio/gpio.o  ./src/bsp/reg_test.o  ./src/i2c_controller.o ./src/lib_ov08x.o ./src/main.o ./src/utils.o   
Finished building target: ice40_nano.elf
 
Invoking: GNU RISC-V Cross Create Listing
riscv-none-embed-objdump --source --all-headers --demangle --line-numbers --wide "ice40_nano.elf" > "ice40_nano.lst"
Finished building: ice40_nano.lst
 
Invoking: GNU RISC-V Cross Print Size
riscv-none-embed-size --format=berkeley "ice40_nano.elf"
   text	   data	    bss	    dec	    hex	filename
   6472	      8	   2972	   9452	   24ec	ice40_nano.elf
Finished building: ice40_nano.siz
 
Invoking: Lattice Multi Memory Deployment (CODE SEGMENT)
riscv-none-embed-objcopy -O binary --gap-fill 0 -j .text -j .ctors -j .dtors "ice40_nano.elf" tmp; srec_cat tmp -Binary -byte-swap 4 -DISable Header -Output "ice40_nano_Code.mem" -MEM 32
Finished building: ice40_nano_Code.mem
 
Invoking: Lattice Multi Memory Deployment (DATA SEGMENT)
riscv-none-embed-objcopy -O binary --gap-fill 0 -j .rodata -j .data -j .bss "ice40_nano.elf" tmp; srec_cat tmp -Binary -byte-swap 4 -DISable Header -Output "ice40_nano_Data.mem" -MEM 32
Finished building: ice40_nano_Data.mem
 
post build
post_build.bat

O:\src\Propel\iCE40UP\ice40_nano\ws\ice40_nano\Debug>copy /y ice40_nano_Code.mem ..\..\..\tb  
        1 file(s) copied.

O:\src\Propel\iCE40UP\ice40_nano\ws\ice40_nano\Debug>python mem2bin.py ice40_nano_Code.mem ice40_nano_Code.bin -be 

O:\src\Propel\iCE40UP\ice40_nano\ws\ice40_nano\Debug>python mem2bin.py ice40_nano_Data.mem ice40_nano_Data.bin -be 
 
10:09:55 **** Build of configuration Debug for project ice40_nano ****
make all 
Building file: ../src/i2c_controller.c
Invoking: GNU RISC-V Cross C Compiler
riscv-none-embed-gcc -march=rv32i -mabi=ilp32 -msmall-data-limit=8 -mno-save-restore -O0 -fmessage-length=0 -fsigned-char -ffunction-sections -fdata-sections  -g3 -DLSCC_STDIO_UART_APB -I"O:\src\Propel\iCE40UP\ice40_nano\ws\ice40_nano/src" -I"O:\src\Propel\iCE40UP\ice40_nano\ws\ice40_nano/src/bsp" -I"O:\src\Propel\iCE40UP\ice40_nano\ws\ice40_nano/src/bsp/driver" -I"O:\src\Propel\iCE40UP\ice40_nano\ws\ice40_nano/src/bsp/driver/gpio" -I"O:\src\Propel\iCE40UP\ice40_nano\ws\ice40_nano/src/bsp/driver/riscv_nano" -I"O:\src\Propel\iCE40UP\ice40_nano\ws\ice40_nano/src/bsp/driver/uart" -I"O:\src\Propel\iCE40UP\ice40_nano\ws\ice40_nano/src/bsp/driver/timer" -std=gnu11 --specs=picolibc.specs -DPICOLIBC_INTEGER_PRINTF_SCANF -MMD -MP -MF"src/i2c_controller.d" -MT"src/i2c_controller.o" -c -o "src/i2c_controller.o" "../src/i2c_controller.c"
Finished building: ../src/i2c_controller.c
 
Building file: ../src/lib_ov08x.c
Invoking: GNU RISC-V Cross C Compiler
riscv-none-embed-gcc -march=rv32i -mabi=ilp32 -msmall-data-limit=8 -mno-save-restore -O0 -fmessage-length=0 -fsigned-char -ffunction-sections -fdata-sections  -g3 -DLSCC_STDIO_UART_APB -I"O:\src\Propel\iCE40UP\ice40_nano\ws\ice40_nano/src" -I"O:\src\Propel\iCE40UP\ice40_nano\ws\ice40_nano/src/bsp" -I"O:\src\Propel\iCE40UP\ice40_nano\ws\ice40_nano/src/bsp/driver" -I"O:\src\Propel\iCE40UP\ice40_nano\ws\ice40_nano/src/bsp/driver/gpio" -I"O:\src\Propel\iCE40UP\ice40_nano\ws\ice40_nano/src/bsp/driver/riscv_nano" -I"O:\src\Propel\iCE40UP\ice40_nano\ws\ice40_nano/src/bsp/driver/uart" -I"O:\src\Propel\iCE40UP\ice40_nano\ws\ice40_nano/src/bsp/driver/timer" -std=gnu11 --specs=picolibc.specs -DPICOLIBC_INTEGER_PRINTF_SCANF -MMD -MP -MF"src/lib_ov08x.d" -MT"src/lib_ov08x.o" -c -o "src/lib_ov08x.o" "../src/lib_ov08x.c"
Finished building: ../src/lib_ov08x.c
 
Building file: ../src/main.c
Invoking: GNU RISC-V Cross C Compiler
riscv-none-embed-gcc -march=rv32i -mabi=ilp32 -msmall-data-limit=8 -mno-save-restore -O0 -fmessage-length=0 -fsigned-char -ffunction-sections -fdata-sections  -g3 -DLSCC_STDIO_UART_APB -I"O:\src\Propel\iCE40UP\ice40_nano\ws\ice40_nano/src" -I"O:\src\Propel\iCE40UP\ice40_nano\ws\ice40_nano/src/bsp" -I"O:\src\Propel\iCE40UP\ice40_nano\ws\ice40_nano/src/bsp/driver" -I"O:\src\Propel\iCE40UP\ice40_nano\ws\ice40_nano/src/bsp/driver/gpio" -I"O:\src\Propel\iCE40UP\ice40_nano\ws\ice40_nano/src/bsp/driver/riscv_nano" -I"O:\src\Propel\iCE40UP\ice40_nano\ws\ice40_nano/src/bsp/driver/uart" -I"O:\src\Propel\iCE40UP\ice40_nano\ws\ice40_nano/src/bsp/driver/timer" -std=gnu11 --specs=picolibc.specs -DPICOLIBC_INTEGER_PRINTF_SCANF -MMD -MP -MF"src/main.d" -MT"src/main.o" -c -o "src/main.o" "../src/main.c"
Finished building: ../src/main.c
 
Building target: ice40_nano.elf
Invoking: GNU RISC-V Cross C Linker
riscv-none-embed-gcc -march=rv32i -mabi=ilp32 -msmall-data-limit=8 -mno-save-restore -O0 -fmessage-length=0 -fsigned-char -ffunction-sections -fdata-sections  -g3 -T "O:/src/Propel/iCE40UP/ice40_nano/ws/ice40_nano/src/linker.ld" -nostartfiles -Xlinker --gc-sections -Wl,-Map,"ice40_nano.map" --specs=picolibc.specs -DPICOLIBC_INTEGER_PRINTF_SCANF -o "ice40_nano.elf"  ./src/bsp/driver/uart/uart.o  ./src/bsp/driver/timer/timer.o  ./src/bsp/driver/riscv_nano/crt0.o ./src/bsp/driver/riscv_nano/exit.o ./src/bsp/driver/riscv_nano/interrupt.o ./src/bsp/driver/riscv_nano/iob.o ./src/bsp/driver/riscv_nano/pic.o ./src/bsp/driver/riscv_nano/reg_access.o ./src/bsp/driver/riscv_nano/util.o  ./src/bsp/driver/gpio/gpio.o  ./src/bsp/reg_test.o  ./src/i2c_controller.o ./src/lib_ov08x.o ./src/main.o ./src/utils.o   
c:/lscc/propel/2025.1/sdk/riscv-none-embed-gcc/bin/../lib/gcc/riscv-none-embed/10.2.0/../../../../riscv-none-embed/bin/ld.exe: ice40_nano.elf section `.stack' will not fit in region `system1_inst'
c:/lscc/propel/2025.1/sdk/riscv-none-embed-gcc/bin/../lib/gcc/riscv-none-embed/10.2.0/../../../../riscv-none-embed/bin/ld.exe: region `system1_inst' overflowed by 1168 bytes
collect2.exe: error: ld returned 1 exit status
make[1]: *** [makefile:70: ice40_nano.elf] Error 1
make: *** [makefile:61: all] Error 2
"make all" terminated with exit code 2. Build might be incomplete.
10:11:42 **** Incremental Build of configuration Debug for project ice40_nano ****
make all 
Building file: ../src/main.c
Invoking: GNU RISC-V Cross C Compiler
riscv-none-embed-gcc -march=rv32i -mabi=ilp32 -msmall-data-limit=8 -mno-save-restore -O0 -fmessage-length=0 -fsigned-char -ffunction-sections -fdata-sections  -g3 -DLSCC_STDIO_UART_APB -I"O:\src\Propel\iCE40UP\ice40_nano\ws\ice40_nano/src" -I"O:\src\Propel\iCE40UP\ice40_nano\ws\ice40_nano/src/bsp" -I"O:\src\Propel\iCE40UP\ice40_nano\ws\ice40_nano/src/bsp/driver" -I"O:\src\Propel\iCE40UP\ice40_nano\ws\ice40_nano/src/bsp/driver/gpio" -I"O:\src\Propel\iCE40UP\ice40_nano\ws\ice40_nano/src/bsp/driver/riscv_nano" -I"O:\src\Propel\iCE40UP\ice40_nano\ws\ice40_nano/src/bsp/driver/uart" -I"O:\src\Propel\iCE40UP\ice40_nano\ws\ice40_nano/src/bsp/driver/timer" -std=gnu11 --specs=picolibc.specs -DPICOLIBC_INTEGER_PRINTF_SCANF -MMD -MP -MF"src/main.d" -MT"src/main.o" -c -o "src/main.o" "../src/main.c"
Finished building: ../src/main.c
 
Building target: ice40_nano.elf
Invoking: GNU RISC-V Cross C Linker
riscv-none-embed-gcc -march=rv32i -mabi=ilp32 -msmall-data-limit=8 -mno-save-restore -O0 -fmessage-length=0 -fsigned-char -ffunction-sections -fdata-sections  -g3 -T "O:/src/Propel/iCE40UP/ice40_nano/ws/ice40_nano/src/linker.ld" -nostartfiles -Xlinker --gc-sections -Wl,-Map,"ice40_nano.map" --specs=picolibc.specs -DPICOLIBC_INTEGER_PRINTF_SCANF -o "ice40_nano.elf"  ./src/bsp/driver/uart/uart.o  ./src/bsp/driver/timer/timer.o  ./src/bsp/driver/riscv_nano/crt0.o ./src/bsp/driver/riscv_nano/exit.o ./src/bsp/driver/riscv_nano/interrupt.o ./src/bsp/driver/riscv_nano/iob.o ./src/bsp/driver/riscv_nano/pic.o ./src/bsp/driver/riscv_nano/reg_access.o ./src/bsp/driver/riscv_nano/util.o  ./src/bsp/driver/gpio/gpio.o  ./src/bsp/reg_test.o  ./src/i2c_controller.o ./src/lib_ov08x.o ./src/main.o ./src/utils.o   
Finished building target: ice40_nano.elf
 
Invoking: GNU RISC-V Cross Create Listing
riscv-none-embed-objdump --source --all-headers --demangle --line-numbers --wide "ice40_nano.elf" > "ice40_nano.lst"
Finished building: ice40_nano.lst
 
Invoking: GNU RISC-V Cross Print Size
riscv-none-embed-size --format=berkeley "ice40_nano.elf"
   text	   data	    bss	    dec	    hex	filename
   6472	      8	   2972	   9452	   24ec	ice40_nano.elf
Finished building: ice40_nano.siz
 
Invoking: Lattice Multi Memory Deployment (CODE SEGMENT)
riscv-none-embed-objcopy -O binary --gap-fill 0 -j .text -j .ctors -j .dtors "ice40_nano.elf" tmp; srec_cat tmp -Binary -byte-swap 4 -DISable Header -Output "ice40_nano_Code.mem" -MEM 32
Finished building: ice40_nano_Code.mem
 
Invoking: Lattice Multi Memory Deployment (DATA SEGMENT)
riscv-none-embed-objcopy -O binary --gap-fill 0 -j .rodata -j .data -j .bss "ice40_nano.elf" tmp; srec_cat tmp -Binary -byte-swap 4 -DISable Header -Output "ice40_nano_Data.mem" -MEM 32
Finished building: ice40_nano_Data.mem
 
post build
post_build.bat

O:\src\Propel\iCE40UP\ice40_nano\ws\ice40_nano\Debug>copy /y ice40_nano_Code.mem ..\..\..\tb  
        1 file(s) copied.

O:\src\Propel\iCE40UP\ice40_nano\ws\ice40_nano\Debug>python mem2bin.py ice40_nano_Code.mem ice40_nano_Code.bin -be 

O:\src\Propel\iCE40UP\ice40_nano\ws\ice40_nano\Debug>python mem2bin.py ice40_nano_Data.mem ice40_nano_Data.bin -be 
 
10:19:12 **** Incremental Build of configuration Debug for project ice40_nano ****
make all 
Building target: ice40_nano.elf
Invoking: GNU RISC-V Cross C Linker
riscv-none-embed-gcc -march=rv32i -mabi=ilp32 -msmall-data-limit=8 -mno-save-restore -O0 -fmessage-length=0 -fsigned-char -ffunction-sections -fdata-sections  -g3 -T "O:/src/Propel/iCE40UP/ice40_nano/ws/ice40_nano/src/linker.ld" -nostartfiles -Xlinker --gc-sections -Wl,-Map,"ice40_nano.map" --specs=picolibc.specs -DPICOLIBC_INTEGER_PRINTF_SCANF -o "ice40_nano.elf"  ./src/bsp/driver/uart/uart.o  ./src/bsp/driver/timer/timer.o  ./src/bsp/driver/riscv_nano/crt0.o ./src/bsp/driver/riscv_nano/exit.o ./src/bsp/driver/riscv_nano/interrupt.o ./src/bsp/driver/riscv_nano/iob.o ./src/bsp/driver/riscv_nano/pic.o ./src/bsp/driver/riscv_nano/reg_access.o ./src/bsp/driver/riscv_nano/util.o  ./src/bsp/driver/gpio/gpio.o  ./src/bsp/reg_test.o  ./src/i2c_controller.o ./src/lib_ov08x.o ./src/main.o ./src/utils.o   
Finished building target: ice40_nano.elf
 
Invoking: GNU RISC-V Cross Create Listing
riscv-none-embed-objdump --source --all-headers --demangle --line-numbers --wide "ice40_nano.elf" > "ice40_nano.lst"
Finished building: ice40_nano.lst
 
Invoking: GNU RISC-V Cross Print Size
riscv-none-embed-size --format=berkeley "ice40_nano.elf"
   text	   data	    bss	    dec	    hex	filename
   6472	      8	   2972	   9452	   24ec	ice40_nano.elf
Finished building: ice40_nano.siz
 
Invoking: Lattice Multi Memory Deployment (CODE SEGMENT)
riscv-none-embed-objcopy -O binary --gap-fill 0 -j .text -j .ctors -j .dtors -j .rodata "ice40_nano.elf" tmp; srec_cat tmp -Binary -byte-swap 4 -DISable Header -Output "ice40_nano_Code.mem" -MEM 32
Finished building: ice40_nano_Code.mem
 
Invoking: Lattice Multi Memory Deployment (DATA SEGMENT)
riscv-none-embed-objcopy -O binary --gap-fill 0 -j .data -j .bss "ice40_nano.elf" tmp; srec_cat tmp -Binary -byte-swap 4 -DISable Header -Output "ice40_nano_Data.mem" -MEM 32
Finished building: ice40_nano_Data.mem
 
post build
post_build.bat

O:\src\Propel\iCE40UP\ice40_nano\ws\ice40_nano\Debug>copy /y ice40_nano_Code.mem ..\..\..\tb  
        1 file(s) copied.

O:\src\Propel\iCE40UP\ice40_nano\ws\ice40_nano\Debug>python mem2bin.py ice40_nano_Code.mem ice40_nano_Code.bin -be 

O:\src\Propel\iCE40UP\ice40_nano\ws\ice40_nano\Debug>python mem2bin.py ice40_nano_Data.mem ice40_nano_Data.bin -be 
 
10:19:47 **** Incremental Build of configuration Debug for project ice40_nano ****
make all 
Building file: ../src/main.c
Invoking: GNU RISC-V Cross C Compiler
riscv-none-embed-gcc -march=rv32i -mabi=ilp32 -msmall-data-limit=8 -mno-save-restore -O0 -fmessage-length=0 -fsigned-char -ffunction-sections -fdata-sections  -g3 -DLSCC_STDIO_UART_APB -I"O:\src\Propel\iCE40UP\ice40_nano\ws\ice40_nano/src" -I"O:\src\Propel\iCE40UP\ice40_nano\ws\ice40_nano/src/bsp" -I"O:\src\Propel\iCE40UP\ice40_nano\ws\ice40_nano/src/bsp/driver" -I"O:\src\Propel\iCE40UP\ice40_nano\ws\ice40_nano/src/bsp/driver/gpio" -I"O:\src\Propel\iCE40UP\ice40_nano\ws\ice40_nano/src/bsp/driver/riscv_nano" -I"O:\src\Propel\iCE40UP\ice40_nano\ws\ice40_nano/src/bsp/driver/uart" -I"O:\src\Propel\iCE40UP\ice40_nano\ws\ice40_nano/src/bsp/driver/timer" -std=gnu11 --specs=picolibc.specs -DPICOLIBC_INTEGER_PRINTF_SCANF -MMD -MP -MF"src/main.d" -MT"src/main.o" -c -o "src/main.o" "../src/main.c"
Finished building: ../src/main.c
 
Building target: ice40_nano.elf
Invoking: GNU RISC-V Cross C Linker
riscv-none-embed-gcc -march=rv32i -mabi=ilp32 -msmall-data-limit=8 -mno-save-restore -O0 -fmessage-length=0 -fsigned-char -ffunction-sections -fdata-sections  -g3 -T "O:/src/Propel/iCE40UP/ice40_nano/ws/ice40_nano/src/linker.ld" -nostartfiles -Xlinker --gc-sections -Wl,-Map,"ice40_nano.map" --specs=picolibc.specs -DPICOLIBC_INTEGER_PRINTF_SCANF -o "ice40_nano.elf"  ./src/bsp/driver/uart/uart.o  ./src/bsp/driver/timer/timer.o  ./src/bsp/driver/riscv_nano/crt0.o ./src/bsp/driver/riscv_nano/exit.o ./src/bsp/driver/riscv_nano/interrupt.o ./src/bsp/driver/riscv_nano/iob.o ./src/bsp/driver/riscv_nano/pic.o ./src/bsp/driver/riscv_nano/reg_access.o ./src/bsp/driver/riscv_nano/util.o  ./src/bsp/driver/gpio/gpio.o  ./src/bsp/reg_test.o  ./src/i2c_controller.o ./src/lib_ov08x.o ./src/main.o ./src/utils.o   
Finished building target: ice40_nano.elf
 
Invoking: GNU RISC-V Cross Create Listing
riscv-none-embed-objdump --source --all-headers --demangle --line-numbers --wide "ice40_nano.elf" > "ice40_nano.lst"
Finished building: ice40_nano.lst
 
Invoking: GNU RISC-V Cross Print Size
riscv-none-embed-size --format=berkeley "ice40_nano.elf"
   text	   data	    bss	    dec	    hex	filename
  10356	      8	   2972	  13336	   3418	ice40_nano.elf
Finished building: ice40_nano.siz
 
Invoking: Lattice Multi Memory Deployment (CODE SEGMENT)
riscv-none-embed-objcopy -O binary --gap-fill 0 -j .text -j .ctors -j .dtors -j .rodata "ice40_nano.elf" tmp; srec_cat tmp -Binary -byte-swap 4 -DISable Header -Output "ice40_nano_Code.mem" -MEM 32
Finished building: ice40_nano_Code.mem
 
Invoking: Lattice Multi Memory Deployment (DATA SEGMENT)
riscv-none-embed-objcopy -O binary --gap-fill 0 -j .data -j .bss "ice40_nano.elf" tmp; srec_cat tmp -Binary -byte-swap 4 -DISable Header -Output "ice40_nano_Data.mem" -MEM 32
Finished building: ice40_nano_Data.mem
 
post build
post_build.bat

O:\src\Propel\iCE40UP\ice40_nano\ws\ice40_nano\Debug>copy /y ice40_nano_Code.mem ..\..\..\tb  
        1 file(s) copied.

O:\src\Propel\iCE40UP\ice40_nano\ws\ice40_nano\Debug>python mem2bin.py ice40_nano_Code.mem ice40_nano_Code.bin -be 

O:\src\Propel\iCE40UP\ice40_nano\ws\ice40_nano\Debug>python mem2bin.py ice40_nano_Data.mem ice40_nano_Data.bin -be 
 
12:48:03 **** Incremental Build of configuration Debug for project ice40_nano ****
make all 
Building file: ../src/lib_ov08x.c
Invoking: GNU RISC-V Cross C Compiler
riscv-none-embed-gcc -march=rv32i -mabi=ilp32 -msmall-data-limit=8 -mno-save-restore -O0 -fmessage-length=0 -fsigned-char -ffunction-sections -fdata-sections  -g3 -DLSCC_STDIO_UART_APB -I"O:\src\Propel\iCE40UP\ice40_nano\ws\ice40_nano/src" -I"O:\src\Propel\iCE40UP\ice40_nano\ws\ice40_nano/src/bsp" -I"O:\src\Propel\iCE40UP\ice40_nano\ws\ice40_nano/src/bsp/driver" -I"O:\src\Propel\iCE40UP\ice40_nano\ws\ice40_nano/src/bsp/driver/gpio" -I"O:\src\Propel\iCE40UP\ice40_nano\ws\ice40_nano/src/bsp/driver/riscv_nano" -I"O:\src\Propel\iCE40UP\ice40_nano\ws\ice40_nano/src/bsp/driver/uart" -I"O:\src\Propel\iCE40UP\ice40_nano\ws\ice40_nano/src/bsp/driver/timer" -std=gnu11 --specs=picolibc.specs -DPICOLIBC_INTEGER_PRINTF_SCANF -MMD -MP -MF"src/lib_ov08x.d" -MT"src/lib_ov08x.o" -c -o "src/lib_ov08x.o" "../src/lib_ov08x.c"
Finished building: ../src/lib_ov08x.c
 
Building file: ../src/main.c
Invoking: GNU RISC-V Cross C Compiler
riscv-none-embed-gcc -march=rv32i -mabi=ilp32 -msmall-data-limit=8 -mno-save-restore -O0 -fmessage-length=0 -fsigned-char -ffunction-sections -fdata-sections  -g3 -DLSCC_STDIO_UART_APB -I"O:\src\Propel\iCE40UP\ice40_nano\ws\ice40_nano/src" -I"O:\src\Propel\iCE40UP\ice40_nano\ws\ice40_nano/src/bsp" -I"O:\src\Propel\iCE40UP\ice40_nano\ws\ice40_nano/src/bsp/driver" -I"O:\src\Propel\iCE40UP\ice40_nano\ws\ice40_nano/src/bsp/driver/gpio" -I"O:\src\Propel\iCE40UP\ice40_nano\ws\ice40_nano/src/bsp/driver/riscv_nano" -I"O:\src\Propel\iCE40UP\ice40_nano\ws\ice40_nano/src/bsp/driver/uart" -I"O:\src\Propel\iCE40UP\ice40_nano\ws\ice40_nano/src/bsp/driver/timer" -std=gnu11 --specs=picolibc.specs -DPICOLIBC_INTEGER_PRINTF_SCANF -MMD -MP -MF"src/main.d" -MT"src/main.o" -c -o "src/main.o" "../src/main.c"
Finished building: ../src/main.c
 
Building target: ice40_nano.elf
Invoking: GNU RISC-V Cross C Linker
riscv-none-embed-gcc -march=rv32i -mabi=ilp32 -msmall-data-limit=8 -mno-save-restore -O0 -fmessage-length=0 -fsigned-char -ffunction-sections -fdata-sections  -g3 -T "O:/src/Propel/iCE40UP/ice40_nano/ws/ice40_nano/src/linker.ld" -nostartfiles -Xlinker --gc-sections -Wl,-Map,"ice40_nano.map" --specs=picolibc.specs -DPICOLIBC_INTEGER_PRINTF_SCANF -o "ice40_nano.elf"  ./src/bsp/driver/uart/uart.o  ./src/bsp/driver/timer/timer.o  ./src/bsp/driver/riscv_nano/crt0.o ./src/bsp/driver/riscv_nano/exit.o ./src/bsp/driver/riscv_nano/interrupt.o ./src/bsp/driver/riscv_nano/iob.o ./src/bsp/driver/riscv_nano/pic.o ./src/bsp/driver/riscv_nano/reg_access.o ./src/bsp/driver/riscv_nano/util.o  ./src/bsp/driver/gpio/gpio.o  ./src/bsp/reg_test.o  ./src/i2c_controller.o ./src/lib_ov08x.o ./src/main.o ./src/utils.o   
Finished building target: ice40_nano.elf
 
Invoking: GNU RISC-V Cross Create Listing
riscv-none-embed-objdump --source --all-headers --demangle --line-numbers --wide "ice40_nano.elf" > "ice40_nano.lst"
Finished building: ice40_nano.lst
 
Invoking: GNU RISC-V Cross Print Size
riscv-none-embed-size --format=berkeley "ice40_nano.elf"
   text	   data	    bss	    dec	    hex	filename
  10332	      8	   2972	  13312	   3400	ice40_nano.elf
Finished building: ice40_nano.siz
 
Invoking: Lattice Multi Memory Deployment (CODE SEGMENT)
riscv-none-embed-objcopy -O binary --gap-fill 0 -j .text -j .ctors -j .dtors -j .rodata "ice40_nano.elf" tmp; srec_cat tmp -Binary -byte-swap 4 -DISable Header -Output "ice40_nano_Code.mem" -MEM 32
Finished building: ice40_nano_Code.mem
 
Invoking: Lattice Multi Memory Deployment (DATA SEGMENT)
riscv-none-embed-objcopy -O binary --gap-fill 0 -j .data -j .bss "ice40_nano.elf" tmp; srec_cat tmp -Binary -byte-swap 4 -DISable Header -Output "ice40_nano_Data.mem" -MEM 32
Finished building: ice40_nano_Data.mem
 
post build
post_build.bat

O:\src\Propel\iCE40UP\ice40_nano\ws\ice40_nano\Debug>copy /y ice40_nano_Code.mem ..\..\..\tb  
        1 file(s) copied.

O:\src\Propel\iCE40UP\ice40_nano\ws\ice40_nano\Debug>python mem2bin.py ice40_nano_Code.mem ice40_nano_Code.bin -be 

O:\src\Propel\iCE40UP\ice40_nano\ws\ice40_nano\Debug>python mem2bin.py ice40_nano_Data.mem ice40_nano_Data.bin -be 
 
12:59:33 **** Incremental Build of configuration Debug for project ice40_nano ****
make all 
Building file: ../src/i2c_controller.c
Invoking: GNU RISC-V Cross C Compiler
riscv-none-embed-gcc -march=rv32i -mabi=ilp32 -msmall-data-limit=8 -mno-save-restore -O0 -fmessage-length=0 -fsigned-char -ffunction-sections -fdata-sections  -g3 -DLSCC_STDIO_UART_APB -I"O:\src\Propel\iCE40UP\ice40_nano\ws\ice40_nano/src" -I"O:\src\Propel\iCE40UP\ice40_nano\ws\ice40_nano/src/bsp" -I"O:\src\Propel\iCE40UP\ice40_nano\ws\ice40_nano/src/bsp/driver" -I"O:\src\Propel\iCE40UP\ice40_nano\ws\ice40_nano/src/bsp/driver/gpio" -I"O:\src\Propel\iCE40UP\ice40_nano\ws\ice40_nano/src/bsp/driver/riscv_nano" -I"O:\src\Propel\iCE40UP\ice40_nano\ws\ice40_nano/src/bsp/driver/uart" -I"O:\src\Propel\iCE40UP\ice40_nano\ws\ice40_nano/src/bsp/driver/timer" -std=gnu11 --specs=picolibc.specs -DPICOLIBC_INTEGER_PRINTF_SCANF -MMD -MP -MF"src/i2c_controller.d" -MT"src/i2c_controller.o" -c -o "src/i2c_controller.o" "../src/i2c_controller.c"
Finished building: ../src/i2c_controller.c
 
Building target: ice40_nano.elf
Invoking: GNU RISC-V Cross C Linker
riscv-none-embed-gcc -march=rv32i -mabi=ilp32 -msmall-data-limit=8 -mno-save-restore -O0 -fmessage-length=0 -fsigned-char -ffunction-sections -fdata-sections  -g3 -T "O:/src/Propel/iCE40UP/ice40_nano/ws/ice40_nano/src/linker.ld" -nostartfiles -Xlinker --gc-sections -Wl,-Map,"ice40_nano.map" --specs=picolibc.specs -DPICOLIBC_INTEGER_PRINTF_SCANF -o "ice40_nano.elf"  ./src/bsp/driver/uart/uart.o  ./src/bsp/driver/timer/timer.o  ./src/bsp/driver/riscv_nano/crt0.o ./src/bsp/driver/riscv_nano/exit.o ./src/bsp/driver/riscv_nano/interrupt.o ./src/bsp/driver/riscv_nano/iob.o ./src/bsp/driver/riscv_nano/pic.o ./src/bsp/driver/riscv_nano/reg_access.o ./src/bsp/driver/riscv_nano/util.o  ./src/bsp/driver/gpio/gpio.o  ./src/bsp/reg_test.o  ./src/i2c_controller.o ./src/lib_ov08x.o ./src/main.o ./src/utils.o   
Finished building target: ice40_nano.elf
 
Invoking: GNU RISC-V Cross Create Listing
riscv-none-embed-objdump --source --all-headers --demangle --line-numbers --wide "ice40_nano.elf" > "ice40_nano.lst"
Finished building: ice40_nano.lst
 
Invoking: GNU RISC-V Cross Print Size
riscv-none-embed-size --format=berkeley "ice40_nano.elf"
   text	   data	    bss	    dec	    hex	filename
  10196	      8	   2972	  13176	   3378	ice40_nano.elf
Finished building: ice40_nano.siz
 
Invoking: Lattice Multi Memory Deployment (CODE SEGMENT)
riscv-none-embed-objcopy -O binary --gap-fill 0 -j .text -j .ctors -j .dtors -j .rodata "ice40_nano.elf" tmp; srec_cat tmp -Binary -byte-swap 4 -DISable Header -Output "ice40_nano_Code.mem" -MEM 32
Finished building: ice40_nano_Code.mem
 
Invoking: Lattice Multi Memory Deployment (DATA SEGMENT)
riscv-none-embed-objcopy -O binary --gap-fill 0 -j .data -j .bss "ice40_nano.elf" tmp; srec_cat tmp -Binary -byte-swap 4 -DISable Header -Output "ice40_nano_Data.mem" -MEM 32
Finished building: ice40_nano_Data.mem
 
post build
post_build.bat

O:\src\Propel\iCE40UP\ice40_nano\ws\ice40_nano\Debug>copy /y ice40_nano_Code.mem ..\..\..\tb  
        1 file(s) copied.

O:\src\Propel\iCE40UP\ice40_nano\ws\ice40_nano\Debug>python mem2bin.py ice40_nano_Code.mem ice40_nano_Code.bin -be 

O:\src\Propel\iCE40UP\ice40_nano\ws\ice40_nano\Debug>python mem2bin.py ice40_nano_Data.mem ice40_nano_Data.bin -be 
 
17:15:24 **** Incremental Build of configuration Debug for project ice40_nano ****
make all 
Building file: ../src/bsp/driver/uart/uart.c
Invoking: GNU RISC-V Cross C Compiler
riscv-none-embed-gcc -march=rv32i -mabi=ilp32 -msmall-data-limit=8 -mno-save-restore -O0 -fmessage-length=0 -fsigned-char -ffunction-sections -fdata-sections  -g3 -DLSCC_STDIO_UART_APB -I"O:\src\Propel\iCE40UP\ice40_nano\ws\ice40_nano/src" -I"O:\src\Propel\iCE40UP\ice40_nano\ws\ice40_nano/src/bsp" -I"O:\src\Propel\iCE40UP\ice40_nano\ws\ice40_nano/src/bsp/driver" -I"O:\src\Propel\iCE40UP\ice40_nano\ws\ice40_nano/src/bsp/driver/gpio" -I"O:\src\Propel\iCE40UP\ice40_nano\ws\ice40_nano/src/bsp/driver/riscv_nano" -I"O:\src\Propel\iCE40UP\ice40_nano\ws\ice40_nano/src/bsp/driver/uart" -I"O:\src\Propel\iCE40UP\ice40_nano\ws\ice40_nano/src/bsp/driver/timer" -std=gnu11 --specs=picolibc.specs -DPICOLIBC_INTEGER_PRINTF_SCANF -MMD -MP -MF"src/bsp/driver/uart/uart.d" -MT"src/bsp/driver/uart/uart.o" -c -o "src/bsp/driver/uart/uart.o" "../src/bsp/driver/uart/uart.c"
Finished building: ../src/bsp/driver/uart/uart.c
 
Building file: ../src/bsp/reg_test.c
Invoking: GNU RISC-V Cross C Compiler
riscv-none-embed-gcc -march=rv32i -mabi=ilp32 -msmall-data-limit=8 -mno-save-restore -O0 -fmessage-length=0 -fsigned-char -ffunction-sections -fdata-sections  -g3 -DLSCC_STDIO_UART_APB -I"O:\src\Propel\iCE40UP\ice40_nano\ws\ice40_nano/src" -I"O:\src\Propel\iCE40UP\ice40_nano\ws\ice40_nano/src/bsp" -I"O:\src\Propel\iCE40UP\ice40_nano\ws\ice40_nano/src/bsp/driver" -I"O:\src\Propel\iCE40UP\ice40_nano\ws\ice40_nano/src/bsp/driver/gpio" -I"O:\src\Propel\iCE40UP\ice40_nano\ws\ice40_nano/src/bsp/driver/riscv_nano" -I"O:\src\Propel\iCE40UP\ice40_nano\ws\ice40_nano/src/bsp/driver/uart" -I"O:\src\Propel\iCE40UP\ice40_nano\ws\ice40_nano/src/bsp/driver/timer" -std=gnu11 --specs=picolibc.specs -DPICOLIBC_INTEGER_PRINTF_SCANF -MMD -MP -MF"src/bsp/reg_test.d" -MT"src/bsp/reg_test.o" -c -o "src/bsp/reg_test.o" "../src/bsp/reg_test.c"
Finished building: ../src/bsp/reg_test.c
 
Building file: ../src/i2c_controller.c
Invoking: GNU RISC-V Cross C Compiler
riscv-none-embed-gcc -march=rv32i -mabi=ilp32 -msmall-data-limit=8 -mno-save-restore -O0 -fmessage-length=0 -fsigned-char -ffunction-sections -fdata-sections  -g3 -DLSCC_STDIO_UART_APB -I"O:\src\Propel\iCE40UP\ice40_nano\ws\ice40_nano/src" -I"O:\src\Propel\iCE40UP\ice40_nano\ws\ice40_nano/src/bsp" -I"O:\src\Propel\iCE40UP\ice40_nano\ws\ice40_nano/src/bsp/driver" -I"O:\src\Propel\iCE40UP\ice40_nano\ws\ice40_nano/src/bsp/driver/gpio" -I"O:\src\Propel\iCE40UP\ice40_nano\ws\ice40_nano/src/bsp/driver/riscv_nano" -I"O:\src\Propel\iCE40UP\ice40_nano\ws\ice40_nano/src/bsp/driver/uart" -I"O:\src\Propel\iCE40UP\ice40_nano\ws\ice40_nano/src/bsp/driver/timer" -std=gnu11 --specs=picolibc.specs -DPICOLIBC_INTEGER_PRINTF_SCANF -MMD -MP -MF"src/i2c_controller.d" -MT"src/i2c_controller.o" -c -o "src/i2c_controller.o" "../src/i2c_controller.c"
Finished building: ../src/i2c_controller.c
 
Building file: ../src/lib_ov08x.c
Invoking: GNU RISC-V Cross C Compiler
riscv-none-embed-gcc -march=rv32i -mabi=ilp32 -msmall-data-limit=8 -mno-save-restore -O0 -fmessage-length=0 -fsigned-char -ffunction-sections -fdata-sections  -g3 -DLSCC_STDIO_UART_APB -I"O:\src\Propel\iCE40UP\ice40_nano\ws\ice40_nano/src" -I"O:\src\Propel\iCE40UP\ice40_nano\ws\ice40_nano/src/bsp" -I"O:\src\Propel\iCE40UP\ice40_nano\ws\ice40_nano/src/bsp/driver" -I"O:\src\Propel\iCE40UP\ice40_nano\ws\ice40_nano/src/bsp/driver/gpio" -I"O:\src\Propel\iCE40UP\ice40_nano\ws\ice40_nano/src/bsp/driver/riscv_nano" -I"O:\src\Propel\iCE40UP\ice40_nano\ws\ice40_nano/src/bsp/driver/uart" -I"O:\src\Propel\iCE40UP\ice40_nano\ws\ice40_nano/src/bsp/driver/timer" -std=gnu11 --specs=picolibc.specs -DPICOLIBC_INTEGER_PRINTF_SCANF -MMD -MP -MF"src/lib_ov08x.d" -MT"src/lib_ov08x.o" -c -o "src/lib_ov08x.o" "../src/lib_ov08x.c"
Finished building: ../src/lib_ov08x.c
 
Building file: ../src/main.c
Invoking: GNU RISC-V Cross C Compiler
riscv-none-embed-gcc -march=rv32i -mabi=ilp32 -msmall-data-limit=8 -mno-save-restore -O0 -fmessage-length=0 -fsigned-char -ffunction-sections -fdata-sections  -g3 -DLSCC_STDIO_UART_APB -I"O:\src\Propel\iCE40UP\ice40_nano\ws\ice40_nano/src" -I"O:\src\Propel\iCE40UP\ice40_nano\ws\ice40_nano/src/bsp" -I"O:\src\Propel\iCE40UP\ice40_nano\ws\ice40_nano/src/bsp/driver" -I"O:\src\Propel\iCE40UP\ice40_nano\ws\ice40_nano/src/bsp/driver/gpio" -I"O:\src\Propel\iCE40UP\ice40_nano\ws\ice40_nano/src/bsp/driver/riscv_nano" -I"O:\src\Propel\iCE40UP\ice40_nano\ws\ice40_nano/src/bsp/driver/uart" -I"O:\src\Propel\iCE40UP\ice40_nano\ws\ice40_nano/src/bsp/driver/timer" -std=gnu11 --specs=picolibc.specs -DPICOLIBC_INTEGER_PRINTF_SCANF -MMD -MP -MF"src/main.d" -MT"src/main.o" -c -o "src/main.o" "../src/main.c"
Finished building: ../src/main.c
 
Building file: ../src/utils.c
Invoking: GNU RISC-V Cross C Compiler
riscv-none-embed-gcc -march=rv32i -mabi=ilp32 -msmall-data-limit=8 -mno-save-restore -O0 -fmessage-length=0 -fsigned-char -ffunction-sections -fdata-sections  -g3 -DLSCC_STDIO_UART_APB -I"O:\src\Propel\iCE40UP\ice40_nano\ws\ice40_nano/src" -I"O:\src\Propel\iCE40UP\ice40_nano\ws\ice40_nano/src/bsp" -I"O:\src\Propel\iCE40UP\ice40_nano\ws\ice40_nano/src/bsp/driver" -I"O:\src\Propel\iCE40UP\ice40_nano\ws\ice40_nano/src/bsp/driver/gpio" -I"O:\src\Propel\iCE40UP\ice40_nano\ws\ice40_nano/src/bsp/driver/riscv_nano" -I"O:\src\Propel\iCE40UP\ice40_nano\ws\ice40_nano/src/bsp/driver/uart" -I"O:\src\Propel\iCE40UP\ice40_nano\ws\ice40_nano/src/bsp/driver/timer" -std=gnu11 --specs=picolibc.specs -DPICOLIBC_INTEGER_PRINTF_SCANF -MMD -MP -MF"src/utils.d" -MT"src/utils.o" -c -o "src/utils.o" "../src/utils.c"
Finished building: ../src/utils.c
 
Building target: ice40_nano.elf
Invoking: GNU RISC-V Cross C Linker
riscv-none-embed-gcc -march=rv32i -mabi=ilp32 -msmall-data-limit=8 -mno-save-restore -O0 -fmessage-length=0 -fsigned-char -ffunction-sections -fdata-sections  -g3 -T "O:/src/Propel/iCE40UP/ice40_nano/ws/ice40_nano/src/linker.ld" -nostartfiles -Xlinker --gc-sections -Wl,-Map,"ice40_nano.map" --specs=picolibc.specs -DPICOLIBC_INTEGER_PRINTF_SCANF -o "ice40_nano.elf"  ./src/bsp/driver/uart/uart.o  ./src/bsp/driver/timer/timer.o  ./src/bsp/driver/riscv_nano/crt0.o ./src/bsp/driver/riscv_nano/exit.o ./src/bsp/driver/riscv_nano/interrupt.o ./src/bsp/driver/riscv_nano/iob.o ./src/bsp/driver/riscv_nano/pic.o ./src/bsp/driver/riscv_nano/reg_access.o ./src/bsp/driver/riscv_nano/util.o  ./src/bsp/driver/gpio/gpio.o  ./src/bsp/reg_test.o  ./src/i2c_controller.o ./src/lib_ov08x.o ./src/main.o ./src/utils.o   
Finished building target: ice40_nano.elf
 
Invoking: GNU RISC-V Cross Create Listing
riscv-none-embed-objdump --source --all-headers --demangle --line-numbers --wide "ice40_nano.elf" > "ice40_nano.lst"
Finished building: ice40_nano.lst
 
Invoking: GNU RISC-V Cross Print Size
riscv-none-embed-size --format=berkeley "ice40_nano.elf"
   text	   data	    bss	    dec	    hex	filename
   9664	     12	   2972	  12648	   3168	ice40_nano.elf
Finished building: ice40_nano.siz
 
Invoking: Lattice Multi Memory Deployment (CODE SEGMENT)
riscv-none-embed-objcopy -O binary --gap-fill 0 -j .text -j .ctors -j .dtors -j .rodata "ice40_nano.elf" tmp; srec_cat tmp -Binary -byte-swap 4 -DISable Header -Output "ice40_nano_Code.mem" -MEM 32
Finished building: ice40_nano_Code.mem
 
Invoking: Lattice Multi Memory Deployment (DATA SEGMENT)
riscv-none-embed-objcopy -O binary --gap-fill 0 -j .data -j .bss "ice40_nano.elf" tmp; srec_cat tmp -Binary -byte-swap 4 -DISable Header -Output "ice40_nano_Data.mem" -MEM 32
Finished building: ice40_nano_Data.mem
 
post build
post_build.bat

O:\src\Propel\iCE40UP\ice40_nano\ws\ice40_nano\Debug>copy /y ice40_nano_Code.mem ..\..\..\tb  
        1 file(s) copied.

O:\src\Propel\iCE40UP\ice40_nano\ws\ice40_nano\Debug>python mem2bin.py ice40_nano_Code.mem ice40_nano_Code.bin -be 

O:\src\Propel\iCE40UP\ice40_nano\ws\ice40_nano\Debug>python mem2bin.py ice40_nano_Data.mem ice40_nano_Data.bin -be 
 
18:36:30 **** Incremental Build of configuration Debug for project ice40_nano ****
make all 
Invoking: GNU RISC-V Cross Print Size
riscv-none-embed-size --format=berkeley "ice40_nano.elf"
   text	   data	    bss	    dec	    hex	filename
   9664	     12	   2972	  12648	   3168	ice40_nano.elf
Finished building: ice40_nano.siz
 
post build
post_build.bat

O:\src\Propel\iCE40UP\ice40_nano\ws\ice40_nano\Debug>copy /y ice40_nano_Code.mem ..\..\..\tb  
        1 file(s) copied.

O:\src\Propel\iCE40UP\ice40_nano\ws\ice40_nano\Debug>python mem2bin.py ice40_nano_Code.mem ice40_nano_Code.bin -be 

O:\src\Propel\iCE40UP\ice40_nano\ws\ice40_nano\Debug>python mem2bin.py ice40_nano_Data.mem ice40_nano_Data.bin -be 
 
19:13:33 **** Incremental Build of configuration Debug for project ice40_nano ****
make all 
Building file: ../src/i2c_controller.c
Invoking: GNU RISC-V Cross C Compiler
riscv-none-embed-gcc -march=rv32i -mabi=ilp32 -msmall-data-limit=8 -mno-save-restore -O0 -fmessage-length=0 -fsigned-char -ffunction-sections -fdata-sections  -g3 -DLSCC_STDIO_UART_APB -I"O:\src\Propel\iCE40UP\ice40_nano\ws\ice40_nano/src" -I"O:\src\Propel\iCE40UP\ice40_nano\ws\ice40_nano/src/bsp" -I"O:\src\Propel\iCE40UP\ice40_nano\ws\ice40_nano/src/bsp/driver" -I"O:\src\Propel\iCE40UP\ice40_nano\ws\ice40_nano/src/bsp/driver/gpio" -I"O:\src\Propel\iCE40UP\ice40_nano\ws\ice40_nano/src/bsp/driver/riscv_nano" -I"O:\src\Propel\iCE40UP\ice40_nano\ws\ice40_nano/src/bsp/driver/uart" -I"O:\src\Propel\iCE40UP\ice40_nano\ws\ice40_nano/src/bsp/driver/timer" -std=gnu11 --specs=picolibc.specs -DPICOLIBC_INTEGER_PRINTF_SCANF -MMD -MP -MF"src/i2c_controller.d" -MT"src/i2c_controller.o" -c -o "src/i2c_controller.o" "../src/i2c_controller.c"
Finished building: ../src/i2c_controller.c
 
Building target: ice40_nano.elf
Invoking: GNU RISC-V Cross C Linker
riscv-none-embed-gcc -march=rv32i -mabi=ilp32 -msmall-data-limit=8 -mno-save-restore -O0 -fmessage-length=0 -fsigned-char -ffunction-sections -fdata-sections  -g3 -T "O:/src/Propel/iCE40UP/ice40_nano/ws/ice40_nano/src/linker.ld" -nostartfiles -Xlinker --gc-sections -Wl,-Map,"ice40_nano.map" --specs=picolibc.specs -DPICOLIBC_INTEGER_PRINTF_SCANF -o "ice40_nano.elf"  ./src/bsp/driver/uart/uart.o  ./src/bsp/driver/timer/timer.o  ./src/bsp/driver/riscv_nano/crt0.o ./src/bsp/driver/riscv_nano/exit.o ./src/bsp/driver/riscv_nano/interrupt.o ./src/bsp/driver/riscv_nano/iob.o ./src/bsp/driver/riscv_nano/pic.o ./src/bsp/driver/riscv_nano/reg_access.o ./src/bsp/driver/riscv_nano/util.o  ./src/bsp/driver/gpio/gpio.o  ./src/bsp/reg_test.o  ./src/i2c_controller.o ./src/lib_ov08x.o ./src/main.o ./src/utils.o   
Finished building target: ice40_nano.elf
 
Invoking: GNU RISC-V Cross Create Listing
riscv-none-embed-objdump --source --all-headers --demangle --line-numbers --wide "ice40_nano.elf" > "ice40_nano.lst"
Finished building: ice40_nano.lst
 
Invoking: GNU RISC-V Cross Print Size
riscv-none-embed-size --format=berkeley "ice40_nano.elf"
   text	   data	    bss	    dec	    hex	filename
   9664	     12	   2972	  12648	   3168	ice40_nano.elf
Finished building: ice40_nano.siz
 
Invoking: Lattice Multi Memory Deployment (CODE SEGMENT)
riscv-none-embed-objcopy -O binary --gap-fill 0 -j .text -j .ctors -j .dtors -j .rodata "ice40_nano.elf" tmp; srec_cat tmp -Binary -byte-swap 4 -DISable Header -Output "ice40_nano_Code.mem" -MEM 32
Finished building: ice40_nano_Code.mem
 
Invoking: Lattice Multi Memory Deployment (DATA SEGMENT)
riscv-none-embed-objcopy -O binary --gap-fill 0 -j .data -j .bss "ice40_nano.elf" tmp; srec_cat tmp -Binary -byte-swap 4 -DISable Header -Output "ice40_nano_Data.mem" -MEM 32
Finished building: ice40_nano_Data.mem
 
post build
post_build.bat

O:\src\Propel\iCE40UP\ice40_nano\ws\ice40_nano\Debug>copy /y ice40_nano_Code.mem ..\..\..\tb  
        1 file(s) copied.

O:\src\Propel\iCE40UP\ice40_nano\ws\ice40_nano\Debug>python mem2bin.py ice40_nano_Code.mem ice40_nano_Code.bin -be 

O:\src\Propel\iCE40UP\ice40_nano\ws\ice40_nano\Debug>python mem2bin.py ice40_nano_Data.mem ice40_nano_Data.bin -be 
 
14:54:49 **** Incremental Build of configuration Debug for project ice40_nano ****
make all 
Invoking: GNU RISC-V Cross Print Size
riscv-none-embed-size --format=berkeley "ice40_nano.elf"
   text	   data	    bss	    dec	    hex	filename
   9664	     12	   2972	  12648	   3168	ice40_nano.elf
Finished building: ice40_nano.siz
 
post build
post_build.bat

O:\src\Propel\iCE40UP\ice40_nano\ws\ice40_nano\Debug>copy /y ice40_nano_Code.mem ..\..\..\tb  
        1 file(s) copied.

O:\src\Propel\iCE40UP\ice40_nano\ws\ice40_nano\Debug>python mem2bin.py ice40_nano_Code.mem ice40_nano_Code.bin -be 

O:\src\Propel\iCE40UP\ice40_nano\ws\ice40_nano\Debug>python mem2bin.py ice40_nano_Data.mem ice40_nano_Data.bin -be 
 
14:55:47 **** Clean-only build of configuration Debug for project ice40_nano ****
make clean 
rm -rf  ice40_nano_Data.mem  ice40_nano_Code.mem  ./src/bsp/driver/uart/uart.o  ./src/bsp/driver/timer/timer.o  ./src/bsp/driver/riscv_nano/crt0.o ./src/bsp/driver/riscv_nano/exit.o ./src/bsp/driver/riscv_nano/interrupt.o ./src/bsp/driver/riscv_nano/iob.o ./src/bsp/driver/riscv_nano/pic.o ./src/bsp/driver/riscv_nano/reg_access.o ./src/bsp/driver/riscv_nano/util.o  ./src/bsp/driver/gpio/gpio.o  ./src/bsp/reg_test.o  ./src/i2c_controller.o ./src/lib_ov08x.o ./src/main.o ./src/utils.o  ice40_nano.lst  ice40_nano.siz  ./src/bsp/driver/riscv_nano/crt0.d  ./src/bsp/driver/uart/uart.d  ./src/bsp/driver/timer/timer.d  ./src/bsp/driver/riscv_nano/exit.d ./src/bsp/driver/riscv_nano/interrupt.d ./src/bsp/driver/riscv_nano/iob.d ./src/bsp/driver/riscv_nano/pic.d ./src/bsp/driver/riscv_nano/reg_access.d ./src/bsp/driver/riscv_nano/util.d  ./src/bsp/driver/gpio/gpio.d  ./src/bsp/reg_test.d  ./src/i2c_controller.d ./src/lib_ov08x.d ./src/main.d ./src/utils.d  ice40_nano.elf
 
14:55:48 **** Build of configuration Debug for project ice40_nano ****
make all 
Building file: ../src/bsp/driver/uart/uart.c
Invoking: GNU RISC-V Cross C Compiler
riscv-none-embed-gcc -march=rv32i -mabi=ilp32 -msmall-data-limit=8 -mno-save-restore -O0 -fmessage-length=0 -fsigned-char -ffunction-sections -fdata-sections  -g3 -DLSCC_STDIO_UART_APB -I"O:\src\Propel\iCE40UP\ice40_nano\ws\ice40_nano/src" -I"O:\src\Propel\iCE40UP\ice40_nano\ws\ice40_nano/src/bsp" -I"O:\src\Propel\iCE40UP\ice40_nano\ws\ice40_nano/src/bsp/driver" -I"O:\src\Propel\iCE40UP\ice40_nano\ws\ice40_nano/src/bsp/driver/gpio" -I"O:\src\Propel\iCE40UP\ice40_nano\ws\ice40_nano/src/bsp/driver/riscv_nano" -I"O:\src\Propel\iCE40UP\ice40_nano\ws\ice40_nano/src/bsp/driver/uart" -I"O:\src\Propel\iCE40UP\ice40_nano\ws\ice40_nano/src/bsp/driver/timer" -std=gnu11 --specs=picolibc.specs -DPICOLIBC_INTEGER_PRINTF_SCANF -MMD -MP -MF"src/bsp/driver/uart/uart.d" -MT"src/bsp/driver/uart/uart.o" -c -o "src/bsp/driver/uart/uart.o" "../src/bsp/driver/uart/uart.c"
Finished building: ../src/bsp/driver/uart/uart.c
 
Building file: ../src/bsp/driver/timer/timer.c
Invoking: GNU RISC-V Cross C Compiler
riscv-none-embed-gcc -march=rv32i -mabi=ilp32 -msmall-data-limit=8 -mno-save-restore -O0 -fmessage-length=0 -fsigned-char -ffunction-sections -fdata-sections  -g3 -DLSCC_STDIO_UART_APB -I"O:\src\Propel\iCE40UP\ice40_nano\ws\ice40_nano/src" -I"O:\src\Propel\iCE40UP\ice40_nano\ws\ice40_nano/src/bsp" -I"O:\src\Propel\iCE40UP\ice40_nano\ws\ice40_nano/src/bsp/driver" -I"O:\src\Propel\iCE40UP\ice40_nano\ws\ice40_nano/src/bsp/driver/gpio" -I"O:\src\Propel\iCE40UP\ice40_nano\ws\ice40_nano/src/bsp/driver/riscv_nano" -I"O:\src\Propel\iCE40UP\ice40_nano\ws\ice40_nano/src/bsp/driver/uart" -I"O:\src\Propel\iCE40UP\ice40_nano\ws\ice40_nano/src/bsp/driver/timer" -std=gnu11 --specs=picolibc.specs -DPICOLIBC_INTEGER_PRINTF_SCANF -MMD -MP -MF"src/bsp/driver/timer/timer.d" -MT"src/bsp/driver/timer/timer.o" -c -o "src/bsp/driver/timer/timer.o" "../src/bsp/driver/timer/timer.c"
Finished building: ../src/bsp/driver/timer/timer.c
 
Building file: ../src/bsp/driver/riscv_nano/crt0.S
Invoking: GNU RISC-V Cross Assembler
riscv-none-embed-gcc -march=rv32i -mabi=ilp32 -msmall-data-limit=8 -mno-save-restore -O0 -fmessage-length=0 -fsigned-char -ffunction-sections -fdata-sections  -g3 -x assembler-with-cpp -MMD -MP -MF"src/bsp/driver/riscv_nano/crt0.d" -MT"src/bsp/driver/riscv_nano/crt0.o" -c -o "src/bsp/driver/riscv_nano/crt0.o" "../src/bsp/driver/riscv_nano/crt0.S"
Finished building: ../src/bsp/driver/riscv_nano/crt0.S
 
Building file: ../src/bsp/driver/riscv_nano/exit.c
Invoking: GNU RISC-V Cross C Compiler
riscv-none-embed-gcc -march=rv32i -mabi=ilp32 -msmall-data-limit=8 -mno-save-restore -O0 -fmessage-length=0 -fsigned-char -ffunction-sections -fdata-sections  -g3 -DLSCC_STDIO_UART_APB -I"O:\src\Propel\iCE40UP\ice40_nano\ws\ice40_nano/src" -I"O:\src\Propel\iCE40UP\ice40_nano\ws\ice40_nano/src/bsp" -I"O:\src\Propel\iCE40UP\ice40_nano\ws\ice40_nano/src/bsp/driver" -I"O:\src\Propel\iCE40UP\ice40_nano\ws\ice40_nano/src/bsp/driver/gpio" -I"O:\src\Propel\iCE40UP\ice40_nano\ws\ice40_nano/src/bsp/driver/riscv_nano" -I"O:\src\Propel\iCE40UP\ice40_nano\ws\ice40_nano/src/bsp/driver/uart" -I"O:\src\Propel\iCE40UP\ice40_nano\ws\ice40_nano/src/bsp/driver/timer" -std=gnu11 --specs=picolibc.specs -DPICOLIBC_INTEGER_PRINTF_SCANF -MMD -MP -MF"src/bsp/driver/riscv_nano/exit.d" -MT"src/bsp/driver/riscv_nano/exit.o" -c -o "src/bsp/driver/riscv_nano/exit.o" "../src/bsp/driver/riscv_nano/exit.c"
Finished building: ../src/bsp/driver/riscv_nano/exit.c
 
Building file: ../src/bsp/driver/riscv_nano/interrupt.c
Invoking: GNU RISC-V Cross C Compiler
riscv-none-embed-gcc -march=rv32i -mabi=ilp32 -msmall-data-limit=8 -mno-save-restore -O0 -fmessage-length=0 -fsigned-char -ffunction-sections -fdata-sections  -g3 -DLSCC_STDIO_UART_APB -I"O:\src\Propel\iCE40UP\ice40_nano\ws\ice40_nano/src" -I"O:\src\Propel\iCE40UP\ice40_nano\ws\ice40_nano/src/bsp" -I"O:\src\Propel\iCE40UP\ice40_nano\ws\ice40_nano/src/bsp/driver" -I"O:\src\Propel\iCE40UP\ice40_nano\ws\ice40_nano/src/bsp/driver/gpio" -I"O:\src\Propel\iCE40UP\ice40_nano\ws\ice40_nano/src/bsp/driver/riscv_nano" -I"O:\src\Propel\iCE40UP\ice40_nano\ws\ice40_nano/src/bsp/driver/uart" -I"O:\src\Propel\iCE40UP\ice40_nano\ws\ice40_nano/src/bsp/driver/timer" -std=gnu11 --specs=picolibc.specs -DPICOLIBC_INTEGER_PRINTF_SCANF -MMD -MP -MF"src/bsp/driver/riscv_nano/interrupt.d" -MT"src/bsp/driver/riscv_nano/interrupt.o" -c -o "src/bsp/driver/riscv_nano/interrupt.o" "../src/bsp/driver/riscv_nano/interrupt.c"
Finished building: ../src/bsp/driver/riscv_nano/interrupt.c
 
Building file: ../src/bsp/driver/riscv_nano/iob.c
Invoking: GNU RISC-V Cross C Compiler
riscv-none-embed-gcc -march=rv32i -mabi=ilp32 -msmall-data-limit=8 -mno-save-restore -O0 -fmessage-length=0 -fsigned-char -ffunction-sections -fdata-sections  -g3 -DLSCC_STDIO_UART_APB -I"O:\src\Propel\iCE40UP\ice40_nano\ws\ice40_nano/src" -I"O:\src\Propel\iCE40UP\ice40_nano\ws\ice40_nano/src/bsp" -I"O:\src\Propel\iCE40UP\ice40_nano\ws\ice40_nano/src/bsp/driver" -I"O:\src\Propel\iCE40UP\ice40_nano\ws\ice40_nano/src/bsp/driver/gpio" -I"O:\src\Propel\iCE40UP\ice40_nano\ws\ice40_nano/src/bsp/driver/riscv_nano" -I"O:\src\Propel\iCE40UP\ice40_nano\ws\ice40_nano/src/bsp/driver/uart" -I"O:\src\Propel\iCE40UP\ice40_nano\ws\ice40_nano/src/bsp/driver/timer" -std=gnu11 --specs=picolibc.specs -DPICOLIBC_INTEGER_PRINTF_SCANF -MMD -MP -MF"src/bsp/driver/riscv_nano/iob.d" -MT"src/bsp/driver/riscv_nano/iob.o" -c -o "src/bsp/driver/riscv_nano/iob.o" "../src/bsp/driver/riscv_nano/iob.c"
Finished building: ../src/bsp/driver/riscv_nano/iob.c
 
Building file: ../src/bsp/driver/riscv_nano/pic.c
Invoking: GNU RISC-V Cross C Compiler
riscv-none-embed-gcc -march=rv32i -mabi=ilp32 -msmall-data-limit=8 -mno-save-restore -O0 -fmessage-length=0 -fsigned-char -ffunction-sections -fdata-sections  -g3 -DLSCC_STDIO_UART_APB -I"O:\src\Propel\iCE40UP\ice40_nano\ws\ice40_nano/src" -I"O:\src\Propel\iCE40UP\ice40_nano\ws\ice40_nano/src/bsp" -I"O:\src\Propel\iCE40UP\ice40_nano\ws\ice40_nano/src/bsp/driver" -I"O:\src\Propel\iCE40UP\ice40_nano\ws\ice40_nano/src/bsp/driver/gpio" -I"O:\src\Propel\iCE40UP\ice40_nano\ws\ice40_nano/src/bsp/driver/riscv_nano" -I"O:\src\Propel\iCE40UP\ice40_nano\ws\ice40_nano/src/bsp/driver/uart" -I"O:\src\Propel\iCE40UP\ice40_nano\ws\ice40_nano/src/bsp/driver/timer" -std=gnu11 --specs=picolibc.specs -DPICOLIBC_INTEGER_PRINTF_SCANF -MMD -MP -MF"src/bsp/driver/riscv_nano/pic.d" -MT"src/bsp/driver/riscv_nano/pic.o" -c -o "src/bsp/driver/riscv_nano/pic.o" "../src/bsp/driver/riscv_nano/pic.c"
Finished building: ../src/bsp/driver/riscv_nano/pic.c
 
Building file: ../src/bsp/driver/riscv_nano/reg_access.c
Invoking: GNU RISC-V Cross C Compiler
riscv-none-embed-gcc -march=rv32i -mabi=ilp32 -msmall-data-limit=8 -mno-save-restore -O0 -fmessage-length=0 -fsigned-char -ffunction-sections -fdata-sections  -g3 -DLSCC_STDIO_UART_APB -I"O:\src\Propel\iCE40UP\ice40_nano\ws\ice40_nano/src" -I"O:\src\Propel\iCE40UP\ice40_nano\ws\ice40_nano/src/bsp" -I"O:\src\Propel\iCE40UP\ice40_nano\ws\ice40_nano/src/bsp/driver" -I"O:\src\Propel\iCE40UP\ice40_nano\ws\ice40_nano/src/bsp/driver/gpio" -I"O:\src\Propel\iCE40UP\ice40_nano\ws\ice40_nano/src/bsp/driver/riscv_nano" -I"O:\src\Propel\iCE40UP\ice40_nano\ws\ice40_nano/src/bsp/driver/uart" -I"O:\src\Propel\iCE40UP\ice40_nano\ws\ice40_nano/src/bsp/driver/timer" -std=gnu11 --specs=picolibc.specs -DPICOLIBC_INTEGER_PRINTF_SCANF -MMD -MP -MF"src/bsp/driver/riscv_nano/reg_access.d" -MT"src/bsp/driver/riscv_nano/reg_access.o" -c -o "src/bsp/driver/riscv_nano/reg_access.o" "../src/bsp/driver/riscv_nano/reg_access.c"
Finished building: ../src/bsp/driver/riscv_nano/reg_access.c
 
Building file: ../src/bsp/driver/riscv_nano/util.c
Invoking: GNU RISC-V Cross C Compiler
riscv-none-embed-gcc -march=rv32i -mabi=ilp32 -msmall-data-limit=8 -mno-save-restore -O0 -fmessage-length=0 -fsigned-char -ffunction-sections -fdata-sections  -g3 -DLSCC_STDIO_UART_APB -I"O:\src\Propel\iCE40UP\ice40_nano\ws\ice40_nano/src" -I"O:\src\Propel\iCE40UP\ice40_nano\ws\ice40_nano/src/bsp" -I"O:\src\Propel\iCE40UP\ice40_nano\ws\ice40_nano/src/bsp/driver" -I"O:\src\Propel\iCE40UP\ice40_nano\ws\ice40_nano/src/bsp/driver/gpio" -I"O:\src\Propel\iCE40UP\ice40_nano\ws\ice40_nano/src/bsp/driver/riscv_nano" -I"O:\src\Propel\iCE40UP\ice40_nano\ws\ice40_nano/src/bsp/driver/uart" -I"O:\src\Propel\iCE40UP\ice40_nano\ws\ice40_nano/src/bsp/driver/timer" -std=gnu11 --specs=picolibc.specs -DPICOLIBC_INTEGER_PRINTF_SCANF -MMD -MP -MF"src/bsp/driver/riscv_nano/util.d" -MT"src/bsp/driver/riscv_nano/util.o" -c -o "src/bsp/driver/riscv_nano/util.o" "../src/bsp/driver/riscv_nano/util.c"
Finished building: ../src/bsp/driver/riscv_nano/util.c
 
Building file: ../src/bsp/driver/gpio/gpio.c
Invoking: GNU RISC-V Cross C Compiler
riscv-none-embed-gcc -march=rv32i -mabi=ilp32 -msmall-data-limit=8 -mno-save-restore -O0 -fmessage-length=0 -fsigned-char -ffunction-sections -fdata-sections  -g3 -DLSCC_STDIO_UART_APB -I"O:\src\Propel\iCE40UP\ice40_nano\ws\ice40_nano/src" -I"O:\src\Propel\iCE40UP\ice40_nano\ws\ice40_nano/src/bsp" -I"O:\src\Propel\iCE40UP\ice40_nano\ws\ice40_nano/src/bsp/driver" -I"O:\src\Propel\iCE40UP\ice40_nano\ws\ice40_nano/src/bsp/driver/gpio" -I"O:\src\Propel\iCE40UP\ice40_nano\ws\ice40_nano/src/bsp/driver/riscv_nano" -I"O:\src\Propel\iCE40UP\ice40_nano\ws\ice40_nano/src/bsp/driver/uart" -I"O:\src\Propel\iCE40UP\ice40_nano\ws\ice40_nano/src/bsp/driver/timer" -std=gnu11 --specs=picolibc.specs -DPICOLIBC_INTEGER_PRINTF_SCANF -MMD -MP -MF"src/bsp/driver/gpio/gpio.d" -MT"src/bsp/driver/gpio/gpio.o" -c -o "src/bsp/driver/gpio/gpio.o" "../src/bsp/driver/gpio/gpio.c"
Finished building: ../src/bsp/driver/gpio/gpio.c
 
Building file: ../src/bsp/reg_test.c
Invoking: GNU RISC-V Cross C Compiler
riscv-none-embed-gcc -march=rv32i -mabi=ilp32 -msmall-data-limit=8 -mno-save-restore -O0 -fmessage-length=0 -fsigned-char -ffunction-sections -fdata-sections  -g3 -DLSCC_STDIO_UART_APB -I"O:\src\Propel\iCE40UP\ice40_nano\ws\ice40_nano/src" -I"O:\src\Propel\iCE40UP\ice40_nano\ws\ice40_nano/src/bsp" -I"O:\src\Propel\iCE40UP\ice40_nano\ws\ice40_nano/src/bsp/driver" -I"O:\src\Propel\iCE40UP\ice40_nano\ws\ice40_nano/src/bsp/driver/gpio" -I"O:\src\Propel\iCE40UP\ice40_nano\ws\ice40_nano/src/bsp/driver/riscv_nano" -I"O:\src\Propel\iCE40UP\ice40_nano\ws\ice40_nano/src/bsp/driver/uart" -I"O:\src\Propel\iCE40UP\ice40_nano\ws\ice40_nano/src/bsp/driver/timer" -std=gnu11 --specs=picolibc.specs -DPICOLIBC_INTEGER_PRINTF_SCANF -MMD -MP -MF"src/bsp/reg_test.d" -MT"src/bsp/reg_test.o" -c -o "src/bsp/reg_test.o" "../src/bsp/reg_test.c"
Finished building: ../src/bsp/reg_test.c
 
Building file: ../src/i2c_controller.c
Invoking: GNU RISC-V Cross C Compiler
riscv-none-embed-gcc -march=rv32i -mabi=ilp32 -msmall-data-limit=8 -mno-save-restore -O0 -fmessage-length=0 -fsigned-char -ffunction-sections -fdata-sections  -g3 -DLSCC_STDIO_UART_APB -I"O:\src\Propel\iCE40UP\ice40_nano\ws\ice40_nano/src" -I"O:\src\Propel\iCE40UP\ice40_nano\ws\ice40_nano/src/bsp" -I"O:\src\Propel\iCE40UP\ice40_nano\ws\ice40_nano/src/bsp/driver" -I"O:\src\Propel\iCE40UP\ice40_nano\ws\ice40_nano/src/bsp/driver/gpio" -I"O:\src\Propel\iCE40UP\ice40_nano\ws\ice40_nano/src/bsp/driver/riscv_nano" -I"O:\src\Propel\iCE40UP\ice40_nano\ws\ice40_nano/src/bsp/driver/uart" -I"O:\src\Propel\iCE40UP\ice40_nano\ws\ice40_nano/src/bsp/driver/timer" -std=gnu11 --specs=picolibc.specs -DPICOLIBC_INTEGER_PRINTF_SCANF -MMD -MP -MF"src/i2c_controller.d" -MT"src/i2c_controller.o" -c -o "src/i2c_controller.o" "../src/i2c_controller.c"
Finished building: ../src/i2c_controller.c
 
Building file: ../src/lib_ov08x.c
Invoking: GNU RISC-V Cross C Compiler
riscv-none-embed-gcc -march=rv32i -mabi=ilp32 -msmall-data-limit=8 -mno-save-restore -O0 -fmessage-length=0 -fsigned-char -ffunction-sections -fdata-sections  -g3 -DLSCC_STDIO_UART_APB -I"O:\src\Propel\iCE40UP\ice40_nano\ws\ice40_nano/src" -I"O:\src\Propel\iCE40UP\ice40_nano\ws\ice40_nano/src/bsp" -I"O:\src\Propel\iCE40UP\ice40_nano\ws\ice40_nano/src/bsp/driver" -I"O:\src\Propel\iCE40UP\ice40_nano\ws\ice40_nano/src/bsp/driver/gpio" -I"O:\src\Propel\iCE40UP\ice40_nano\ws\ice40_nano/src/bsp/driver/riscv_nano" -I"O:\src\Propel\iCE40UP\ice40_nano\ws\ice40_nano/src/bsp/driver/uart" -I"O:\src\Propel\iCE40UP\ice40_nano\ws\ice40_nano/src/bsp/driver/timer" -std=gnu11 --specs=picolibc.specs -DPICOLIBC_INTEGER_PRINTF_SCANF -MMD -MP -MF"src/lib_ov08x.d" -MT"src/lib_ov08x.o" -c -o "src/lib_ov08x.o" "../src/lib_ov08x.c"
Finished building: ../src/lib_ov08x.c
 
Building file: ../src/main.c
Invoking: GNU RISC-V Cross C Compiler
riscv-none-embed-gcc -march=rv32i -mabi=ilp32 -msmall-data-limit=8 -mno-save-restore -O0 -fmessage-length=0 -fsigned-char -ffunction-sections -fdata-sections  -g3 -DLSCC_STDIO_UART_APB -I"O:\src\Propel\iCE40UP\ice40_nano\ws\ice40_nano/src" -I"O:\src\Propel\iCE40UP\ice40_nano\ws\ice40_nano/src/bsp" -I"O:\src\Propel\iCE40UP\ice40_nano\ws\ice40_nano/src/bsp/driver" -I"O:\src\Propel\iCE40UP\ice40_nano\ws\ice40_nano/src/bsp/driver/gpio" -I"O:\src\Propel\iCE40UP\ice40_nano\ws\ice40_nano/src/bsp/driver/riscv_nano" -I"O:\src\Propel\iCE40UP\ice40_nano\ws\ice40_nano/src/bsp/driver/uart" -I"O:\src\Propel\iCE40UP\ice40_nano\ws\ice40_nano/src/bsp/driver/timer" -std=gnu11 --specs=picolibc.specs -DPICOLIBC_INTEGER_PRINTF_SCANF -MMD -MP -MF"src/main.d" -MT"src/main.o" -c -o "src/main.o" "../src/main.c"
Finished building: ../src/main.c
 
Building file: ../src/utils.c
Invoking: GNU RISC-V Cross C Compiler
riscv-none-embed-gcc -march=rv32i -mabi=ilp32 -msmall-data-limit=8 -mno-save-restore -O0 -fmessage-length=0 -fsigned-char -ffunction-sections -fdata-sections  -g3 -DLSCC_STDIO_UART_APB -I"O:\src\Propel\iCE40UP\ice40_nano\ws\ice40_nano/src" -I"O:\src\Propel\iCE40UP\ice40_nano\ws\ice40_nano/src/bsp" -I"O:\src\Propel\iCE40UP\ice40_nano\ws\ice40_nano/src/bsp/driver" -I"O:\src\Propel\iCE40UP\ice40_nano\ws\ice40_nano/src/bsp/driver/gpio" -I"O:\src\Propel\iCE40UP\ice40_nano\ws\ice40_nano/src/bsp/driver/riscv_nano" -I"O:\src\Propel\iCE40UP\ice40_nano\ws\ice40_nano/src/bsp/driver/uart" -I"O:\src\Propel\iCE40UP\ice40_nano\ws\ice40_nano/src/bsp/driver/timer" -std=gnu11 --specs=picolibc.specs -DPICOLIBC_INTEGER_PRINTF_SCANF -MMD -MP -MF"src/utils.d" -MT"src/utils.o" -c -o "src/utils.o" "../src/utils.c"
Finished building: ../src/utils.c
 
Building target: ice40_nano.elf
Invoking: GNU RISC-V Cross C Linker
riscv-none-embed-gcc -march=rv32i -mabi=ilp32 -msmall-data-limit=8 -mno-save-restore -O0 -fmessage-length=0 -fsigned-char -ffunction-sections -fdata-sections  -g3 -T "O:/src/Propel/iCE40UP/ice40_nano/ws/ice40_nano/src/linker.ld" -nostartfiles -Xlinker --gc-sections -Wl,-Map,"ice40_nano.map" --specs=picolibc.specs -DPICOLIBC_INTEGER_PRINTF_SCANF -o "ice40_nano.elf"  ./src/bsp/driver/uart/uart.o  ./src/bsp/driver/timer/timer.o  ./src/bsp/driver/riscv_nano/crt0.o ./src/bsp/driver/riscv_nano/exit.o ./src/bsp/driver/riscv_nano/interrupt.o ./src/bsp/driver/riscv_nano/iob.o ./src/bsp/driver/riscv_nano/pic.o ./src/bsp/driver/riscv_nano/reg_access.o ./src/bsp/driver/riscv_nano/util.o  ./src/bsp/driver/gpio/gpio.o  ./src/bsp/reg_test.o  ./src/i2c_controller.o ./src/lib_ov08x.o ./src/main.o ./src/utils.o   
Finished building target: ice40_nano.elf
 
Invoking: GNU RISC-V Cross Create Listing
riscv-none-embed-objdump --source --all-headers --demangle --line-numbers --wide "ice40_nano.elf" > "ice40_nano.lst"
Finished building: ice40_nano.lst
 
Invoking: GNU RISC-V Cross Print Size
riscv-none-embed-size --format=berkeley "ice40_nano.elf"
   text	   data	    bss	    dec	    hex	filename
   9664	     12	   2972	  12648	   3168	ice40_nano.elf
Finished building: ice40_nano.siz
 
Invoking: Lattice Multi Memory Deployment (CODE SEGMENT)
riscv-none-embed-objcopy -O binary --gap-fill 0 -j .text -j .ctors -j .dtors -j .rodata "ice40_nano.elf" tmp; srec_cat tmp -Binary -byte-swap 4 -DISable Header -Output "ice40_nano_Code.mem" -MEM 32
Finished building: ice40_nano_Code.mem
 
Invoking: Lattice Multi Memory Deployment (DATA SEGMENT)
riscv-none-embed-objcopy -O binary --gap-fill 0 -j .data -j .bss "ice40_nano.elf" tmp; srec_cat tmp -Binary -byte-swap 4 -DISable Header -Output "ice40_nano_Data.mem" -MEM 32
Finished building: ice40_nano_Data.mem
 
post build
post_build.bat

O:\src\Propel\iCE40UP\ice40_nano\ws\ice40_nano\Debug>copy /y ice40_nano_Code.mem ..\..\..\tb  
        1 file(s) copied.

O:\src\Propel\iCE40UP\ice40_nano\ws\ice40_nano\Debug>python mem2bin.py ice40_nano_Code.mem ice40_nano_Code.bin -be 

O:\src\Propel\iCE40UP\ice40_nano\ws\ice40_nano\Debug>python mem2bin.py ice40_nano_Data.mem ice40_nano_Data.bin -be 
 
15:03:40 **** Incremental Build of configuration Debug for project ice40_nano ****
make all 
Building target: ice40_nano.elf
Invoking: GNU RISC-V Cross C Linker
riscv-none-embed-gcc -march=rv32i -mabi=ilp32 -msmall-data-limit=8 -mno-save-restore -O0 -fmessage-length=0 -fsigned-char -ffunction-sections -fdata-sections  -g3 -T "O:/src/Propel/iCE40UP/ice40_nano/ws/ice40_nano/src/linker.ld" -nostartfiles -Xlinker --gc-sections -Wl,-Map,"ice40_nano.map" --specs=picolibc.specs -DPICOLIBC_INTEGER_PRINTF_SCANF -o "ice40_nano.elf"  ./src/bsp/driver/uart/uart.o  ./src/bsp/driver/timer/timer.o  ./src/bsp/driver/riscv_nano/crt0.o ./src/bsp/driver/riscv_nano/exit.o ./src/bsp/driver/riscv_nano/interrupt.o ./src/bsp/driver/riscv_nano/iob.o ./src/bsp/driver/riscv_nano/pic.o ./src/bsp/driver/riscv_nano/reg_access.o ./src/bsp/driver/riscv_nano/util.o  ./src/bsp/driver/gpio/gpio.o  ./src/bsp/reg_test.o  ./src/i2c_controller.o ./src/lib_ov08x.o ./src/main.o ./src/utils.o   
Finished building target: ice40_nano.elf
 
Invoking: GNU RISC-V Cross Create Listing
riscv-none-embed-objdump --source --all-headers --demangle --line-numbers --wide "ice40_nano.elf" > "ice40_nano.lst"
Finished building: ice40_nano.lst
 
Invoking: GNU RISC-V Cross Print Size
riscv-none-embed-size --format=berkeley "ice40_nano.elf"
   text	   data	    bss	    dec	    hex	filename
   9664	     12	   2972	  12648	   3168	ice40_nano.elf
Finished building: ice40_nano.siz
 
Invoking: Lattice Multi Memory Deployment (CODE SEGMENT)
riscv-none-embed-objcopy -O binary --gap-fill 0 -j .text -j .data -j .bss -j .ctors -j .dtors -j .rodata "ice40_nano.elf" tmp; srec_cat tmp -Binary -byte-swap 4 -DISable Header -Output "ice40_nano_Code.mem" -MEM 32
Finished building: ice40_nano_Code.mem
 
Invoking: Lattice Multi Memory Deployment (DATA SEGMENT)
riscv-none-embed-objcopy -O binary --gap-fill 0 -j .data -j .bss "ice40_nano.elf" tmp; srec_cat tmp -Binary -byte-swap 4 -DISable Header -Output "ice40_nano_Data.mem" -MEM 32
Finished building: ice40_nano_Data.mem
 
post build
post_build.bat

O:\src\Propel\iCE40UP\ice40_nano\ws\ice40_nano\Debug>copy /y ice40_nano_Code.mem ..\..\..\tb  
        1 file(s) copied.

O:\src\Propel\iCE40UP\ice40_nano\ws\ice40_nano\Debug>python mem2bin.py ice40_nano_Code.mem ice40_nano_Code.bin -be 

O:\src\Propel\iCE40UP\ice40_nano\ws\ice40_nano\Debug>python mem2bin.py ice40_nano_Data.mem ice40_nano_Data.bin -be 
 
20:28:57 **** Incremental Build of configuration Debug for project ice40_nano ****
make all 
Building file: ../src/bsp/driver/uart/uart.c
Invoking: GNU RISC-V Cross C Compiler
riscv-none-embed-gcc -march=rv32i -mabi=ilp32 -msmall-data-limit=8 -mno-save-restore -O0 -fmessage-length=0 -fsigned-char -ffunction-sections -fdata-sections  -g3 -DLSCC_STDIO_UART_APB -I"O:\src\Propel\iCE40UP\ice40_nano\ws\ice40_nano/src" -I"O:\src\Propel\iCE40UP\ice40_nano\ws\ice40_nano/src/bsp" -I"O:\src\Propel\iCE40UP\ice40_nano\ws\ice40_nano/src/bsp/driver" -I"O:\src\Propel\iCE40UP\ice40_nano\ws\ice40_nano/src/bsp/driver/gpio" -I"O:\src\Propel\iCE40UP\ice40_nano\ws\ice40_nano/src/bsp/driver/riscv_nano" -I"O:\src\Propel\iCE40UP\ice40_nano\ws\ice40_nano/src/bsp/driver/uart" -I"O:\src\Propel\iCE40UP\ice40_nano\ws\ice40_nano/src/bsp/driver/timer" -std=gnu11 --specs=picolibc.specs -DPICOLIBC_INTEGER_PRINTF_SCANF -MMD -MP -MF"src/bsp/driver/uart/uart.d" -MT"src/bsp/driver/uart/uart.o" -c -o "src/bsp/driver/uart/uart.o" "../src/bsp/driver/uart/uart.c"
Finished building: ../src/bsp/driver/uart/uart.c
 
Building file: ../src/main.c
Invoking: GNU RISC-V Cross C Compiler
riscv-none-embed-gcc -march=rv32i -mabi=ilp32 -msmall-data-limit=8 -mno-save-restore -O0 -fmessage-length=0 -fsigned-char -ffunction-sections -fdata-sections  -g3 -DLSCC_STDIO_UART_APB -I"O:\src\Propel\iCE40UP\ice40_nano\ws\ice40_nano/src" -I"O:\src\Propel\iCE40UP\ice40_nano\ws\ice40_nano/src/bsp" -I"O:\src\Propel\iCE40UP\ice40_nano\ws\ice40_nano/src/bsp/driver" -I"O:\src\Propel\iCE40UP\ice40_nano\ws\ice40_nano/src/bsp/driver/gpio" -I"O:\src\Propel\iCE40UP\ice40_nano\ws\ice40_nano/src/bsp/driver/riscv_nano" -I"O:\src\Propel\iCE40UP\ice40_nano\ws\ice40_nano/src/bsp/driver/uart" -I"O:\src\Propel\iCE40UP\ice40_nano\ws\ice40_nano/src/bsp/driver/timer" -std=gnu11 --specs=picolibc.specs -DPICOLIBC_INTEGER_PRINTF_SCANF -MMD -MP -MF"src/main.d" -MT"src/main.o" -c -o "src/main.o" "../src/main.c"
Finished building: ../src/main.c
 
Building target: ice40_nano.elf
Invoking: GNU RISC-V Cross C Linker
riscv-none-embed-gcc -march=rv32i -mabi=ilp32 -msmall-data-limit=8 -mno-save-restore -O0 -fmessage-length=0 -fsigned-char -ffunction-sections -fdata-sections  -g3 -T "O:/src/Propel/iCE40UP/ice40_nano/ws/ice40_nano/src/linker.ld" -nostartfiles -Xlinker --gc-sections -Wl,-Map,"ice40_nano.map" --specs=picolibc.specs -DPICOLIBC_INTEGER_PRINTF_SCANF -o "ice40_nano.elf"  ./src/bsp/driver/uart/uart.o  ./src/bsp/driver/timer/timer.o  ./src/bsp/driver/riscv_nano/crt0.o ./src/bsp/driver/riscv_nano/exit.o ./src/bsp/driver/riscv_nano/interrupt.o ./src/bsp/driver/riscv_nano/iob.o ./src/bsp/driver/riscv_nano/pic.o ./src/bsp/driver/riscv_nano/reg_access.o ./src/bsp/driver/riscv_nano/util.o  ./src/bsp/driver/gpio/gpio.o  ./src/bsp/reg_test.o  ./src/i2c_controller.o ./src/lib_ov08x.o ./src/main.o ./src/utils.o   
Finished building target: ice40_nano.elf
 
Invoking: GNU RISC-V Cross Create Listing
riscv-none-embed-objdump --source --all-headers --demangle --line-numbers --wide "ice40_nano.elf" > "ice40_nano.lst"
Finished building: ice40_nano.lst
 
Invoking: GNU RISC-V Cross Print Size
riscv-none-embed-size --format=berkeley "ice40_nano.elf"
   text	   data	    bss	    dec	    hex	filename
   9836	      8	   2976	  12820	   3214	ice40_nano.elf
Finished building: ice40_nano.siz
 
Invoking: Lattice Multi Memory Deployment (CODE SEGMENT)
riscv-none-embed-objcopy -O binary --gap-fill 0 -j .text -j .data -j .bss -j .ctors -j .dtors -j .rodata "ice40_nano.elf" tmp; srec_cat tmp -Binary -byte-swap 4 -DISable Header -Output "ice40_nano_Code.mem" -MEM 32
Finished building: ice40_nano_Code.mem
 
Invoking: Lattice Multi Memory Deployment (DATA SEGMENT)
riscv-none-embed-objcopy -O binary --gap-fill 0 -j .data -j .bss "ice40_nano.elf" tmp; srec_cat tmp -Binary -byte-swap 4 -DISable Header -Output "ice40_nano_Data.mem" -MEM 32
Finished building: ice40_nano_Data.mem
 
post build
post_build.bat

O:\src\Propel\iCE40UP\ice40_nano\ws\ice40_nano\Debug>copy /y ice40_nano_Code.mem ..\..\..\tb  
        1 file(s) copied.

O:\src\Propel\iCE40UP\ice40_nano\ws\ice40_nano\Debug>python mem2bin.py ice40_nano_Code.mem ice40_nano_Code.bin -be 

O:\src\Propel\iCE40UP\ice40_nano\ws\ice40_nano\Debug>python mem2bin.py ice40_nano_Data.mem ice40_nano_Data.bin -be 
 
11:00:27 **** Incremental Build of configuration Debug for project ice40_nano ****
make all 
Building file: ../src/main.c
Invoking: GNU RISC-V Cross C Compiler
riscv-none-embed-gcc -march=rv32i -mabi=ilp32 -msmall-data-limit=8 -mno-save-restore -O0 -fmessage-length=0 -fsigned-char -ffunction-sections -fdata-sections  -g3 -DLSCC_STDIO_UART_APB -I"O:\src\Propel\iCE40UP\ice40_nano\ws\ice40_nano/src" -I"O:\src\Propel\iCE40UP\ice40_nano\ws\ice40_nano/src/bsp" -I"O:\src\Propel\iCE40UP\ice40_nano\ws\ice40_nano/src/bsp/driver" -I"O:\src\Propel\iCE40UP\ice40_nano\ws\ice40_nano/src/bsp/driver/gpio" -I"O:\src\Propel\iCE40UP\ice40_nano\ws\ice40_nano/src/bsp/driver/riscv_nano" -I"O:\src\Propel\iCE40UP\ice40_nano\ws\ice40_nano/src/bsp/driver/uart" -I"O:\src\Propel\iCE40UP\ice40_nano\ws\ice40_nano/src/bsp/driver/timer" -std=gnu11 --specs=picolibc.specs -DPICOLIBC_INTEGER_PRINTF_SCANF -MMD -MP -MF"src/main.d" -MT"src/main.o" -c -o "src/main.o" "../src/main.c"
Finished building: ../src/main.c
 
Building target: ice40_nano.elf
Invoking: GNU RISC-V Cross C Linker
riscv-none-embed-gcc -march=rv32i -mabi=ilp32 -msmall-data-limit=8 -mno-save-restore -O0 -fmessage-length=0 -fsigned-char -ffunction-sections -fdata-sections  -g3 -T "O:/src/Propel/iCE40UP/ice40_nano/ws/ice40_nano/src/linker.ld" -nostartfiles -Xlinker --gc-sections -Wl,-Map,"ice40_nano.map" --specs=picolibc.specs -DPICOLIBC_INTEGER_PRINTF_SCANF -o "ice40_nano.elf"  ./src/bsp/driver/uart/uart.o  ./src/bsp/driver/timer/timer.o  ./src/bsp/driver/riscv_nano/crt0.o ./src/bsp/driver/riscv_nano/exit.o ./src/bsp/driver/riscv_nano/interrupt.o ./src/bsp/driver/riscv_nano/iob.o ./src/bsp/driver/riscv_nano/pic.o ./src/bsp/driver/riscv_nano/reg_access.o ./src/bsp/driver/riscv_nano/util.o  ./src/bsp/driver/gpio/gpio.o  ./src/bsp/reg_test.o  ./src/i2c_controller.o ./src/lib_ov08x.o ./src/main.o ./src/utils.o   
Finished building target: ice40_nano.elf
 
Invoking: GNU RISC-V Cross Create Listing
riscv-none-embed-objdump --source --all-headers --demangle --line-numbers --wide "ice40_nano.elf" > "ice40_nano.lst"
Finished building: ice40_nano.lst
 
Invoking: GNU RISC-V Cross Print Size
riscv-none-embed-size --format=berkeley "ice40_nano.elf"
   text	   data	    bss	    dec	    hex	filename
   9836	      8	   2976	  12820	   3214	ice40_nano.elf
Finished building: ice40_nano.siz
 
Invoking: Lattice Multi Memory Deployment (CODE SEGMENT)
riscv-none-embed-objcopy -O binary --gap-fill 0 -j .text -j .data -j .bss -j .ctors -j .dtors -j .rodata "ice40_nano.elf" tmp; srec_cat tmp -Binary -byte-swap 4 -DISable Header -Output "ice40_nano_Code.mem" -MEM 32
Finished building: ice40_nano_Code.mem
 
Invoking: Lattice Multi Memory Deployment (DATA SEGMENT)
riscv-none-embed-objcopy -O binary --gap-fill 0 -j .data -j .bss "ice40_nano.elf" tmp; srec_cat tmp -Binary -byte-swap 4 -DISable Header -Output "ice40_nano_Data.mem" -MEM 32
Finished building: ice40_nano_Data.mem
 
post build
post_build.bat

O:\src\Propel\iCE40UP\ice40_nano\ws\ice40_nano\Debug>copy /y ice40_nano_Code.mem ..\..\..\tb  
        1 file(s) copied.

O:\src\Propel\iCE40UP\ice40_nano\ws\ice40_nano\Debug>python mem2bin.py ice40_nano_Code.mem ice40_nano_Code.bin -be 

O:\src\Propel\iCE40UP\ice40_nano\ws\ice40_nano\Debug>python mem2bin.py ice40_nano_Data.mem ice40_nano_Data.bin -be 
 
10:47:05 **** Incremental Build of configuration Debug for project ice40_nano ****
make all 
Building file: ../src/main.c
Invoking: GNU RISC-V Cross C Compiler
riscv-none-embed-gcc -march=rv32i -mabi=ilp32 -msmall-data-limit=8 -mno-save-restore -O0 -fmessage-length=0 -fsigned-char -ffunction-sections -fdata-sections  -g3 -DLSCC_STDIO_UART_APB -I"O:\src\Propel\iCE40UP\ice40_nano\ws\ice40_nano/src" -I"O:\src\Propel\iCE40UP\ice40_nano\ws\ice40_nano/src/bsp" -I"O:\src\Propel\iCE40UP\ice40_nano\ws\ice40_nano/src/bsp/driver" -I"O:\src\Propel\iCE40UP\ice40_nano\ws\ice40_nano/src/bsp/driver/gpio" -I"O:\src\Propel\iCE40UP\ice40_nano\ws\ice40_nano/src/bsp/driver/riscv_nano" -I"O:\src\Propel\iCE40UP\ice40_nano\ws\ice40_nano/src/bsp/driver/uart" -I"O:\src\Propel\iCE40UP\ice40_nano\ws\ice40_nano/src/bsp/driver/timer" -std=gnu11 --specs=picolibc.specs -DPICOLIBC_INTEGER_PRINTF_SCANF -MMD -MP -MF"src/main.d" -MT"src/main.o" -c -o "src/main.o" "../src/main.c"
../src/main.c: In function 'main':
../src/main.c:143:32: error: invalid operands to binary | (have 'uint32_t *' {aka 'long unsigned int *'} and 'int')
  143 |  ip_test = (uint32_t*) 0x20000 | (0x01<<6) | (0x08<<2);
      |                                ^
make[1]: *** [src/subdir.mk:29: src/main.o] Error 1
make: *** [makefile:61: all] Error 2
"make all" terminated with exit code 2. Build might be incomplete.
10:47:24 **** Incremental Build of configuration Debug for project ice40_nano ****
make all 
Building file: ../src/main.c
Invoking: GNU RISC-V Cross C Compiler
riscv-none-embed-gcc -march=rv32i -mabi=ilp32 -msmall-data-limit=8 -mno-save-restore -O0 -fmessage-length=0 -fsigned-char -ffunction-sections -fdata-sections  -g3 -DLSCC_STDIO_UART_APB -I"O:\src\Propel\iCE40UP\ice40_nano\ws\ice40_nano/src" -I"O:\src\Propel\iCE40UP\ice40_nano\ws\ice40_nano/src/bsp" -I"O:\src\Propel\iCE40UP\ice40_nano\ws\ice40_nano/src/bsp/driver" -I"O:\src\Propel\iCE40UP\ice40_nano\ws\ice40_nano/src/bsp/driver/gpio" -I"O:\src\Propel\iCE40UP\ice40_nano\ws\ice40_nano/src/bsp/driver/riscv_nano" -I"O:\src\Propel\iCE40UP\ice40_nano\ws\ice40_nano/src/bsp/driver/uart" -I"O:\src\Propel\iCE40UP\ice40_nano\ws\ice40_nano/src/bsp/driver/timer" -std=gnu11 --specs=picolibc.specs -DPICOLIBC_INTEGER_PRINTF_SCANF -MMD -MP -MF"src/main.d" -MT"src/main.o" -c -o "src/main.o" "../src/main.c"
Finished building: ../src/main.c
 
Building target: ice40_nano.elf
Invoking: GNU RISC-V Cross C Linker
riscv-none-embed-gcc -march=rv32i -mabi=ilp32 -msmall-data-limit=8 -mno-save-restore -O0 -fmessage-length=0 -fsigned-char -ffunction-sections -fdata-sections  -g3 -T "O:/src/Propel/iCE40UP/ice40_nano/ws/ice40_nano/src/linker.ld" -nostartfiles -Xlinker --gc-sections -Wl,-Map,"ice40_nano.map" --specs=picolibc.specs -DPICOLIBC_INTEGER_PRINTF_SCANF -o "ice40_nano.elf"  ./src/bsp/driver/uart/uart.o  ./src/bsp/driver/timer/timer.o  ./src/bsp/driver/riscv_nano/crt0.o ./src/bsp/driver/riscv_nano/exit.o ./src/bsp/driver/riscv_nano/interrupt.o ./src/bsp/driver/riscv_nano/iob.o ./src/bsp/driver/riscv_nano/pic.o ./src/bsp/driver/riscv_nano/reg_access.o ./src/bsp/driver/riscv_nano/util.o  ./src/bsp/driver/gpio/gpio.o  ./src/bsp/reg_test.o  ./src/i2c_controller.o ./src/lib_ov08x.o ./src/main.o ./src/utils.o   
Finished building target: ice40_nano.elf
 
Invoking: GNU RISC-V Cross Create Listing
riscv-none-embed-objdump --source --all-headers --demangle --line-numbers --wide "ice40_nano.elf" > "ice40_nano.lst"
Finished building: ice40_nano.lst
 
Invoking: GNU RISC-V Cross Print Size
riscv-none-embed-size --format=berkeley "ice40_nano.elf"
   text	   data	    bss	    dec	    hex	filename
   9876	      8	   2976	  12860	   323c	ice40_nano.elf
Finished building: ice40_nano.siz
 
Invoking: Lattice Multi Memory Deployment (CODE SEGMENT)
riscv-none-embed-objcopy -O binary --gap-fill 0 -j .text -j .data -j .bss -j .ctors -j .dtors -j .rodata "ice40_nano.elf" tmp; srec_cat tmp -Binary -byte-swap 4 -DISable Header -Output "ice40_nano_Code.mem" -MEM 32
Finished building: ice40_nano_Code.mem
 
Invoking: Lattice Multi Memory Deployment (DATA SEGMENT)
riscv-none-embed-objcopy -O binary --gap-fill 0 -j .data -j .bss "ice40_nano.elf" tmp; srec_cat tmp -Binary -byte-swap 4 -DISable Header -Output "ice40_nano_Data.mem" -MEM 32
Finished building: ice40_nano_Data.mem
 
post build
post_build.bat

O:\src\Propel\iCE40UP\ice40_nano\ws\ice40_nano\Debug>copy /y ice40_nano_Code.mem ..\..\..\tb  
        1 file(s) copied.

O:\src\Propel\iCE40UP\ice40_nano\ws\ice40_nano\Debug>python mem2bin.py ice40_nano_Code.mem ice40_nano_Code.bin -be 

O:\src\Propel\iCE40UP\ice40_nano\ws\ice40_nano\Debug>python mem2bin.py ice40_nano_Data.mem ice40_nano_Data.bin -be 
 
14:19:36 **** Incremental Build of configuration Debug for project ice40_nano ****
make all 
Building file: ../src/bsp/driver/uart/uart.c
Invoking: GNU RISC-V Cross C Compiler
riscv-none-embed-gcc -march=rv32i -mabi=ilp32 -msmall-data-limit=8 -mno-save-restore -O0 -fmessage-length=0 -fsigned-char -ffunction-sections -fdata-sections  -g3 -DLSCC_STDIO_UART_APB -I"O:\src\Propel\iCE40UP\ice40_nano\ws\ice40_nano/src" -I"O:\src\Propel\iCE40UP\ice40_nano\ws\ice40_nano/src/bsp" -I"O:\src\Propel\iCE40UP\ice40_nano\ws\ice40_nano/src/bsp/driver" -I"O:\src\Propel\iCE40UP\ice40_nano\ws\ice40_nano/src/bsp/driver/gpio" -I"O:\src\Propel\iCE40UP\ice40_nano\ws\ice40_nano/src/bsp/driver/riscv_nano" -I"O:\src\Propel\iCE40UP\ice40_nano\ws\ice40_nano/src/bsp/driver/uart" -I"O:\src\Propel\iCE40UP\ice40_nano\ws\ice40_nano/src/bsp/driver/timer" -std=gnu11 --specs=picolibc.specs -DPICOLIBC_INTEGER_PRINTF_SCANF -MMD -MP -MF"src/bsp/driver/uart/uart.d" -MT"src/bsp/driver/uart/uart.o" -c -o "src/bsp/driver/uart/uart.o" "../src/bsp/driver/uart/uart.c"
Finished building: ../src/bsp/driver/uart/uart.c
 
Building file: ../src/bsp/reg_test.c
Invoking: GNU RISC-V Cross C Compiler
riscv-none-embed-gcc -march=rv32i -mabi=ilp32 -msmall-data-limit=8 -mno-save-restore -O0 -fmessage-length=0 -fsigned-char -ffunction-sections -fdata-sections  -g3 -DLSCC_STDIO_UART_APB -I"O:\src\Propel\iCE40UP\ice40_nano\ws\ice40_nano/src" -I"O:\src\Propel\iCE40UP\ice40_nano\ws\ice40_nano/src/bsp" -I"O:\src\Propel\iCE40UP\ice40_nano\ws\ice40_nano/src/bsp/driver" -I"O:\src\Propel\iCE40UP\ice40_nano\ws\ice40_nano/src/bsp/driver/gpio" -I"O:\src\Propel\iCE40UP\ice40_nano\ws\ice40_nano/src/bsp/driver/riscv_nano" -I"O:\src\Propel\iCE40UP\ice40_nano\ws\ice40_nano/src/bsp/driver/uart" -I"O:\src\Propel\iCE40UP\ice40_nano\ws\ice40_nano/src/bsp/driver/timer" -std=gnu11 --specs=picolibc.specs -DPICOLIBC_INTEGER_PRINTF_SCANF -MMD -MP -MF"src/bsp/reg_test.d" -MT"src/bsp/reg_test.o" -c -o "src/bsp/reg_test.o" "../src/bsp/reg_test.c"
Finished building: ../src/bsp/reg_test.c
 
Building file: ../src/i2c_controller.c
Invoking: GNU RISC-V Cross C Compiler
riscv-none-embed-gcc -march=rv32i -mabi=ilp32 -msmall-data-limit=8 -mno-save-restore -O0 -fmessage-length=0 -fsigned-char -ffunction-sections -fdata-sections  -g3 -DLSCC_STDIO_UART_APB -I"O:\src\Propel\iCE40UP\ice40_nano\ws\ice40_nano/src" -I"O:\src\Propel\iCE40UP\ice40_nano\ws\ice40_nano/src/bsp" -I"O:\src\Propel\iCE40UP\ice40_nano\ws\ice40_nano/src/bsp/driver" -I"O:\src\Propel\iCE40UP\ice40_nano\ws\ice40_nano/src/bsp/driver/gpio" -I"O:\src\Propel\iCE40UP\ice40_nano\ws\ice40_nano/src/bsp/driver/riscv_nano" -I"O:\src\Propel\iCE40UP\ice40_nano\ws\ice40_nano/src/bsp/driver/uart" -I"O:\src\Propel\iCE40UP\ice40_nano\ws\ice40_nano/src/bsp/driver/timer" -std=gnu11 --specs=picolibc.specs -DPICOLIBC_INTEGER_PRINTF_SCANF -MMD -MP -MF"src/i2c_controller.d" -MT"src/i2c_controller.o" -c -o "src/i2c_controller.o" "../src/i2c_controller.c"
../src/i2c_controller.c:27:25: warning: initialization discards 'volatile' qualifier from pointer target type [-Wdiscarded-qualifiers]
   27 | struct i2cm_dev *i2c1 = (volatile struct i2cm_dev *)(I2CM_INST_BASE_ADDR | ADDR_I2C1);
      |                         ^
../src/i2c_controller.c:28:25: warning: initialization discards 'volatile' qualifier from pointer target type [-Wdiscarded-qualifiers]
   28 | struct i2cm_dev *i2c2 = (volatile struct i2cm_dev *)(I2CM_INST_BASE_ADDR | ADDR_I2C2);
      |                         ^
../src/i2c_controller.c: In function 'i2c_write':
../src/i2c_controller.c:190:5: warning: implicit declaration of function 'i2c_start' [-Wimplicit-function-declaration]
  190 |     i2c_start();
      |     ^~~~~~~~~
../src/i2c_controller.c:193:9: warning: implicit declaration of function 'i2c_write_byte'; did you mean 'i2c_write'? [-Wimplicit-function-declaration]
  193 |     if (i2c_write_byte((slave << 1) | 0) != 0) {
      |         ^~~~~~~~~~~~~~
      |         i2c_write
../src/i2c_controller.c:194:9: warning: implicit declaration of function 'i2c_stop' [-Wimplicit-function-declaration]
  194 |         i2c_stop();
      |         ^~~~~~~~
../src/i2c_controller.c: In function 'i2c_read':
../src/i2c_controller.c:256:18: warning: implicit declaration of function 'i2c_read_byte'; did you mean 'i2c_read'? [-Wimplicit-function-declaration]
  256 |         val[i] = i2c_read_byte(i < (count - 1)); // NACK at last byte
      |                  ^~~~~~~~~~~~~
      |                  i2c_read
Finished building: ../src/i2c_controller.c
 
Building file: ../src/lib_ov08x.c
Invoking: GNU RISC-V Cross C Compiler
riscv-none-embed-gcc -march=rv32i -mabi=ilp32 -msmall-data-limit=8 -mno-save-restore -O0 -fmessage-length=0 -fsigned-char -ffunction-sections -fdata-sections  -g3 -DLSCC_STDIO_UART_APB -I"O:\src\Propel\iCE40UP\ice40_nano\ws\ice40_nano/src" -I"O:\src\Propel\iCE40UP\ice40_nano\ws\ice40_nano/src/bsp" -I"O:\src\Propel\iCE40UP\ice40_nano\ws\ice40_nano/src/bsp/driver" -I"O:\src\Propel\iCE40UP\ice40_nano\ws\ice40_nano/src/bsp/driver/gpio" -I"O:\src\Propel\iCE40UP\ice40_nano\ws\ice40_nano/src/bsp/driver/riscv_nano" -I"O:\src\Propel\iCE40UP\ice40_nano\ws\ice40_nano/src/bsp/driver/uart" -I"O:\src\Propel\iCE40UP\ice40_nano\ws\ice40_nano/src/bsp/driver/timer" -std=gnu11 --specs=picolibc.specs -DPICOLIBC_INTEGER_PRINTF_SCANF -MMD -MP -MF"src/lib_ov08x.d" -MT"src/lib_ov08x.o" -c -o "src/lib_ov08x.o" "../src/lib_ov08x.c"
Finished building: ../src/lib_ov08x.c
 
Building file: ../src/main.c
Invoking: GNU RISC-V Cross C Compiler
riscv-none-embed-gcc -march=rv32i -mabi=ilp32 -msmall-data-limit=8 -mno-save-restore -O0 -fmessage-length=0 -fsigned-char -ffunction-sections -fdata-sections  -g3 -DLSCC_STDIO_UART_APB -I"O:\src\Propel\iCE40UP\ice40_nano\ws\ice40_nano/src" -I"O:\src\Propel\iCE40UP\ice40_nano\ws\ice40_nano/src/bsp" -I"O:\src\Propel\iCE40UP\ice40_nano\ws\ice40_nano/src/bsp/driver" -I"O:\src\Propel\iCE40UP\ice40_nano\ws\ice40_nano/src/bsp/driver/gpio" -I"O:\src\Propel\iCE40UP\ice40_nano\ws\ice40_nano/src/bsp/driver/riscv_nano" -I"O:\src\Propel\iCE40UP\ice40_nano\ws\ice40_nano/src/bsp/driver/uart" -I"O:\src\Propel\iCE40UP\ice40_nano\ws\ice40_nano/src/bsp/driver/timer" -std=gnu11 --specs=picolibc.specs -DPICOLIBC_INTEGER_PRINTF_SCANF -MMD -MP -MF"src/main.d" -MT"src/main.o" -c -o "src/main.o" "../src/main.c"
../src/main.c: In function 'main':
../src/main.c:140:2: warning: implicit declaration of function 'i2c_init'; did you mean 'iob_init'? [-Wimplicit-function-declaration]
  140 |  i2c_init(I2C_SYS_CLK_FREQ);
      |  ^~~~~~~~
      |  iob_init
Finished building: ../src/main.c
 
Building file: ../src/utils.c
Invoking: GNU RISC-V Cross C Compiler
riscv-none-embed-gcc -march=rv32i -mabi=ilp32 -msmall-data-limit=8 -mno-save-restore -O0 -fmessage-length=0 -fsigned-char -ffunction-sections -fdata-sections  -g3 -DLSCC_STDIO_UART_APB -I"O:\src\Propel\iCE40UP\ice40_nano\ws\ice40_nano/src" -I"O:\src\Propel\iCE40UP\ice40_nano\ws\ice40_nano/src/bsp" -I"O:\src\Propel\iCE40UP\ice40_nano\ws\ice40_nano/src/bsp/driver" -I"O:\src\Propel\iCE40UP\ice40_nano\ws\ice40_nano/src/bsp/driver/gpio" -I"O:\src\Propel\iCE40UP\ice40_nano\ws\ice40_nano/src/bsp/driver/riscv_nano" -I"O:\src\Propel\iCE40UP\ice40_nano\ws\ice40_nano/src/bsp/driver/uart" -I"O:\src\Propel\iCE40UP\ice40_nano\ws\ice40_nano/src/bsp/driver/timer" -std=gnu11 --specs=picolibc.specs -DPICOLIBC_INTEGER_PRINTF_SCANF -MMD -MP -MF"src/utils.d" -MT"src/utils.o" -c -o "src/utils.o" "../src/utils.c"
Finished building: ../src/utils.c
 
Building target: ice40_nano.elf
Invoking: GNU RISC-V Cross C Linker
riscv-none-embed-gcc -march=rv32i -mabi=ilp32 -msmall-data-limit=8 -mno-save-restore -O0 -fmessage-length=0 -fsigned-char -ffunction-sections -fdata-sections  -g3 -T "O:/src/Propel/iCE40UP/ice40_nano/ws/ice40_nano/src/linker.ld" -nostartfiles -Xlinker --gc-sections -Wl,-Map,"ice40_nano.map" --specs=picolibc.specs -DPICOLIBC_INTEGER_PRINTF_SCANF -o "ice40_nano.elf"  ./src/bsp/driver/uart/uart.o  ./src/bsp/driver/timer/timer.o  ./src/bsp/driver/riscv_nano/crt0.o ./src/bsp/driver/riscv_nano/exit.o ./src/bsp/driver/riscv_nano/interrupt.o ./src/bsp/driver/riscv_nano/iob.o ./src/bsp/driver/riscv_nano/pic.o ./src/bsp/driver/riscv_nano/reg_access.o ./src/bsp/driver/riscv_nano/util.o  ./src/bsp/driver/gpio/gpio.o  ./src/bsp/reg_test.o  ./src/i2c_controller.o ./src/lib_ov08x.o ./src/main.o ./src/utils.o   
c:/lscc/propel/2025.1/sdk/riscv-none-embed-gcc/bin/../lib/gcc/riscv-none-embed/10.2.0/../../../../riscv-none-embed/bin/ld.exe: ./src/i2c_controller.o: in function `i2c_write':
O:\src\Propel\iCE40UP\ice40_nano\ws\ice40_nano\Debug/../src/i2c_controller.c:190: undefined reference to `i2c_start'
c:/lscc/propel/2025.1/sdk/riscv-none-embed-gcc/bin/../lib/gcc/riscv-none-embed/10.2.0/../../../../riscv-none-embed/bin/ld.exe: O:\src\Propel\iCE40UP\ice40_nano\ws\ice40_nano\Debug/../src/i2c_controller.c:193: undefined reference to `i2c_write_byte'
c:/lscc/propel/2025.1/sdk/riscv-none-embed-gcc/bin/../lib/gcc/riscv-none-embed/10.2.0/../../../../riscv-none-embed/bin/ld.exe: O:\src\Propel\iCE40UP\ice40_nano\ws\ice40_nano\Debug/../src/i2c_controller.c:194: undefined reference to `i2c_stop'
c:/lscc/propel/2025.1/sdk/riscv-none-embed-gcc/bin/../lib/gcc/riscv-none-embed/10.2.0/../../../../riscv-none-embed/bin/ld.exe: O:\src\Propel\iCE40UP\ice40_nano\ws\ice40_nano\Debug/../src/i2c_controller.c:200: undefined reference to `i2c_write_byte'
c:/lscc/propel/2025.1/sdk/riscv-none-embed-gcc/bin/../lib/gcc/riscv-none-embed/10.2.0/../../../../riscv-none-embed/bin/ld.exe: O:\src\Propel\iCE40UP\ice40_nano\ws\ice40_nano\Debug/../src/i2c_controller.c:201: undefined reference to `i2c_stop'
c:/lscc/propel/2025.1/sdk/riscv-none-embed-gcc/bin/../lib/gcc/riscv-none-embed/10.2.0/../../../../riscv-none-embed/bin/ld.exe: O:\src\Propel\iCE40UP\ice40_nano\ws\ice40_nano\Debug/../src/i2c_controller.c:205: undefined reference to `i2c_write_byte'
c:/lscc/propel/2025.1/sdk/riscv-none-embed-gcc/bin/../lib/gcc/riscv-none-embed/10.2.0/../../../../riscv-none-embed/bin/ld.exe: O:\src\Propel\iCE40UP\ice40_nano\ws\ice40_nano\Debug/../src/i2c_controller.c:206: undefined reference to `i2c_stop'
c:/lscc/propel/2025.1/sdk/riscv-none-embed-gcc/bin/../lib/gcc/riscv-none-embed/10.2.0/../../../../riscv-none-embed/bin/ld.exe: O:\src\Propel\iCE40UP\ice40_nano\ws\ice40_nano\Debug/../src/i2c_controller.c:212: undefined reference to `i2c_write_byte'
c:/lscc/propel/2025.1/sdk/riscv-none-embed-gcc/bin/../lib/gcc/riscv-none-embed/10.2.0/../../../../riscv-none-embed/bin/ld.exe: O:\src\Propel\iCE40UP\ice40_nano\ws\ice40_nano\Debug/../src/i2c_controller.c:213: undefined reference to `i2c_stop'
c:/lscc/propel/2025.1/sdk/riscv-none-embed-gcc/bin/../lib/gcc/riscv-none-embed/10.2.0/../../../../riscv-none-embed/bin/ld.exe: O:\src\Propel\iCE40UP\ice40_nano\ws\ice40_nano\Debug/../src/i2c_controller.c:218: undefined reference to `i2c_stop'
collect2.exe: error: ld returned 1 exit status
make[1]: *** [makefile:70: ice40_nano.elf] Error 1
make: *** [makefile:61: all] Error 2
"make all" terminated with exit code 2. Build might be incomplete.
14:21:01 **** Incremental Build of configuration Debug for project ice40_nano ****
make all 
Building file: ../src/i2c_controller.c
Invoking: GNU RISC-V Cross C Compiler
riscv-none-embed-gcc -march=rv32i -mabi=ilp32 -msmall-data-limit=8 -mno-save-restore -O0 -fmessage-length=0 -fsigned-char -ffunction-sections -fdata-sections  -g3 -DLSCC_STDIO_UART_APB -I"O:\src\Propel\iCE40UP\ice40_nano\ws\ice40_nano/src" -I"O:\src\Propel\iCE40UP\ice40_nano\ws\ice40_nano/src/bsp" -I"O:\src\Propel\iCE40UP\ice40_nano\ws\ice40_nano/src/bsp/driver" -I"O:\src\Propel\iCE40UP\ice40_nano\ws\ice40_nano/src/bsp/driver/gpio" -I"O:\src\Propel\iCE40UP\ice40_nano\ws\ice40_nano/src/bsp/driver/riscv_nano" -I"O:\src\Propel\iCE40UP\ice40_nano\ws\ice40_nano/src/bsp/driver/uart" -I"O:\src\Propel\iCE40UP\ice40_nano\ws\ice40_nano/src/bsp/driver/timer" -std=gnu11 --specs=picolibc.specs -DPICOLIBC_INTEGER_PRINTF_SCANF -MMD -MP -MF"src/i2c_controller.d" -MT"src/i2c_controller.o" -c -o "src/i2c_controller.o" "../src/i2c_controller.c"
../src/i2c_controller.c: In function 'i2c_write':
../src/i2c_controller.c:190:5: warning: implicit declaration of function 'i2c_start' [-Wimplicit-function-declaration]
  190 |     i2c_start();
      |     ^~~~~~~~~
../src/i2c_controller.c:193:9: warning: implicit declaration of function 'i2c_write_byte'; did you mean 'i2c_write'? [-Wimplicit-function-declaration]
  193 |     if (i2c_write_byte((slave << 1) | 0) != 0) {
      |         ^~~~~~~~~~~~~~
      |         i2c_write
../src/i2c_controller.c:194:9: warning: implicit declaration of function 'i2c_stop' [-Wimplicit-function-declaration]
  194 |         i2c_stop();
      |         ^~~~~~~~
../src/i2c_controller.c: In function 'i2c_read':
../src/i2c_controller.c:256:18: warning: implicit declaration of function 'i2c_read_byte'; did you mean 'i2c_read'? [-Wimplicit-function-declaration]
  256 |         val[i] = i2c_read_byte(i < (count - 1)); // NACK at last byte
      |                  ^~~~~~~~~~~~~
      |                  i2c_read
Finished building: ../src/i2c_controller.c
 
Building target: ice40_nano.elf
Invoking: GNU RISC-V Cross C Linker
riscv-none-embed-gcc -march=rv32i -mabi=ilp32 -msmall-data-limit=8 -mno-save-restore -O0 -fmessage-length=0 -fsigned-char -ffunction-sections -fdata-sections  -g3 -T "O:/src/Propel/iCE40UP/ice40_nano/ws/ice40_nano/src/linker.ld" -nostartfiles -Xlinker --gc-sections -Wl,-Map,"ice40_nano.map" --specs=picolibc.specs -DPICOLIBC_INTEGER_PRINTF_SCANF -o "ice40_nano.elf"  ./src/bsp/driver/uart/uart.o  ./src/bsp/driver/timer/timer.o  ./src/bsp/driver/riscv_nano/crt0.o ./src/bsp/driver/riscv_nano/exit.o ./src/bsp/driver/riscv_nano/interrupt.o ./src/bsp/driver/riscv_nano/iob.o ./src/bsp/driver/riscv_nano/pic.o ./src/bsp/driver/riscv_nano/reg_access.o ./src/bsp/driver/riscv_nano/util.o  ./src/bsp/driver/gpio/gpio.o  ./src/bsp/reg_test.o  ./src/i2c_controller.o ./src/lib_ov08x.o ./src/main.o ./src/utils.o   
c:/lscc/propel/2025.1/sdk/riscv-none-embed-gcc/bin/../lib/gcc/riscv-none-embed/10.2.0/../../../../riscv-none-embed/bin/ld.exe: ./src/i2c_controller.o: in function `i2c_write':
O:\src\Propel\iCE40UP\ice40_nano\ws\ice40_nano\Debug/../src/i2c_controller.c:190: undefined reference to `i2c_start'
c:/lscc/propel/2025.1/sdk/riscv-none-embed-gcc/bin/../lib/gcc/riscv-none-embed/10.2.0/../../../../riscv-none-embed/bin/ld.exe: O:\src\Propel\iCE40UP\ice40_nano\ws\ice40_nano\Debug/../src/i2c_controller.c:193: undefined reference to `i2c_write_byte'
c:/lscc/propel/2025.1/sdk/riscv-none-embed-gcc/bin/../lib/gcc/riscv-none-embed/10.2.0/../../../../riscv-none-embed/bin/ld.exe: O:\src\Propel\iCE40UP\ice40_nano\ws\ice40_nano\Debug/../src/i2c_controller.c:194: undefined reference to `i2c_stop'
c:/lscc/propel/2025.1/sdk/riscv-none-embed-gcc/bin/../lib/gcc/riscv-none-embed/10.2.0/../../../../riscv-none-embed/bin/ld.exe: O:\src\Propel\iCE40UP\ice40_nano\ws\ice40_nano\Debug/../src/i2c_controller.c:200: undefined reference to `i2c_write_byte'
c:/lscc/propel/2025.1/sdk/riscv-none-embed-gcc/bin/../lib/gcc/riscv-none-embed/10.2.0/../../../../riscv-none-embed/bin/ld.exe: O:\src\Propel\iCE40UP\ice40_nano\ws\ice40_nano\Debug/../src/i2c_controller.c:201: undefined reference to `i2c_stop'
c:/lscc/propel/2025.1/sdk/riscv-none-embed-gcc/bin/../lib/gcc/riscv-none-embed/10.2.0/../../../../riscv-none-embed/bin/ld.exe: O:\src\Propel\iCE40UP\ice40_nano\ws\ice40_nano\Debug/../src/i2c_controller.c:205: undefined reference to `i2c_write_byte'
c:/lscc/propel/2025.1/sdk/riscv-none-embed-gcc/bin/../lib/gcc/riscv-none-embed/10.2.0/../../../../riscv-none-embed/bin/ld.exe: O:\src\Propel\iCE40UP\ice40_nano\ws\ice40_nano\Debug/../src/i2c_controller.c:206: undefined reference to `i2c_stop'
c:/lscc/propel/2025.1/sdk/riscv-none-embed-gcc/bin/../lib/gcc/riscv-none-embed/10.2.0/../../../../riscv-none-embed/bin/ld.exe: O:\src\Propel\iCE40UP\ice40_nano\ws\ice40_nano\Debug/../src/i2c_controller.c:212: undefined reference to `i2c_write_byte'
c:/lscc/propel/2025.1/sdk/riscv-none-embed-gcc/bin/../lib/gcc/riscv-none-embed/10.2.0/../../../../riscv-none-embed/bin/ld.exe: O:\src\Propel\iCE40UP\ice40_nano\ws\ice40_nano\Debug/../src/i2c_controller.c:213: undefined reference to `i2c_stop'
c:/lscc/propel/2025.1/sdk/riscv-none-embed-gcc/bin/../lib/gcc/riscv-none-embed/10.2.0/../../../../riscv-none-embed/bin/ld.exe: O:\src\Propel\iCE40UP\ice40_nano\ws\ice40_nano\Debug/../src/i2c_controller.c:218: undefined reference to `i2c_stop'
collect2.exe: error: ld returned 1 exit status
make[1]: *** [makefile:70: ice40_nano.elf] Error 1
make: *** [makefile:61: all] Error 2
"make all" terminated with exit code 2. Build might be incomplete.
14:22:07 **** Incremental Build of configuration Debug for project ice40_nano ****
make all 
Building file: ../src/i2c_controller.c
Invoking: GNU RISC-V Cross C Compiler
riscv-none-embed-gcc -march=rv32i -mabi=ilp32 -msmall-data-limit=8 -mno-save-restore -O0 -fmessage-length=0 -fsigned-char -ffunction-sections -fdata-sections  -g3 -DLSCC_STDIO_UART_APB -I"O:\src\Propel\iCE40UP\ice40_nano\ws\ice40_nano/src" -I"O:\src\Propel\iCE40UP\ice40_nano\ws\ice40_nano/src/bsp" -I"O:\src\Propel\iCE40UP\ice40_nano\ws\ice40_nano/src/bsp/driver" -I"O:\src\Propel\iCE40UP\ice40_nano\ws\ice40_nano/src/bsp/driver/gpio" -I"O:\src\Propel\iCE40UP\ice40_nano\ws\ice40_nano/src/bsp/driver/riscv_nano" -I"O:\src\Propel\iCE40UP\ice40_nano\ws\ice40_nano/src/bsp/driver/uart" -I"O:\src\Propel\iCE40UP\ice40_nano\ws\ice40_nano/src/bsp/driver/timer" -std=gnu11 --specs=picolibc.specs -DPICOLIBC_INTEGER_PRINTF_SCANF -MMD -MP -MF"src/i2c_controller.d" -MT"src/i2c_controller.o" -c -o "src/i2c_controller.o" "../src/i2c_controller.c"
../src/i2c_controller.c:191:5: error: redefinition of 'i2c_write'
  191 | int i2c_write(unsigned char slave, unsigned short offset, unsigned int count, unsigned char *val) {
      |     ^~~~~~~~~
../src/i2c_controller.c:40:5: note: previous definition of 'i2c_write' was here
   40 | int i2c_write(unsigned char slave, unsigned short offset, unsigned int count, unsigned char *val) {}
      |     ^~~~~~~~~
../src/i2c_controller.c: In function 'i2c_write':
../src/i2c_controller.c:194:5: warning: implicit declaration of function 'i2c_start' [-Wimplicit-function-declaration]
  194 |     i2c_start();
      |     ^~~~~~~~~
../src/i2c_controller.c:197:9: warning: implicit declaration of function 'i2c_write_byte'; did you mean 'i2c_write'? [-Wimplicit-function-declaration]
  197 |     if (i2c_write_byte((slave << 1) | 0) != 0) {
      |         ^~~~~~~~~~~~~~
      |         i2c_write
../src/i2c_controller.c:198:9: warning: implicit declaration of function 'i2c_stop' [-Wimplicit-function-declaration]
  198 |         i2c_stop();
      |         ^~~~~~~~
../src/i2c_controller.c: At top level:
../src/i2c_controller.c:226:5: error: redefinition of 'i2c_read'
  226 | int i2c_read(unsigned char slave, unsigned short offset, unsigned int count, unsigned char *val) {
      |     ^~~~~~~~
../src/i2c_controller.c:41:5: note: previous definition of 'i2c_read' was here
   41 | int i2c_read(unsigned char slave, unsigned short offset, unsigned int count, unsigned char *val) {}
      |     ^~~~~~~~
../src/i2c_controller.c: In function 'i2c_read':
../src/i2c_controller.c:260:18: warning: implicit declaration of function 'i2c_read_byte'; did you mean 'i2c_read'? [-Wimplicit-function-declaration]
  260 |         val[i] = i2c_read_byte(i < (count - 1)); // NACK at last byte
      |                  ^~~~~~~~~~~~~
      |                  i2c_read
../src/i2c_controller.c: At top level:
../src/i2c_controller.c:268:5: error: redefinition of 'i2c_byte_write'
  268 | int i2c_byte_write(unsigned char slave, unsigned short offset, unsigned char val)
      |     ^~~~~~~~~~~~~~
../src/i2c_controller.c:42:5: note: previous definition of 'i2c_byte_write' was here
   42 | int i2c_byte_write(unsigned char slave, unsigned short offset, unsigned char val){}
      |     ^~~~~~~~~~~~~~
../src/i2c_controller.c:272:5: error: redefinition of 'i2c_byte_read'
  272 | int i2c_byte_read(unsigned char slave, unsigned short offset, unsigned char *val)
      |     ^~~~~~~~~~~~~
../src/i2c_controller.c:43:5: note: previous definition of 'i2c_byte_read' was here
   43 | int i2c_byte_read(unsigned char slave, unsigned short offset, unsigned char *val){}
      |     ^~~~~~~~~~~~~
make[1]: *** [src/subdir.mk:29: src/i2c_controller.o] Error 1
make: *** [makefile:61: all] Error 2
"make all" terminated with exit code 2. Build might be incomplete.
14:24:17 **** Incremental Build of configuration Debug for project ice40_nano ****
make all 
Building file: ../src/i2c_controller.c
Invoking: GNU RISC-V Cross C Compiler
riscv-none-embed-gcc -march=rv32i -mabi=ilp32 -msmall-data-limit=8 -mno-save-restore -O0 -fmessage-length=0 -fsigned-char -ffunction-sections -fdata-sections  -g3 -DLSCC_STDIO_UART_APB -I"O:\src\Propel\iCE40UP\ice40_nano\ws\ice40_nano/src" -I"O:\src\Propel\iCE40UP\ice40_nano\ws\ice40_nano/src/bsp" -I"O:\src\Propel\iCE40UP\ice40_nano\ws\ice40_nano/src/bsp/driver" -I"O:\src\Propel\iCE40UP\ice40_nano\ws\ice40_nano/src/bsp/driver/gpio" -I"O:\src\Propel\iCE40UP\ice40_nano\ws\ice40_nano/src/bsp/driver/riscv_nano" -I"O:\src\Propel\iCE40UP\ice40_nano\ws\ice40_nano/src/bsp/driver/uart" -I"O:\src\Propel\iCE40UP\ice40_nano\ws\ice40_nano/src/bsp/driver/timer" -std=gnu11 --specs=picolibc.specs -DPICOLIBC_INTEGER_PRINTF_SCANF -MMD -MP -MF"src/i2c_controller.d" -MT"src/i2c_controller.o" -c -o "src/i2c_controller.o" "../src/i2c_controller.c"
Finished building: ../src/i2c_controller.c
 
Building target: ice40_nano.elf
Invoking: GNU RISC-V Cross C Linker
riscv-none-embed-gcc -march=rv32i -mabi=ilp32 -msmall-data-limit=8 -mno-save-restore -O0 -fmessage-length=0 -fsigned-char -ffunction-sections -fdata-sections  -g3 -T "O:/src/Propel/iCE40UP/ice40_nano/ws/ice40_nano/src/linker.ld" -nostartfiles -Xlinker --gc-sections -Wl,-Map,"ice40_nano.map" --specs=picolibc.specs -DPICOLIBC_INTEGER_PRINTF_SCANF -o "ice40_nano.elf"  ./src/bsp/driver/uart/uart.o  ./src/bsp/driver/timer/timer.o  ./src/bsp/driver/riscv_nano/crt0.o ./src/bsp/driver/riscv_nano/exit.o ./src/bsp/driver/riscv_nano/interrupt.o ./src/bsp/driver/riscv_nano/iob.o ./src/bsp/driver/riscv_nano/pic.o ./src/bsp/driver/riscv_nano/reg_access.o ./src/bsp/driver/riscv_nano/util.o  ./src/bsp/driver/gpio/gpio.o  ./src/bsp/reg_test.o  ./src/i2c_controller.o ./src/lib_ov08x.o ./src/main.o ./src/utils.o   
Finished building target: ice40_nano.elf
 
Invoking: GNU RISC-V Cross Create Listing
riscv-none-embed-objdump --source --all-headers --demangle --line-numbers --wide "ice40_nano.elf" > "ice40_nano.lst"
Finished building: ice40_nano.lst
 
Invoking: GNU RISC-V Cross Print Size
riscv-none-embed-size --format=berkeley "ice40_nano.elf"
   text	   data	    bss	    dec	    hex	filename
   9836	     12	   2976	  12824	   3218	ice40_nano.elf
Finished building: ice40_nano.siz
 
Invoking: Lattice Multi Memory Deployment (CODE SEGMENT)
riscv-none-embed-objcopy -O binary --gap-fill 0 -j .text -j .data -j .bss -j .ctors -j .dtors -j .rodata "ice40_nano.elf" tmp; srec_cat tmp -Binary -byte-swap 4 -DISable Header -Output "ice40_nano_Code.mem" -MEM 32
Finished building: ice40_nano_Code.mem
 
Invoking: Lattice Multi Memory Deployment (DATA SEGMENT)
riscv-none-embed-objcopy -O binary --gap-fill 0 -j .data -j .bss "ice40_nano.elf" tmp; srec_cat tmp -Binary -byte-swap 4 -DISable Header -Output "ice40_nano_Data.mem" -MEM 32
Finished building: ice40_nano_Data.mem
 
post build
post_build.bat

O:\src\Propel\iCE40UP\ice40_nano\ws\ice40_nano\Debug>copy /y ice40_nano_Code.mem ..\..\..\tb  
        1 file(s) copied.

O:\src\Propel\iCE40UP\ice40_nano\ws\ice40_nano\Debug>python mem2bin.py ice40_nano_Code.mem ice40_nano_Code.bin -be 

O:\src\Propel\iCE40UP\ice40_nano\ws\ice40_nano\Debug>python mem2bin.py ice40_nano_Data.mem ice40_nano_Data.bin -be 
 
14:31:15 **** Incremental Build of configuration Debug for project ice40_nano ****
make all 
Building file: ../src/bsp/driver/uart/uart.c
Invoking: GNU RISC-V Cross C Compiler
riscv-none-embed-gcc -march=rv32i -mabi=ilp32 -msmall-data-limit=8 -mno-save-restore -O0 -fmessage-length=0 -fsigned-char -ffunction-sections -fdata-sections  -g3 -DLSCC_STDIO_UART_APB -I"O:\src\Propel\iCE40UP\ice40_nano\ws\ice40_nano/src" -I"O:\src\Propel\iCE40UP\ice40_nano\ws\ice40_nano/src/bsp" -I"O:\src\Propel\iCE40UP\ice40_nano\ws\ice40_nano/src/bsp/driver" -I"O:\src\Propel\iCE40UP\ice40_nano\ws\ice40_nano/src/bsp/driver/gpio" -I"O:\src\Propel\iCE40UP\ice40_nano\ws\ice40_nano/src/bsp/driver/riscv_nano" -I"O:\src\Propel\iCE40UP\ice40_nano\ws\ice40_nano/src/bsp/driver/uart" -I"O:\src\Propel\iCE40UP\ice40_nano\ws\ice40_nano/src/bsp/driver/timer" -std=gnu11 --specs=picolibc.specs -DPICOLIBC_INTEGER_PRINTF_SCANF -MMD -MP -MF"src/bsp/driver/uart/uart.d" -MT"src/bsp/driver/uart/uart.o" -c -o "src/bsp/driver/uart/uart.o" "../src/bsp/driver/uart/uart.c"
Finished building: ../src/bsp/driver/uart/uart.c
 
Building file: ../src/bsp/reg_test.c
Invoking: GNU RISC-V Cross C Compiler
riscv-none-embed-gcc -march=rv32i -mabi=ilp32 -msmall-data-limit=8 -mno-save-restore -O0 -fmessage-length=0 -fsigned-char -ffunction-sections -fdata-sections  -g3 -DLSCC_STDIO_UART_APB -I"O:\src\Propel\iCE40UP\ice40_nano\ws\ice40_nano/src" -I"O:\src\Propel\iCE40UP\ice40_nano\ws\ice40_nano/src/bsp" -I"O:\src\Propel\iCE40UP\ice40_nano\ws\ice40_nano/src/bsp/driver" -I"O:\src\Propel\iCE40UP\ice40_nano\ws\ice40_nano/src/bsp/driver/gpio" -I"O:\src\Propel\iCE40UP\ice40_nano\ws\ice40_nano/src/bsp/driver/riscv_nano" -I"O:\src\Propel\iCE40UP\ice40_nano\ws\ice40_nano/src/bsp/driver/uart" -I"O:\src\Propel\iCE40UP\ice40_nano\ws\ice40_nano/src/bsp/driver/timer" -std=gnu11 --specs=picolibc.specs -DPICOLIBC_INTEGER_PRINTF_SCANF -MMD -MP -MF"src/bsp/reg_test.d" -MT"src/bsp/reg_test.o" -c -o "src/bsp/reg_test.o" "../src/bsp/reg_test.c"
Finished building: ../src/bsp/reg_test.c
 
Building file: ../src/i2c_controller.c
Invoking: GNU RISC-V Cross C Compiler
riscv-none-embed-gcc -march=rv32i -mabi=ilp32 -msmall-data-limit=8 -mno-save-restore -O0 -fmessage-length=0 -fsigned-char -ffunction-sections -fdata-sections  -g3 -DLSCC_STDIO_UART_APB -I"O:\src\Propel\iCE40UP\ice40_nano\ws\ice40_nano/src" -I"O:\src\Propel\iCE40UP\ice40_nano\ws\ice40_nano/src/bsp" -I"O:\src\Propel\iCE40UP\ice40_nano\ws\ice40_nano/src/bsp/driver" -I"O:\src\Propel\iCE40UP\ice40_nano\ws\ice40_nano/src/bsp/driver/gpio" -I"O:\src\Propel\iCE40UP\ice40_nano\ws\ice40_nano/src/bsp/driver/riscv_nano" -I"O:\src\Propel\iCE40UP\ice40_nano\ws\ice40_nano/src/bsp/driver/uart" -I"O:\src\Propel\iCE40UP\ice40_nano\ws\ice40_nano/src/bsp/driver/timer" -std=gnu11 --specs=picolibc.specs -DPICOLIBC_INTEGER_PRINTF_SCANF -MMD -MP -MF"src/i2c_controller.d" -MT"src/i2c_controller.o" -c -o "src/i2c_controller.o" "../src/i2c_controller.c"
Finished building: ../src/i2c_controller.c
 
Building file: ../src/main.c
Invoking: GNU RISC-V Cross C Compiler
riscv-none-embed-gcc -march=rv32i -mabi=ilp32 -msmall-data-limit=8 -mno-save-restore -O0 -fmessage-length=0 -fsigned-char -ffunction-sections -fdata-sections  -g3 -DLSCC_STDIO_UART_APB -I"O:\src\Propel\iCE40UP\ice40_nano\ws\ice40_nano/src" -I"O:\src\Propel\iCE40UP\ice40_nano\ws\ice40_nano/src/bsp" -I"O:\src\Propel\iCE40UP\ice40_nano\ws\ice40_nano/src/bsp/driver" -I"O:\src\Propel\iCE40UP\ice40_nano\ws\ice40_nano/src/bsp/driver/gpio" -I"O:\src\Propel\iCE40UP\ice40_nano\ws\ice40_nano/src/bsp/driver/riscv_nano" -I"O:\src\Propel\iCE40UP\ice40_nano\ws\ice40_nano/src/bsp/driver/uart" -I"O:\src\Propel\iCE40UP\ice40_nano\ws\ice40_nano/src/bsp/driver/timer" -std=gnu11 --specs=picolibc.specs -DPICOLIBC_INTEGER_PRINTF_SCANF -MMD -MP -MF"src/main.d" -MT"src/main.o" -c -o "src/main.o" "../src/main.c"
../src/main.c: In function 'main':
../src/main.c:140:2: warning: implicit declaration of function 'i2c_init'; did you mean 'iob_init'? [-Wimplicit-function-declaration]
  140 |  i2c_init(I2C_SYS_CLK_FREQ);
      |  ^~~~~~~~
      |  iob_init
Finished building: ../src/main.c
 
Building file: ../src/utils.c
Invoking: GNU RISC-V Cross C Compiler
riscv-none-embed-gcc -march=rv32i -mabi=ilp32 -msmall-data-limit=8 -mno-save-restore -O0 -fmessage-length=0 -fsigned-char -ffunction-sections -fdata-sections  -g3 -DLSCC_STDIO_UART_APB -I"O:\src\Propel\iCE40UP\ice40_nano\ws\ice40_nano/src" -I"O:\src\Propel\iCE40UP\ice40_nano\ws\ice40_nano/src/bsp" -I"O:\src\Propel\iCE40UP\ice40_nano\ws\ice40_nano/src/bsp/driver" -I"O:\src\Propel\iCE40UP\ice40_nano\ws\ice40_nano/src/bsp/driver/gpio" -I"O:\src\Propel\iCE40UP\ice40_nano\ws\ice40_nano/src/bsp/driver/riscv_nano" -I"O:\src\Propel\iCE40UP\ice40_nano\ws\ice40_nano/src/bsp/driver/uart" -I"O:\src\Propel\iCE40UP\ice40_nano\ws\ice40_nano/src/bsp/driver/timer" -std=gnu11 --specs=picolibc.specs -DPICOLIBC_INTEGER_PRINTF_SCANF -MMD -MP -MF"src/utils.d" -MT"src/utils.o" -c -o "src/utils.o" "../src/utils.c"
Finished building: ../src/utils.c
 
Building target: ice40_nano.elf
Invoking: GNU RISC-V Cross C Linker
riscv-none-embed-gcc -march=rv32i -mabi=ilp32 -msmall-data-limit=8 -mno-save-restore -O0 -fmessage-length=0 -fsigned-char -ffunction-sections -fdata-sections  -g3 -T "O:/src/Propel/iCE40UP/ice40_nano/ws/ice40_nano/src/linker.ld" -nostartfiles -Xlinker --gc-sections -Wl,-Map,"ice40_nano.map" --specs=picolibc.specs -DPICOLIBC_INTEGER_PRINTF_SCANF -o "ice40_nano.elf"  ./src/bsp/driver/uart/uart.o  ./src/bsp/driver/timer/timer.o  ./src/bsp/driver/riscv_nano/crt0.o ./src/bsp/driver/riscv_nano/exit.o ./src/bsp/driver/riscv_nano/interrupt.o ./src/bsp/driver/riscv_nano/iob.o ./src/bsp/driver/riscv_nano/pic.o ./src/bsp/driver/riscv_nano/reg_access.o ./src/bsp/driver/riscv_nano/util.o  ./src/bsp/driver/gpio/gpio.o  ./src/bsp/reg_test.o  ./src/i2c_controller.o ./src/lib_ov08x.o ./src/main.o ./src/utils.o   
Finished building target: ice40_nano.elf
 
Invoking: GNU RISC-V Cross Create Listing
riscv-none-embed-objdump --source --all-headers --demangle --line-numbers --wide "ice40_nano.elf" > "ice40_nano.lst"
Finished building: ice40_nano.lst
 
Invoking: GNU RISC-V Cross Print Size
riscv-none-embed-size --format=berkeley "ice40_nano.elf"
   text	   data	    bss	    dec	    hex	filename
   9836	     12	   2976	  12824	   3218	ice40_nano.elf
Finished building: ice40_nano.siz
 
Invoking: Lattice Multi Memory Deployment (CODE SEGMENT)
riscv-none-embed-objcopy -O binary --gap-fill 0 -j .text -j .data -j .bss -j .ctors -j .dtors -j .rodata "ice40_nano.elf" tmp; srec_cat tmp -Binary -byte-swap 4 -DISable Header -Output "ice40_nano_Code.mem" -MEM 32
Finished building: ice40_nano_Code.mem
 
Invoking: Lattice Multi Memory Deployment (DATA SEGMENT)
riscv-none-embed-objcopy -O binary --gap-fill 0 -j .data -j .bss "ice40_nano.elf" tmp; srec_cat tmp -Binary -byte-swap 4 -DISable Header -Output "ice40_nano_Data.mem" -MEM 32
Finished building: ice40_nano_Data.mem
 
post build
post_build.bat

O:\src\Propel\iCE40UP\ice40_nano\ws\ice40_nano\Debug>copy /y ice40_nano_Code.mem ..\..\..\tb  
        1 file(s) copied.

O:\src\Propel\iCE40UP\ice40_nano\ws\ice40_nano\Debug>python mem2bin.py ice40_nano_Code.mem ice40_nano_Code.bin -be 

O:\src\Propel\iCE40UP\ice40_nano\ws\ice40_nano\Debug>python mem2bin.py ice40_nano_Data.mem ice40_nano_Data.bin -be 
 
14:43:31 **** Incremental Build of configuration Debug for project ice40_nano ****
make all 
Building file: ../src/i2c_controller.c
Invoking: GNU RISC-V Cross C Compiler
riscv-none-embed-gcc -march=rv32i -mabi=ilp32 -msmall-data-limit=8 -mno-save-restore -O0 -fmessage-length=0 -fsigned-char -ffunction-sections -fdata-sections  -g3 -DLSCC_STDIO_UART_APB -I"O:\src\Propel\iCE40UP\ice40_nano\ws\ice40_nano/src" -I"O:\src\Propel\iCE40UP\ice40_nano\ws\ice40_nano/src/bsp" -I"O:\src\Propel\iCE40UP\ice40_nano\ws\ice40_nano/src/bsp/driver" -I"O:\src\Propel\iCE40UP\ice40_nano\ws\ice40_nano/src/bsp/driver/gpio" -I"O:\src\Propel\iCE40UP\ice40_nano\ws\ice40_nano/src/bsp/driver/riscv_nano" -I"O:\src\Propel\iCE40UP\ice40_nano\ws\ice40_nano/src/bsp/driver/uart" -I"O:\src\Propel\iCE40UP\ice40_nano\ws\ice40_nano/src/bsp/driver/timer" -std=gnu11 --specs=picolibc.specs -DPICOLIBC_INTEGER_PRINTF_SCANF -MMD -MP -MF"src/i2c_controller.d" -MT"src/i2c_controller.o" -c -o "src/i2c_controller.o" "../src/i2c_controller.c"
Finished building: ../src/i2c_controller.c
 
Building target: ice40_nano.elf
Invoking: GNU RISC-V Cross C Linker
riscv-none-embed-gcc -march=rv32i -mabi=ilp32 -msmall-data-limit=8 -mno-save-restore -O0 -fmessage-length=0 -fsigned-char -ffunction-sections -fdata-sections  -g3 -T "O:/src/Propel/iCE40UP/ice40_nano/ws/ice40_nano/src/linker.ld" -nostartfiles -Xlinker --gc-sections -Wl,-Map,"ice40_nano.map" --specs=picolibc.specs -DPICOLIBC_INTEGER_PRINTF_SCANF -o "ice40_nano.elf"  ./src/bsp/driver/uart/uart.o  ./src/bsp/driver/timer/timer.o  ./src/bsp/driver/riscv_nano/crt0.o ./src/bsp/driver/riscv_nano/exit.o ./src/bsp/driver/riscv_nano/interrupt.o ./src/bsp/driver/riscv_nano/iob.o ./src/bsp/driver/riscv_nano/pic.o ./src/bsp/driver/riscv_nano/reg_access.o ./src/bsp/driver/riscv_nano/util.o  ./src/bsp/driver/gpio/gpio.o  ./src/bsp/reg_test.o  ./src/i2c_controller.o ./src/lib_ov08x.o ./src/main.o ./src/utils.o   
Finished building target: ice40_nano.elf
 
Invoking: GNU RISC-V Cross Create Listing
riscv-none-embed-objdump --source --all-headers --demangle --line-numbers --wide "ice40_nano.elf" > "ice40_nano.lst"
Finished building: ice40_nano.lst
 
Invoking: GNU RISC-V Cross Print Size
riscv-none-embed-size --format=berkeley "ice40_nano.elf"
   text	   data	    bss	    dec	    hex	filename
   9836	     12	   2976	  12824	   3218	ice40_nano.elf
Finished building: ice40_nano.siz
 
Invoking: Lattice Multi Memory Deployment (CODE SEGMENT)
riscv-none-embed-objcopy -O binary --gap-fill 0 -j .text -j .data -j .bss -j .ctors -j .dtors -j .rodata "ice40_nano.elf" tmp; srec_cat tmp -Binary -byte-swap 4 -DISable Header -Output "ice40_nano_Code.mem" -MEM 32
Finished building: ice40_nano_Code.mem
 
Invoking: Lattice Multi Memory Deployment (DATA SEGMENT)
riscv-none-embed-objcopy -O binary --gap-fill 0 -j .data -j .bss "ice40_nano.elf" tmp; srec_cat tmp -Binary -byte-swap 4 -DISable Header -Output "ice40_nano_Data.mem" -MEM 32
Finished building: ice40_nano_Data.mem
 
post build
post_build.bat

O:\src\Propel\iCE40UP\ice40_nano\ws\ice40_nano\Debug>copy /y ice40_nano_Code.mem ..\..\..\tb  
        1 file(s) copied.

O:\src\Propel\iCE40UP\ice40_nano\ws\ice40_nano\Debug>python mem2bin.py ice40_nano_Code.mem ice40_nano_Code.bin -be 

O:\src\Propel\iCE40UP\ice40_nano\ws\ice40_nano\Debug>python mem2bin.py ice40_nano_Data.mem ice40_nano_Data.bin -be 
 
16:23:41 **** Incremental Build of configuration Debug for project ice40_nano ****
make all 
Building file: ../src/i2c_controller.c
Invoking: GNU RISC-V Cross C Compiler
riscv-none-embed-gcc -march=rv32i -mabi=ilp32 -msmall-data-limit=8 -mno-save-restore -O0 -fmessage-length=0 -fsigned-char -ffunction-sections -fdata-sections  -g3 -DLSCC_STDIO_UART_APB -I"O:\src\Propel\iCE40UP\ice40_nano\ws\ice40_nano/src" -I"O:\src\Propel\iCE40UP\ice40_nano\ws\ice40_nano/src/bsp" -I"O:\src\Propel\iCE40UP\ice40_nano\ws\ice40_nano/src/bsp/driver" -I"O:\src\Propel\iCE40UP\ice40_nano\ws\ice40_nano/src/bsp/driver/gpio" -I"O:\src\Propel\iCE40UP\ice40_nano\ws\ice40_nano/src/bsp/driver/riscv_nano" -I"O:\src\Propel\iCE40UP\ice40_nano\ws\ice40_nano/src/bsp/driver/uart" -I"O:\src\Propel\iCE40UP\ice40_nano\ws\ice40_nano/src/bsp/driver/timer" -std=gnu11 --specs=picolibc.specs -DPICOLIBC_INTEGER_PRINTF_SCANF -MMD -MP -MF"src/i2c_controller.d" -MT"src/i2c_controller.o" -c -o "src/i2c_controller.o" "../src/i2c_controller.c"
../src/i2c_controller.c:51:33: error: initializer element is not constant
   51 | volatile struct i2cm_dev *dev = i2c1;
      |                                 ^~~~
../src/i2c_controller.c: In function 'i2c_bus_set':
../src/i2c_controller.c:58:2: warning: implicit declaration of function 'elsif' [-Wimplicit-function-declaration]
   58 |  elsif(n==I2C_BUS2)
      |  ^~~~~
../src/i2c_controller.c:58:20: error: expected ';' before '{' token
   58 |  elsif(n==I2C_BUS2)
      |                    ^
      |                    ;
   59 |  {
      |  ~                  
../src/i2c_controller.c: In function 'i2c_read':
../src/i2c_controller.c:317:5: error: too few arguments to function 'i2c_start'
  317 |     i2c_start();
      |     ^~~~~~~~~
../src/i2c_controller.c:76:16: note: declared here
   76 | static uint8_t i2c_start(uint8_t slave)
      |                ^~~~~~~~~
make[1]: *** [src/subdir.mk:29: src/i2c_controller.o] Error 1
make: *** [makefile:61: all] Error 2
"make all" terminated with exit code 2. Build might be incomplete.
16:25:36 **** Incremental Build of configuration Debug for project ice40_nano ****
make all 
Building file: ../src/i2c_controller.c
Invoking: GNU RISC-V Cross C Compiler
riscv-none-embed-gcc -march=rv32i -mabi=ilp32 -msmall-data-limit=8 -mno-save-restore -O0 -fmessage-length=0 -fsigned-char -ffunction-sections -fdata-sections  -g3 -DLSCC_STDIO_UART_APB -I"O:\src\Propel\iCE40UP\ice40_nano\ws\ice40_nano/src" -I"O:\src\Propel\iCE40UP\ice40_nano\ws\ice40_nano/src/bsp" -I"O:\src\Propel\iCE40UP\ice40_nano\ws\ice40_nano/src/bsp/driver" -I"O:\src\Propel\iCE40UP\ice40_nano\ws\ice40_nano/src/bsp/driver/gpio" -I"O:\src\Propel\iCE40UP\ice40_nano\ws\ice40_nano/src/bsp/driver/riscv_nano" -I"O:\src\Propel\iCE40UP\ice40_nano\ws\ice40_nano/src/bsp/driver/uart" -I"O:\src\Propel\iCE40UP\ice40_nano\ws\ice40_nano/src/bsp/driver/timer" -std=gnu11 --specs=picolibc.specs -DPICOLIBC_INTEGER_PRINTF_SCANF -MMD -MP -MF"src/i2c_controller.d" -MT"src/i2c_controller.o" -c -o "src/i2c_controller.o" "../src/i2c_controller.c"
../src/i2c_controller.c: In function 'i2c_bus_set':
../src/i2c_controller.c:58:2: warning: implicit declaration of function 'elseif' [-Wimplicit-function-declaration]
   58 |  elseif(n==I2C_BUS2)
      |  ^~~~~~
../src/i2c_controller.c:58:21: error: expected ';' before '{' token
   58 |  elseif(n==I2C_BUS2)
      |                     ^
      |                     ;
   59 |  {
      |  ~                   
../src/i2c_controller.c: In function 'i2c_read':
../src/i2c_controller.c:319:5: error: too few arguments to function 'i2c_start'
  319 |     i2c_start();
      |     ^~~~~~~~~
../src/i2c_controller.c:78:16: note: declared here
   78 | static uint8_t i2c_start(uint8_t slave)
      |                ^~~~~~~~~
make[1]: *** [src/subdir.mk:29: src/i2c_controller.o] Error 1
make: *** [makefile:61: all] Error 2
"make all" terminated with exit code 2. Build might be incomplete.
16:25:49 **** Incremental Build of configuration Debug for project ice40_nano ****
make all 
Building file: ../src/i2c_controller.c
Invoking: GNU RISC-V Cross C Compiler
riscv-none-embed-gcc -march=rv32i -mabi=ilp32 -msmall-data-limit=8 -mno-save-restore -O0 -fmessage-length=0 -fsigned-char -ffunction-sections -fdata-sections  -g3 -DLSCC_STDIO_UART_APB -I"O:\src\Propel\iCE40UP\ice40_nano\ws\ice40_nano/src" -I"O:\src\Propel\iCE40UP\ice40_nano\ws\ice40_nano/src/bsp" -I"O:\src\Propel\iCE40UP\ice40_nano\ws\ice40_nano/src/bsp/driver" -I"O:\src\Propel\iCE40UP\ice40_nano\ws\ice40_nano/src/bsp/driver/gpio" -I"O:\src\Propel\iCE40UP\ice40_nano\ws\ice40_nano/src/bsp/driver/riscv_nano" -I"O:\src\Propel\iCE40UP\ice40_nano\ws\ice40_nano/src/bsp/driver/uart" -I"O:\src\Propel\iCE40UP\ice40_nano\ws\ice40_nano/src/bsp/driver/timer" -std=gnu11 --specs=picolibc.specs -DPICOLIBC_INTEGER_PRINTF_SCANF -MMD -MP -MF"src/i2c_controller.d" -MT"src/i2c_controller.o" -c -o "src/i2c_controller.o" "../src/i2c_controller.c"
../src/i2c_controller.c: In function 'i2c_bus_set':
../src/i2c_controller.c:58:2: warning: implicit declaration of function 'elif' [-Wimplicit-function-declaration]
   58 |  elif(n==I2C_BUS2)
      |  ^~~~
../src/i2c_controller.c:58:19: error: expected ';' before '{' token
   58 |  elif(n==I2C_BUS2)
      |                   ^
      |                   ;
   59 |  {
      |  ~                 
../src/i2c_controller.c: In function 'i2c_read':
../src/i2c_controller.c:319:5: error: too few arguments to function 'i2c_start'
  319 |     i2c_start();
      |     ^~~~~~~~~
../src/i2c_controller.c:78:16: note: declared here
   78 | static uint8_t i2c_start(uint8_t slave)
      |                ^~~~~~~~~
make[1]: *** [src/subdir.mk:29: src/i2c_controller.o] Error 1
make: *** [makefile:61: all] Error 2
"make all" terminated with exit code 2. Build might be incomplete.
16:25:58 **** Incremental Build of configuration Debug for project ice40_nano ****
make all 
Building file: ../src/i2c_controller.c
Invoking: GNU RISC-V Cross C Compiler
riscv-none-embed-gcc -march=rv32i -mabi=ilp32 -msmall-data-limit=8 -mno-save-restore -O0 -fmessage-length=0 -fsigned-char -ffunction-sections -fdata-sections  -g3 -DLSCC_STDIO_UART_APB -I"O:\src\Propel\iCE40UP\ice40_nano\ws\ice40_nano/src" -I"O:\src\Propel\iCE40UP\ice40_nano\ws\ice40_nano/src/bsp" -I"O:\src\Propel\iCE40UP\ice40_nano\ws\ice40_nano/src/bsp/driver" -I"O:\src\Propel\iCE40UP\ice40_nano\ws\ice40_nano/src/bsp/driver/gpio" -I"O:\src\Propel\iCE40UP\ice40_nano\ws\ice40_nano/src/bsp/driver/riscv_nano" -I"O:\src\Propel\iCE40UP\ice40_nano\ws\ice40_nano/src/bsp/driver/uart" -I"O:\src\Propel\iCE40UP\ice40_nano\ws\ice40_nano/src/bsp/driver/timer" -std=gnu11 --specs=picolibc.specs -DPICOLIBC_INTEGER_PRINTF_SCANF -MMD -MP -MF"src/i2c_controller.d" -MT"src/i2c_controller.o" -c -o "src/i2c_controller.o" "../src/i2c_controller.c"
../src/i2c_controller.c: In function 'i2c_bus_set':
../src/i2c_controller.c:58:2: warning: implicit declaration of function 'elsif' [-Wimplicit-function-declaration]
   58 |  elsif(n==I2C_BUS2)
      |  ^~~~~
../src/i2c_controller.c:58:20: error: expected ';' before '{' token
   58 |  elsif(n==I2C_BUS2)
      |                    ^
      |                    ;
   59 |  {
      |  ~                  
../src/i2c_controller.c: In function 'i2c_read':
../src/i2c_controller.c:319:5: error: too few arguments to function 'i2c_start'
  319 |     i2c_start();
      |     ^~~~~~~~~
../src/i2c_controller.c:78:16: note: declared here
   78 | static uint8_t i2c_start(uint8_t slave)
      |                ^~~~~~~~~
make[1]: *** [src/subdir.mk:29: src/i2c_controller.o] Error 1
make: *** [makefile:61: all] Error 2
"make all" terminated with exit code 2. Build might be incomplete.
16:26:10 **** Incremental Build of configuration Debug for project ice40_nano ****
make all 
Building file: ../src/i2c_controller.c
Invoking: GNU RISC-V Cross C Compiler
riscv-none-embed-gcc -march=rv32i -mabi=ilp32 -msmall-data-limit=8 -mno-save-restore -O0 -fmessage-length=0 -fsigned-char -ffunction-sections -fdata-sections  -g3 -DLSCC_STDIO_UART_APB -I"O:\src\Propel\iCE40UP\ice40_nano\ws\ice40_nano/src" -I"O:\src\Propel\iCE40UP\ice40_nano\ws\ice40_nano/src/bsp" -I"O:\src\Propel\iCE40UP\ice40_nano\ws\ice40_nano/src/bsp/driver" -I"O:\src\Propel\iCE40UP\ice40_nano\ws\ice40_nano/src/bsp/driver/gpio" -I"O:\src\Propel\iCE40UP\ice40_nano\ws\ice40_nano/src/bsp/driver/riscv_nano" -I"O:\src\Propel\iCE40UP\ice40_nano\ws\ice40_nano/src/bsp/driver/uart" -I"O:\src\Propel\iCE40UP\ice40_nano\ws\ice40_nano/src/bsp/driver/timer" -std=gnu11 --specs=picolibc.specs -DPICOLIBC_INTEGER_PRINTF_SCANF -MMD -MP -MF"src/i2c_controller.d" -MT"src/i2c_controller.o" -c -o "src/i2c_controller.o" "../src/i2c_controller.c"
../src/i2c_controller.c: In function 'i2c_read':
../src/i2c_controller.c:319:5: error: too few arguments to function 'i2c_start'
  319 |     i2c_start();
      |     ^~~~~~~~~
../src/i2c_controller.c:78:16: note: declared here
   78 | static uint8_t i2c_start(uint8_t slave)
      |                ^~~~~~~~~
make[1]: *** [src/subdir.mk:29: src/i2c_controller.o] Error 1
make: *** [makefile:61: all] Error 2
"make all" terminated with exit code 2. Build might be incomplete.
16:27:14 **** Incremental Build of configuration Debug for project ice40_nano ****
make all 
Building file: ../src/i2c_controller.c
Invoking: GNU RISC-V Cross C Compiler
riscv-none-embed-gcc -march=rv32i -mabi=ilp32 -msmall-data-limit=8 -mno-save-restore -O0 -fmessage-length=0 -fsigned-char -ffunction-sections -fdata-sections  -g3 -DLSCC_STDIO_UART_APB -I"O:\src\Propel\iCE40UP\ice40_nano\ws\ice40_nano/src" -I"O:\src\Propel\iCE40UP\ice40_nano\ws\ice40_nano/src/bsp" -I"O:\src\Propel\iCE40UP\ice40_nano\ws\ice40_nano/src/bsp/driver" -I"O:\src\Propel\iCE40UP\ice40_nano\ws\ice40_nano/src/bsp/driver/gpio" -I"O:\src\Propel\iCE40UP\ice40_nano\ws\ice40_nano/src/bsp/driver/riscv_nano" -I"O:\src\Propel\iCE40UP\ice40_nano\ws\ice40_nano/src/bsp/driver/uart" -I"O:\src\Propel\iCE40UP\ice40_nano\ws\ice40_nano/src/bsp/driver/timer" -std=gnu11 --specs=picolibc.specs -DPICOLIBC_INTEGER_PRINTF_SCANF -MMD -MP -MF"src/i2c_controller.d" -MT"src/i2c_controller.o" -c -o "src/i2c_controller.o" "../src/i2c_controller.c"
Finished building: ../src/i2c_controller.c
 
Building file: ../src/lib_ov08x.c
Invoking: GNU RISC-V Cross C Compiler
riscv-none-embed-gcc -march=rv32i -mabi=ilp32 -msmall-data-limit=8 -mno-save-restore -O0 -fmessage-length=0 -fsigned-char -ffunction-sections -fdata-sections  -g3 -DLSCC_STDIO_UART_APB -I"O:\src\Propel\iCE40UP\ice40_nano\ws\ice40_nano/src" -I"O:\src\Propel\iCE40UP\ice40_nano\ws\ice40_nano/src/bsp" -I"O:\src\Propel\iCE40UP\ice40_nano\ws\ice40_nano/src/bsp/driver" -I"O:\src\Propel\iCE40UP\ice40_nano\ws\ice40_nano/src/bsp/driver/gpio" -I"O:\src\Propel\iCE40UP\ice40_nano\ws\ice40_nano/src/bsp/driver/riscv_nano" -I"O:\src\Propel\iCE40UP\ice40_nano\ws\ice40_nano/src/bsp/driver/uart" -I"O:\src\Propel\iCE40UP\ice40_nano\ws\ice40_nano/src/bsp/driver/timer" -std=gnu11 --specs=picolibc.specs -DPICOLIBC_INTEGER_PRINTF_SCANF -MMD -MP -MF"src/lib_ov08x.d" -MT"src/lib_ov08x.o" -c -o "src/lib_ov08x.o" "../src/lib_ov08x.c"
Finished building: ../src/lib_ov08x.c
 
Building target: ice40_nano.elf
Invoking: GNU RISC-V Cross C Linker
riscv-none-embed-gcc -march=rv32i -mabi=ilp32 -msmall-data-limit=8 -mno-save-restore -O0 -fmessage-length=0 -fsigned-char -ffunction-sections -fdata-sections  -g3 -T "O:/src/Propel/iCE40UP/ice40_nano/ws/ice40_nano/src/linker.ld" -nostartfiles -Xlinker --gc-sections -Wl,-Map,"ice40_nano.map" --specs=picolibc.specs -DPICOLIBC_INTEGER_PRINTF_SCANF -o "ice40_nano.elf"  ./src/bsp/driver/uart/uart.o  ./src/bsp/driver/timer/timer.o  ./src/bsp/driver/riscv_nano/crt0.o ./src/bsp/driver/riscv_nano/exit.o ./src/bsp/driver/riscv_nano/interrupt.o ./src/bsp/driver/riscv_nano/iob.o ./src/bsp/driver/riscv_nano/pic.o ./src/bsp/driver/riscv_nano/reg_access.o ./src/bsp/driver/riscv_nano/util.o  ./src/bsp/driver/gpio/gpio.o  ./src/bsp/reg_test.o  ./src/i2c_controller.o ./src/lib_ov08x.o ./src/main.o ./src/utils.o   
Finished building target: ice40_nano.elf
 
Invoking: GNU RISC-V Cross Create Listing
riscv-none-embed-objdump --source --all-headers --demangle --line-numbers --wide "ice40_nano.elf" > "ice40_nano.lst"
Finished building: ice40_nano.lst
 
Invoking: GNU RISC-V Cross Print Size
riscv-none-embed-size --format=berkeley "ice40_nano.elf"
   text	   data	    bss	    dec	    hex	filename
  10064	     12	   2980	  13056	   3300	ice40_nano.elf
Finished building: ice40_nano.siz
 
Invoking: Lattice Multi Memory Deployment (CODE SEGMENT)
riscv-none-embed-objcopy -O binary --gap-fill 0 -j .text -j .data -j .bss -j .ctors -j .dtors -j .rodata "ice40_nano.elf" tmp; srec_cat tmp -Binary -byte-swap 4 -DISable Header -Output "ice40_nano_Code.mem" -MEM 32
Finished building: ice40_nano_Code.mem
 
Invoking: Lattice Multi Memory Deployment (DATA SEGMENT)
riscv-none-embed-objcopy -O binary --gap-fill 0 -j .data -j .bss "ice40_nano.elf" tmp; srec_cat tmp -Binary -byte-swap 4 -DISable Header -Output "ice40_nano_Data.mem" -MEM 32
Finished building: ice40_nano_Data.mem
 
post build
post_build.bat

O:\src\Propel\iCE40UP\ice40_nano\ws\ice40_nano\Debug>copy /y ice40_nano_Code.mem ..\..\..\tb  
        1 file(s) copied.

O:\src\Propel\iCE40UP\ice40_nano\ws\ice40_nano\Debug>python mem2bin.py ice40_nano_Code.mem ice40_nano_Code.bin -be 

O:\src\Propel\iCE40UP\ice40_nano\ws\ice40_nano\Debug>python mem2bin.py ice40_nano_Data.mem ice40_nano_Data.bin -be 
 
16:34:16 **** Incremental Build of configuration Debug for project ice40_nano ****
make all 
Building file: ../src/i2c_controller.c
Invoking: GNU RISC-V Cross C Compiler
riscv-none-embed-gcc -march=rv32i -mabi=ilp32 -msmall-data-limit=8 -mno-save-restore -O0 -fmessage-length=0 -fsigned-char -ffunction-sections -fdata-sections  -g3 -DLSCC_STDIO_UART_APB -I"O:\src\Propel\iCE40UP\ice40_nano\ws\ice40_nano/src" -I"O:\src\Propel\iCE40UP\ice40_nano\ws\ice40_nano/src/bsp" -I"O:\src\Propel\iCE40UP\ice40_nano\ws\ice40_nano/src/bsp/driver" -I"O:\src\Propel\iCE40UP\ice40_nano\ws\ice40_nano/src/bsp/driver/gpio" -I"O:\src\Propel\iCE40UP\ice40_nano\ws\ice40_nano/src/bsp/driver/riscv_nano" -I"O:\src\Propel\iCE40UP\ice40_nano\ws\ice40_nano/src/bsp/driver/uart" -I"O:\src\Propel\iCE40UP\ice40_nano\ws\ice40_nano/src/bsp/driver/timer" -std=gnu11 --specs=picolibc.specs -DPICOLIBC_INTEGER_PRINTF_SCANF -MMD -MP -MF"src/i2c_controller.d" -MT"src/i2c_controller.o" -c -o "src/i2c_controller.o" "../src/i2c_controller.c"
Finished building: ../src/i2c_controller.c
 
Building target: ice40_nano.elf
Invoking: GNU RISC-V Cross C Linker
riscv-none-embed-gcc -march=rv32i -mabi=ilp32 -msmall-data-limit=8 -mno-save-restore -O0 -fmessage-length=0 -fsigned-char -ffunction-sections -fdata-sections  -g3 -T "O:/src/Propel/iCE40UP/ice40_nano/ws/ice40_nano/src/linker.ld" -nostartfiles -Xlinker --gc-sections -Wl,-Map,"ice40_nano.map" --specs=picolibc.specs -DPICOLIBC_INTEGER_PRINTF_SCANF -o "ice40_nano.elf"  ./src/bsp/driver/uart/uart.o  ./src/bsp/driver/timer/timer.o  ./src/bsp/driver/riscv_nano/crt0.o ./src/bsp/driver/riscv_nano/exit.o ./src/bsp/driver/riscv_nano/interrupt.o ./src/bsp/driver/riscv_nano/iob.o ./src/bsp/driver/riscv_nano/pic.o ./src/bsp/driver/riscv_nano/reg_access.o ./src/bsp/driver/riscv_nano/util.o  ./src/bsp/driver/gpio/gpio.o  ./src/bsp/reg_test.o  ./src/i2c_controller.o ./src/lib_ov08x.o ./src/main.o ./src/utils.o   
Finished building target: ice40_nano.elf
 
Invoking: GNU RISC-V Cross Create Listing
riscv-none-embed-objdump --source --all-headers --demangle --line-numbers --wide "ice40_nano.elf" > "ice40_nano.lst"
Finished building: ice40_nano.lst
 
Invoking: GNU RISC-V Cross Print Size
riscv-none-embed-size --format=berkeley "ice40_nano.elf"
   text	   data	    bss	    dec	    hex	filename
  10064	     12	   2980	  13056	   3300	ice40_nano.elf
Finished building: ice40_nano.siz
 
Invoking: Lattice Multi Memory Deployment (CODE SEGMENT)
riscv-none-embed-objcopy -O binary --gap-fill 0 -j .text -j .data -j .bss -j .ctors -j .dtors -j .rodata "ice40_nano.elf" tmp; srec_cat tmp -Binary -byte-swap 4 -DISable Header -Output "ice40_nano_Code.mem" -MEM 32
Finished building: ice40_nano_Code.mem
 
Invoking: Lattice Multi Memory Deployment (DATA SEGMENT)
riscv-none-embed-objcopy -O binary --gap-fill 0 -j .data -j .bss "ice40_nano.elf" tmp; srec_cat tmp -Binary -byte-swap 4 -DISable Header -Output "ice40_nano_Data.mem" -MEM 32
Finished building: ice40_nano_Data.mem
 
post build
post_build.bat

O:\src\Propel\iCE40UP\ice40_nano\ws\ice40_nano\Debug>copy /y ice40_nano_Code.mem ..\..\..\tb  
        1 file(s) copied.

O:\src\Propel\iCE40UP\ice40_nano\ws\ice40_nano\Debug>python mem2bin.py ice40_nano_Code.mem ice40_nano_Code.bin -be 

O:\src\Propel\iCE40UP\ice40_nano\ws\ice40_nano\Debug>python mem2bin.py ice40_nano_Data.mem ice40_nano_Data.bin -be 
 
16:53:08 **** Incremental Build of configuration Debug for project ice40_nano ****
make all 
Building file: ../src/i2c_controller.c
Invoking: GNU RISC-V Cross C Compiler
riscv-none-embed-gcc -march=rv32i -mabi=ilp32 -msmall-data-limit=8 -mno-save-restore -O0 -fmessage-length=0 -fsigned-char -ffunction-sections -fdata-sections  -g3 -DLSCC_STDIO_UART_APB -I"O:\src\Propel\iCE40UP\ice40_nano\ws\ice40_nano/src" -I"O:\src\Propel\iCE40UP\ice40_nano\ws\ice40_nano/src/bsp" -I"O:\src\Propel\iCE40UP\ice40_nano\ws\ice40_nano/src/bsp/driver" -I"O:\src\Propel\iCE40UP\ice40_nano\ws\ice40_nano/src/bsp/driver/gpio" -I"O:\src\Propel\iCE40UP\ice40_nano\ws\ice40_nano/src/bsp/driver/riscv_nano" -I"O:\src\Propel\iCE40UP\ice40_nano\ws\ice40_nano/src/bsp/driver/uart" -I"O:\src\Propel\iCE40UP\ice40_nano\ws\ice40_nano/src/bsp/driver/timer" -std=gnu11 --specs=picolibc.specs -DPICOLIBC_INTEGER_PRINTF_SCANF -MMD -MP -MF"src/i2c_controller.d" -MT"src/i2c_controller.o" -c -o "src/i2c_controller.o" "../src/i2c_controller.c"
Finished building: ../src/i2c_controller.c
 
Building target: ice40_nano.elf
Invoking: GNU RISC-V Cross C Linker
riscv-none-embed-gcc -march=rv32i -mabi=ilp32 -msmall-data-limit=8 -mno-save-restore -O0 -fmessage-length=0 -fsigned-char -ffunction-sections -fdata-sections  -g3 -T "O:/src/Propel/iCE40UP/ice40_nano/ws/ice40_nano/src/linker.ld" -nostartfiles -Xlinker --gc-sections -Wl,-Map,"ice40_nano.map" --specs=picolibc.specs -DPICOLIBC_INTEGER_PRINTF_SCANF -o "ice40_nano.elf"  ./src/bsp/driver/uart/uart.o  ./src/bsp/driver/timer/timer.o  ./src/bsp/driver/riscv_nano/crt0.o ./src/bsp/driver/riscv_nano/exit.o ./src/bsp/driver/riscv_nano/interrupt.o ./src/bsp/driver/riscv_nano/iob.o ./src/bsp/driver/riscv_nano/pic.o ./src/bsp/driver/riscv_nano/reg_access.o ./src/bsp/driver/riscv_nano/util.o  ./src/bsp/driver/gpio/gpio.o  ./src/bsp/reg_test.o  ./src/i2c_controller.o ./src/lib_ov08x.o ./src/main.o ./src/utils.o   
Finished building target: ice40_nano.elf
 
Invoking: GNU RISC-V Cross Create Listing
riscv-none-embed-objdump --source --all-headers --demangle --line-numbers --wide "ice40_nano.elf" > "ice40_nano.lst"
Finished building: ice40_nano.lst
 
Invoking: GNU RISC-V Cross Print Size
riscv-none-embed-size --format=berkeley "ice40_nano.elf"
   text	   data	    bss	    dec	    hex	filename
  10168	      8	   2976	  13152	   3360	ice40_nano.elf
Finished building: ice40_nano.siz
 
Invoking: Lattice Multi Memory Deployment (CODE SEGMENT)
riscv-none-embed-objcopy -O binary --gap-fill 0 -j .text -j .data -j .bss -j .ctors -j .dtors -j .rodata "ice40_nano.elf" tmp; srec_cat tmp -Binary -byte-swap 4 -DISable Header -Output "ice40_nano_Code.mem" -MEM 32
Finished building: ice40_nano_Code.mem
 
Invoking: Lattice Multi Memory Deployment (DATA SEGMENT)
riscv-none-embed-objcopy -O binary --gap-fill 0 -j .data -j .bss "ice40_nano.elf" tmp; srec_cat tmp -Binary -byte-swap 4 -DISable Header -Output "ice40_nano_Data.mem" -MEM 32
Finished building: ice40_nano_Data.mem
 
post build
post_build.bat

O:\src\Propel\iCE40UP\ice40_nano\ws\ice40_nano\Debug>copy /y ice40_nano_Code.mem ..\..\..\tb  
        1 file(s) copied.

O:\src\Propel\iCE40UP\ice40_nano\ws\ice40_nano\Debug>python mem2bin.py ice40_nano_Code.mem ice40_nano_Code.bin -be 

O:\src\Propel\iCE40UP\ice40_nano\ws\ice40_nano\Debug>python mem2bin.py ice40_nano_Data.mem ice40_nano_Data.bin -be 
 
16:59:57 **** Incremental Build of configuration Debug for project ice40_nano ****
make all 
Building file: ../src/i2c_controller.c
Invoking: GNU RISC-V Cross C Compiler
riscv-none-embed-gcc -march=rv32i -mabi=ilp32 -msmall-data-limit=8 -mno-save-restore -O0 -fmessage-length=0 -fsigned-char -ffunction-sections -fdata-sections  -g3 -DLSCC_STDIO_UART_APB -I"O:\src\Propel\iCE40UP\ice40_nano\ws\ice40_nano/src" -I"O:\src\Propel\iCE40UP\ice40_nano\ws\ice40_nano/src/bsp" -I"O:\src\Propel\iCE40UP\ice40_nano\ws\ice40_nano/src/bsp/driver" -I"O:\src\Propel\iCE40UP\ice40_nano\ws\ice40_nano/src/bsp/driver/gpio" -I"O:\src\Propel\iCE40UP\ice40_nano\ws\ice40_nano/src/bsp/driver/riscv_nano" -I"O:\src\Propel\iCE40UP\ice40_nano\ws\ice40_nano/src/bsp/driver/uart" -I"O:\src\Propel\iCE40UP\ice40_nano\ws\ice40_nano/src/bsp/driver/timer" -std=gnu11 --specs=picolibc.specs -DPICOLIBC_INTEGER_PRINTF_SCANF -MMD -MP -MF"src/i2c_controller.d" -MT"src/i2c_controller.o" -c -o "src/i2c_controller.o" "../src/i2c_controller.c"
Finished building: ../src/i2c_controller.c
 
Building target: ice40_nano.elf
Invoking: GNU RISC-V Cross C Linker
riscv-none-embed-gcc -march=rv32i -mabi=ilp32 -msmall-data-limit=8 -mno-save-restore -O0 -fmessage-length=0 -fsigned-char -ffunction-sections -fdata-sections  -g3 -T "O:/src/Propel/iCE40UP/ice40_nano/ws/ice40_nano/src/linker.ld" -nostartfiles -Xlinker --gc-sections -Wl,-Map,"ice40_nano.map" --specs=picolibc.specs -DPICOLIBC_INTEGER_PRINTF_SCANF -o "ice40_nano.elf"  ./src/bsp/driver/uart/uart.o  ./src/bsp/driver/timer/timer.o  ./src/bsp/driver/riscv_nano/crt0.o ./src/bsp/driver/riscv_nano/exit.o ./src/bsp/driver/riscv_nano/interrupt.o ./src/bsp/driver/riscv_nano/iob.o ./src/bsp/driver/riscv_nano/pic.o ./src/bsp/driver/riscv_nano/reg_access.o ./src/bsp/driver/riscv_nano/util.o  ./src/bsp/driver/gpio/gpio.o  ./src/bsp/reg_test.o  ./src/i2c_controller.o ./src/lib_ov08x.o ./src/main.o ./src/utils.o   
Finished building target: ice40_nano.elf
 
Invoking: GNU RISC-V Cross Create Listing
riscv-none-embed-objdump --source --all-headers --demangle --line-numbers --wide "ice40_nano.elf" > "ice40_nano.lst"
Finished building: ice40_nano.lst
 
Invoking: GNU RISC-V Cross Print Size
riscv-none-embed-size --format=berkeley "ice40_nano.elf"
   text	   data	    bss	    dec	    hex	filename
  10140	      8	   2976	  13124	   3344	ice40_nano.elf
Finished building: ice40_nano.siz
 
Invoking: Lattice Multi Memory Deployment (CODE SEGMENT)
riscv-none-embed-objcopy -O binary --gap-fill 0 -j .text -j .data -j .bss -j .ctors -j .dtors -j .rodata "ice40_nano.elf" tmp; srec_cat tmp -Binary -byte-swap 4 -DISable Header -Output "ice40_nano_Code.mem" -MEM 32
Finished building: ice40_nano_Code.mem
 
Invoking: Lattice Multi Memory Deployment (DATA SEGMENT)
riscv-none-embed-objcopy -O binary --gap-fill 0 -j .data -j .bss "ice40_nano.elf" tmp; srec_cat tmp -Binary -byte-swap 4 -DISable Header -Output "ice40_nano_Data.mem" -MEM 32
Finished building: ice40_nano_Data.mem
 
post build
post_build.bat

O:\src\Propel\iCE40UP\ice40_nano\ws\ice40_nano\Debug>copy /y ice40_nano_Code.mem ..\..\..\tb  
        1 file(s) copied.

O:\src\Propel\iCE40UP\ice40_nano\ws\ice40_nano\Debug>python mem2bin.py ice40_nano_Code.mem ice40_nano_Code.bin -be 

O:\src\Propel\iCE40UP\ice40_nano\ws\ice40_nano\Debug>python mem2bin.py ice40_nano_Data.mem ice40_nano_Data.bin -be 
 
07:27:58 **** Build of configuration Debug for project ice40_nano ****
make all 
Building file: ../src/main.c
Invoking: GNU RISC-V Cross C Compiler
riscv-none-embed-gcc -march=rv32i -mabi=ilp32 -msmall-data-limit=8 -mno-save-restore -O0 -fmessage-length=0 -fsigned-char -ffunction-sections -fdata-sections  -g3 -DLSCC_STDIO_UART_APB -I"O:\src\Propel\iCE40UP\ice40_nano\ws\ice40_nano/src" -I"O:\src\Propel\iCE40UP\ice40_nano\ws\ice40_nano/src/bsp" -I"O:\src\Propel\iCE40UP\ice40_nano\ws\ice40_nano/src/bsp/driver" -I"O:\src\Propel\iCE40UP\ice40_nano\ws\ice40_nano/src/bsp/driver/gpio" -I"O:\src\Propel\iCE40UP\ice40_nano\ws\ice40_nano/src/bsp/driver/riscv_nano" -I"O:\src\Propel\iCE40UP\ice40_nano\ws\ice40_nano/src/bsp/driver/uart" -I"O:\src\Propel\iCE40UP\ice40_nano\ws\ice40_nano/src/bsp/driver/timer" -std=gnu11 --specs=picolibc.specs -DPICOLIBC_INTEGER_PRINTF_SCANF -MMD -MP -MF"src/main.d" -MT"src/main.o" -c -o "src/main.o" "../src/main.c"
../src/main.c: In function 'main':
../src/main.c:139:2: warning: implicit declaration of function 'i2c_init'; did you mean 'iob_init'? [-Wimplicit-function-declaration]
  139 |  i2c_init(I2C_SYS_CLK_FREQ);
      |  ^~~~~~~~
      |  iob_init
Finished building: ../src/main.c
 
Building target: ice40_nano.elf
Invoking: GNU RISC-V Cross C Linker
riscv-none-embed-gcc -march=rv32i -mabi=ilp32 -msmall-data-limit=8 -mno-save-restore -O0 -fmessage-length=0 -fsigned-char -ffunction-sections -fdata-sections  -g3 -T "O:/src/Propel/iCE40UP/ice40_nano/ws/ice40_nano/src/linker.ld" -nostartfiles -Xlinker --gc-sections -Wl,-Map,"ice40_nano.map" --specs=picolibc.specs -DPICOLIBC_INTEGER_PRINTF_SCANF -o "ice40_nano.elf"  ./src/bsp/driver/uart/uart.o  ./src/bsp/driver/timer/timer.o  ./src/bsp/driver/riscv_nano/crt0.o ./src/bsp/driver/riscv_nano/exit.o ./src/bsp/driver/riscv_nano/interrupt.o ./src/bsp/driver/riscv_nano/iob.o ./src/bsp/driver/riscv_nano/pic.o ./src/bsp/driver/riscv_nano/reg_access.o ./src/bsp/driver/riscv_nano/util.o  ./src/bsp/driver/gpio/gpio.o  ./src/bsp/reg_test.o  ./src/i2c_controller.o ./src/lib_ov08x.o ./src/main.o ./src/utils.o   
Finished building target: ice40_nano.elf
 
Invoking: GNU RISC-V Cross Create Listing
riscv-none-embed-objdump --source --all-headers --demangle --line-numbers --wide "ice40_nano.elf" > "ice40_nano.lst"
Finished building: ice40_nano.lst
 
Invoking: GNU RISC-V Cross Print Size
riscv-none-embed-size --format=berkeley "ice40_nano.elf"
   text	   data	    bss	    dec	    hex	filename
  10136	      8	   2976	  13120	   3340	ice40_nano.elf
Finished building: ice40_nano.siz
 
Invoking: Lattice Multi Memory Deployment (CODE SEGMENT)
riscv-none-embed-objcopy -O binary --gap-fill 0 -j .text -j .data -j .bss -j .ctors -j .dtors -j .rodata "ice40_nano.elf" tmp; srec_cat tmp -Binary -byte-swap 4 -DISable Header -Output "ice40_nano_Code.mem" -MEM 32
Finished building: ice40_nano_Code.mem
 
Invoking: Lattice Multi Memory Deployment (DATA SEGMENT)
riscv-none-embed-objcopy -O binary --gap-fill 0 -j .data -j .bss "ice40_nano.elf" tmp; srec_cat tmp -Binary -byte-swap 4 -DISable Header -Output "ice40_nano_Data.mem" -MEM 32
Finished building: ice40_nano_Data.mem
 
post build
post_build.bat

O:\src\Propel\iCE40UP\ice40_nano\ws\ice40_nano\Debug>copy /y ice40_nano_Code.mem ..\..\..\tb  
        1 file(s) copied.

O:\src\Propel\iCE40UP\ice40_nano\ws\ice40_nano\Debug>python mem2bin.py ice40_nano_Code.mem ice40_nano_Code.bin -be 

O:\src\Propel\iCE40UP\ice40_nano\ws\ice40_nano\Debug>python mem2bin.py ice40_nano_Data.mem ice40_nano_Data.bin -be 
 
07:32:07 **** Incremental Build of configuration Debug for project ice40_nano ****
make all 
Building file: ../src/i2c_controller.c
Invoking: GNU RISC-V Cross C Compiler
riscv-none-embed-gcc -march=rv32i -mabi=ilp32 -msmall-data-limit=8 -mno-save-restore -O0 -fmessage-length=0 -fsigned-char -ffunction-sections -fdata-sections  -g3 -DLSCC_STDIO_UART_APB -I"O:\src\Propel\iCE40UP\ice40_nano\ws\ice40_nano/src" -I"O:\src\Propel\iCE40UP\ice40_nano\ws\ice40_nano/src/bsp" -I"O:\src\Propel\iCE40UP\ice40_nano\ws\ice40_nano/src/bsp/driver" -I"O:\src\Propel\iCE40UP\ice40_nano\ws\ice40_nano/src/bsp/driver/gpio" -I"O:\src\Propel\iCE40UP\ice40_nano\ws\ice40_nano/src/bsp/driver/riscv_nano" -I"O:\src\Propel\iCE40UP\ice40_nano\ws\ice40_nano/src/bsp/driver/uart" -I"O:\src\Propel\iCE40UP\ice40_nano\ws\ice40_nano/src/bsp/driver/timer" -std=gnu11 --specs=picolibc.specs -DPICOLIBC_INTEGER_PRINTF_SCANF -MMD -MP -MF"src/i2c_controller.d" -MT"src/i2c_controller.o" -c -o "src/i2c_controller.o" "../src/i2c_controller.c"
Finished building: ../src/i2c_controller.c
 
Building file: ../src/lib_ov08x.c
Invoking: GNU RISC-V Cross C Compiler
riscv-none-embed-gcc -march=rv32i -mabi=ilp32 -msmall-data-limit=8 -mno-save-restore -O0 -fmessage-length=0 -fsigned-char -ffunction-sections -fdata-sections  -g3 -DLSCC_STDIO_UART_APB -I"O:\src\Propel\iCE40UP\ice40_nano\ws\ice40_nano/src" -I"O:\src\Propel\iCE40UP\ice40_nano\ws\ice40_nano/src/bsp" -I"O:\src\Propel\iCE40UP\ice40_nano\ws\ice40_nano/src/bsp/driver" -I"O:\src\Propel\iCE40UP\ice40_nano\ws\ice40_nano/src/bsp/driver/gpio" -I"O:\src\Propel\iCE40UP\ice40_nano\ws\ice40_nano/src/bsp/driver/riscv_nano" -I"O:\src\Propel\iCE40UP\ice40_nano\ws\ice40_nano/src/bsp/driver/uart" -I"O:\src\Propel\iCE40UP\ice40_nano\ws\ice40_nano/src/bsp/driver/timer" -std=gnu11 --specs=picolibc.specs -DPICOLIBC_INTEGER_PRINTF_SCANF -MMD -MP -MF"src/lib_ov08x.d" -MT"src/lib_ov08x.o" -c -o "src/lib_ov08x.o" "../src/lib_ov08x.c"
Finished building: ../src/lib_ov08x.c
 
Building file: ../src/main.c
Invoking: GNU RISC-V Cross C Compiler
riscv-none-embed-gcc -march=rv32i -mabi=ilp32 -msmall-data-limit=8 -mno-save-restore -O0 -fmessage-length=0 -fsigned-char -ffunction-sections -fdata-sections  -g3 -DLSCC_STDIO_UART_APB -I"O:\src\Propel\iCE40UP\ice40_nano\ws\ice40_nano/src" -I"O:\src\Propel\iCE40UP\ice40_nano\ws\ice40_nano/src/bsp" -I"O:\src\Propel\iCE40UP\ice40_nano\ws\ice40_nano/src/bsp/driver" -I"O:\src\Propel\iCE40UP\ice40_nano\ws\ice40_nano/src/bsp/driver/gpio" -I"O:\src\Propel\iCE40UP\ice40_nano\ws\ice40_nano/src/bsp/driver/riscv_nano" -I"O:\src\Propel\iCE40UP\ice40_nano\ws\ice40_nano/src/bsp/driver/uart" -I"O:\src\Propel\iCE40UP\ice40_nano\ws\ice40_nano/src/bsp/driver/timer" -std=gnu11 --specs=picolibc.specs -DPICOLIBC_INTEGER_PRINTF_SCANF -MMD -MP -MF"src/main.d" -MT"src/main.o" -c -o "src/main.o" "../src/main.c"
Finished building: ../src/main.c
 
Building target: ice40_nano.elf
Invoking: GNU RISC-V Cross C Linker
riscv-none-embed-gcc -march=rv32i -mabi=ilp32 -msmall-data-limit=8 -mno-save-restore -O0 -fmessage-length=0 -fsigned-char -ffunction-sections -fdata-sections  -g3 -T "O:/src/Propel/iCE40UP/ice40_nano/ws/ice40_nano/src/linker.ld" -nostartfiles -Xlinker --gc-sections -Wl,-Map,"ice40_nano.map" --specs=picolibc.specs -DPICOLIBC_INTEGER_PRINTF_SCANF -o "ice40_nano.elf"  ./src/bsp/driver/uart/uart.o  ./src/bsp/driver/timer/timer.o  ./src/bsp/driver/riscv_nano/crt0.o ./src/bsp/driver/riscv_nano/exit.o ./src/bsp/driver/riscv_nano/interrupt.o ./src/bsp/driver/riscv_nano/iob.o ./src/bsp/driver/riscv_nano/pic.o ./src/bsp/driver/riscv_nano/reg_access.o ./src/bsp/driver/riscv_nano/util.o  ./src/bsp/driver/gpio/gpio.o  ./src/bsp/reg_test.o  ./src/i2c_controller.o ./src/lib_ov08x.o ./src/main.o ./src/utils.o   
Finished building target: ice40_nano.elf
 
Invoking: GNU RISC-V Cross Create Listing
riscv-none-embed-objdump --source --all-headers --demangle --line-numbers --wide "ice40_nano.elf" > "ice40_nano.lst"
Finished building: ice40_nano.lst
 
Invoking: GNU RISC-V Cross Print Size
riscv-none-embed-size --format=berkeley "ice40_nano.elf"
   text	   data	    bss	    dec	    hex	filename
  10136	      8	   2976	  13120	   3340	ice40_nano.elf
Finished building: ice40_nano.siz
 
Invoking: Lattice Multi Memory Deployment (CODE SEGMENT)
riscv-none-embed-objcopy -O binary --gap-fill 0 -j .text -j .data -j .bss -j .ctors -j .dtors -j .rodata "ice40_nano.elf" tmp; srec_cat tmp -Binary -byte-swap 4 -DISable Header -Output "ice40_nano_Code.mem" -MEM 32
Finished building: ice40_nano_Code.mem
 
Invoking: Lattice Multi Memory Deployment (DATA SEGMENT)
riscv-none-embed-objcopy -O binary --gap-fill 0 -j .data -j .bss "ice40_nano.elf" tmp; srec_cat tmp -Binary -byte-swap 4 -DISable Header -Output "ice40_nano_Data.mem" -MEM 32
Finished building: ice40_nano_Data.mem
 
post build
post_build.bat

O:\src\Propel\iCE40UP\ice40_nano\ws\ice40_nano\Debug>copy /y ice40_nano_Code.mem ..\..\..\tb  
        1 file(s) copied.

O:\src\Propel\iCE40UP\ice40_nano\ws\ice40_nano\Debug>python mem2bin.py ice40_nano_Code.mem ice40_nano_Code.bin -be 

O:\src\Propel\iCE40UP\ice40_nano\ws\ice40_nano\Debug>python mem2bin.py ice40_nano_Data.mem ice40_nano_Data.bin -be 
 
07:32:44 **** Incremental Build of configuration Debug for project ice40_nano ****
make all 
Building file: ../src/main.c
Invoking: GNU RISC-V Cross C Compiler
riscv-none-embed-gcc -march=rv32i -mabi=ilp32 -msmall-data-limit=8 -mno-save-restore -O0 -fmessage-length=0 -fsigned-char -ffunction-sections -fdata-sections  -g3 -DLSCC_STDIO_UART_APB -I"O:\src\Propel\iCE40UP\ice40_nano\ws\ice40_nano/src" -I"O:\src\Propel\iCE40UP\ice40_nano\ws\ice40_nano/src/bsp" -I"O:\src\Propel\iCE40UP\ice40_nano\ws\ice40_nano/src/bsp/driver" -I"O:\src\Propel\iCE40UP\ice40_nano\ws\ice40_nano/src/bsp/driver/gpio" -I"O:\src\Propel\iCE40UP\ice40_nano\ws\ice40_nano/src/bsp/driver/riscv_nano" -I"O:\src\Propel\iCE40UP\ice40_nano\ws\ice40_nano/src/bsp/driver/uart" -I"O:\src\Propel\iCE40UP\ice40_nano\ws\ice40_nano/src/bsp/driver/timer" -std=gnu11 --specs=picolibc.specs -DPICOLIBC_INTEGER_PRINTF_SCANF -MMD -MP -MF"src/main.d" -MT"src/main.o" -c -o "src/main.o" "../src/main.c"
Finished building: ../src/main.c
 
Building target: ice40_nano.elf
Invoking: GNU RISC-V Cross C Linker
riscv-none-embed-gcc -march=rv32i -mabi=ilp32 -msmall-data-limit=8 -mno-save-restore -O0 -fmessage-length=0 -fsigned-char -ffunction-sections -fdata-sections  -g3 -T "O:/src/Propel/iCE40UP/ice40_nano/ws/ice40_nano/src/linker.ld" -nostartfiles -Xlinker --gc-sections -Wl,-Map,"ice40_nano.map" --specs=picolibc.specs -DPICOLIBC_INTEGER_PRINTF_SCANF -o "ice40_nano.elf"  ./src/bsp/driver/uart/uart.o  ./src/bsp/driver/timer/timer.o  ./src/bsp/driver/riscv_nano/crt0.o ./src/bsp/driver/riscv_nano/exit.o ./src/bsp/driver/riscv_nano/interrupt.o ./src/bsp/driver/riscv_nano/iob.o ./src/bsp/driver/riscv_nano/pic.o ./src/bsp/driver/riscv_nano/reg_access.o ./src/bsp/driver/riscv_nano/util.o  ./src/bsp/driver/gpio/gpio.o  ./src/bsp/reg_test.o  ./src/i2c_controller.o ./src/lib_ov08x.o ./src/main.o ./src/utils.o   
Finished building target: ice40_nano.elf
 
Invoking: GNU RISC-V Cross Create Listing
riscv-none-embed-objdump --source --all-headers --demangle --line-numbers --wide "ice40_nano.elf" > "ice40_nano.lst"
Finished building: ice40_nano.lst
 
Invoking: GNU RISC-V Cross Print Size
riscv-none-embed-size --format=berkeley "ice40_nano.elf"
   text	   data	    bss	    dec	    hex	filename
  10136	      8	   2976	  13120	   3340	ice40_nano.elf
Finished building: ice40_nano.siz
 
Invoking: Lattice Multi Memory Deployment (CODE SEGMENT)
riscv-none-embed-objcopy -O binary --gap-fill 0 -j .text -j .data -j .bss -j .ctors -j .dtors -j .rodata "ice40_nano.elf" tmp; srec_cat tmp -Binary -byte-swap 4 -DISable Header -Output "ice40_nano_Code.mem" -MEM 32
Finished building: ice40_nano_Code.mem
 
Invoking: Lattice Multi Memory Deployment (DATA SEGMENT)
riscv-none-embed-objcopy -O binary --gap-fill 0 -j .data -j .bss "ice40_nano.elf" tmp; srec_cat tmp -Binary -byte-swap 4 -DISable Header -Output "ice40_nano_Data.mem" -MEM 32
Finished building: ice40_nano_Data.mem
 
post build
post_build.bat

O:\src\Propel\iCE40UP\ice40_nano\ws\ice40_nano\Debug>copy /y ice40_nano_Code.mem ..\..\..\tb  
        1 file(s) copied.

O:\src\Propel\iCE40UP\ice40_nano\ws\ice40_nano\Debug>python mem2bin.py ice40_nano_Code.mem ice40_nano_Code.bin -be 

O:\src\Propel\iCE40UP\ice40_nano\ws\ice40_nano\Debug>python mem2bin.py ice40_nano_Data.mem ice40_nano_Data.bin -be 
 
09:37:53 **** Incremental Build of configuration Debug for project ice40_nano ****
make all 
Building file: ../src/main.c
Invoking: GNU RISC-V Cross C Compiler
riscv-none-embed-gcc -march=rv32i -mabi=ilp32 -msmall-data-limit=8 -mno-save-restore -O0 -fmessage-length=0 -fsigned-char -ffunction-sections -fdata-sections  -g3 -DLSCC_STDIO_UART_APB -I"O:\src\Propel\iCE40UP\ice40_nano\ws\ice40_nano/src" -I"O:\src\Propel\iCE40UP\ice40_nano\ws\ice40_nano/src/bsp" -I"O:\src\Propel\iCE40UP\ice40_nano\ws\ice40_nano/src/bsp/driver" -I"O:\src\Propel\iCE40UP\ice40_nano\ws\ice40_nano/src/bsp/driver/gpio" -I"O:\src\Propel\iCE40UP\ice40_nano\ws\ice40_nano/src/bsp/driver/riscv_nano" -I"O:\src\Propel\iCE40UP\ice40_nano\ws\ice40_nano/src/bsp/driver/uart" -I"O:\src\Propel\iCE40UP\ice40_nano\ws\ice40_nano/src/bsp/driver/timer" -std=gnu11 --specs=picolibc.specs -DPICOLIBC_INTEGER_PRINTF_SCANF -MMD -MP -MF"src/main.d" -MT"src/main.o" -c -o "src/main.o" "../src/main.c"
Finished building: ../src/main.c
 
Building target: ice40_nano.elf
Invoking: GNU RISC-V Cross C Linker
riscv-none-embed-gcc -march=rv32i -mabi=ilp32 -msmall-data-limit=8 -mno-save-restore -O0 -fmessage-length=0 -fsigned-char -ffunction-sections -fdata-sections  -g3 -T "O:/src/Propel/iCE40UP/ice40_nano/ws/ice40_nano/src/linker.ld" -nostartfiles -Xlinker --gc-sections -Wl,-Map,"ice40_nano.map" --specs=picolibc.specs -DPICOLIBC_INTEGER_PRINTF_SCANF -o "ice40_nano.elf"  ./src/bsp/driver/uart/uart.o  ./src/bsp/driver/timer/timer.o  ./src/bsp/driver/riscv_nano/crt0.o ./src/bsp/driver/riscv_nano/exit.o ./src/bsp/driver/riscv_nano/interrupt.o ./src/bsp/driver/riscv_nano/iob.o ./src/bsp/driver/riscv_nano/pic.o ./src/bsp/driver/riscv_nano/reg_access.o ./src/bsp/driver/riscv_nano/util.o  ./src/bsp/driver/gpio/gpio.o  ./src/bsp/reg_test.o  ./src/i2c_controller.o ./src/lib_ov08x.o ./src/main.o ./src/utils.o   
Finished building target: ice40_nano.elf
 
Invoking: GNU RISC-V Cross Create Listing
riscv-none-embed-objdump --source --all-headers --demangle --line-numbers --wide "ice40_nano.elf" > "ice40_nano.lst"
Finished building: ice40_nano.lst
 
Invoking: GNU RISC-V Cross Print Size
riscv-none-embed-size --format=berkeley "ice40_nano.elf"
   text	   data	    bss	    dec	    hex	filename
  10140	      8	   2976	  13124	   3344	ice40_nano.elf
Finished building: ice40_nano.siz
 
Invoking: Lattice Multi Memory Deployment (CODE SEGMENT)
riscv-none-embed-objcopy -O binary --gap-fill 0 -j .text -j .data -j .bss -j .ctors -j .dtors -j .rodata "ice40_nano.elf" tmp; srec_cat tmp -Binary -byte-swap 4 -DISable Header -Output "ice40_nano_Code.mem" -MEM 32
Finished building: ice40_nano_Code.mem
 
Invoking: Lattice Multi Memory Deployment (DATA SEGMENT)
riscv-none-embed-objcopy -O binary --gap-fill 0 -j .data -j .bss "ice40_nano.elf" tmp; srec_cat tmp -Binary -byte-swap 4 -DISable Header -Output "ice40_nano_Data.mem" -MEM 32
Finished building: ice40_nano_Data.mem
 
post build
post_build.bat

O:\src\Propel\iCE40UP\ice40_nano\ws\ice40_nano\Debug>copy /y ice40_nano_Code.mem ..\..\..\tb  
        1 file(s) copied.

O:\src\Propel\iCE40UP\ice40_nano\ws\ice40_nano\Debug>python mem2bin.py ice40_nano_Code.mem ice40_nano_Code.bin -be 

O:\src\Propel\iCE40UP\ice40_nano\ws\ice40_nano\Debug>python mem2bin.py ice40_nano_Data.mem ice40_nano_Data.bin -be 
 
10:12:17 **** Incremental Build of configuration Debug for project ice40_nano ****
make all 
Building file: ../src/lib_ov08x.c
Invoking: GNU RISC-V Cross C Compiler
riscv-none-embed-gcc -march=rv32i -mabi=ilp32 -msmall-data-limit=8 -mno-save-restore -O0 -fmessage-length=0 -fsigned-char -ffunction-sections -fdata-sections  -g3 -DLSCC_STDIO_UART_APB -I"O:\src\Propel\iCE40UP\ice40_nano\ws\ice40_nano/src" -I"O:\src\Propel\iCE40UP\ice40_nano\ws\ice40_nano/src/bsp" -I"O:\src\Propel\iCE40UP\ice40_nano\ws\ice40_nano/src/bsp/driver" -I"O:\src\Propel\iCE40UP\ice40_nano\ws\ice40_nano/src/bsp/driver/gpio" -I"O:\src\Propel\iCE40UP\ice40_nano\ws\ice40_nano/src/bsp/driver/riscv_nano" -I"O:\src\Propel\iCE40UP\ice40_nano\ws\ice40_nano/src/bsp/driver/uart" -I"O:\src\Propel\iCE40UP\ice40_nano\ws\ice40_nano/src/bsp/driver/timer" -std=gnu11 --specs=picolibc.specs -DPICOLIBC_INTEGER_PRINTF_SCANF -MMD -MP -MF"src/lib_ov08x.d" -MT"src/lib_ov08x.o" -c -o "src/lib_ov08x.o" "../src/lib_ov08x.c"
Finished building: ../src/lib_ov08x.c
 
Building file: ../src/main.c
Invoking: GNU RISC-V Cross C Compiler
riscv-none-embed-gcc -march=rv32i -mabi=ilp32 -msmall-data-limit=8 -mno-save-restore -O0 -fmessage-length=0 -fsigned-char -ffunction-sections -fdata-sections  -g3 -DLSCC_STDIO_UART_APB -I"O:\src\Propel\iCE40UP\ice40_nano\ws\ice40_nano/src" -I"O:\src\Propel\iCE40UP\ice40_nano\ws\ice40_nano/src/bsp" -I"O:\src\Propel\iCE40UP\ice40_nano\ws\ice40_nano/src/bsp/driver" -I"O:\src\Propel\iCE40UP\ice40_nano\ws\ice40_nano/src/bsp/driver/gpio" -I"O:\src\Propel\iCE40UP\ice40_nano\ws\ice40_nano/src/bsp/driver/riscv_nano" -I"O:\src\Propel\iCE40UP\ice40_nano\ws\ice40_nano/src/bsp/driver/uart" -I"O:\src\Propel\iCE40UP\ice40_nano\ws\ice40_nano/src/bsp/driver/timer" -std=gnu11 --specs=picolibc.specs -DPICOLIBC_INTEGER_PRINTF_SCANF -MMD -MP -MF"src/main.d" -MT"src/main.o" -c -o "src/main.o" "../src/main.c"
Finished building: ../src/main.c
 
Building target: ice40_nano.elf
Invoking: GNU RISC-V Cross C Linker
riscv-none-embed-gcc -march=rv32i -mabi=ilp32 -msmall-data-limit=8 -mno-save-restore -O0 -fmessage-length=0 -fsigned-char -ffunction-sections -fdata-sections  -g3 -T "O:/src/Propel/iCE40UP/ice40_nano/ws/ice40_nano/src/linker.ld" -nostartfiles -Xlinker --gc-sections -Wl,-Map,"ice40_nano.map" --specs=picolibc.specs -DPICOLIBC_INTEGER_PRINTF_SCANF -o "ice40_nano.elf"  ./src/bsp/driver/uart/uart.o  ./src/bsp/driver/timer/timer.o  ./src/bsp/driver/riscv_nano/crt0.o ./src/bsp/driver/riscv_nano/exit.o ./src/bsp/driver/riscv_nano/interrupt.o ./src/bsp/driver/riscv_nano/iob.o ./src/bsp/driver/riscv_nano/pic.o ./src/bsp/driver/riscv_nano/reg_access.o ./src/bsp/driver/riscv_nano/util.o  ./src/bsp/driver/gpio/gpio.o  ./src/bsp/reg_test.o  ./src/i2c_controller.o ./src/lib_ov08x.o ./src/main.o ./src/utils.o   
Finished building target: ice40_nano.elf
 
Invoking: GNU RISC-V Cross Create Listing
riscv-none-embed-objdump --source --all-headers --demangle --line-numbers --wide "ice40_nano.elf" > "ice40_nano.lst"
Finished building: ice40_nano.lst
 
Invoking: GNU RISC-V Cross Print Size
riscv-none-embed-size --format=berkeley "ice40_nano.elf"
   text	   data	    bss	    dec	    hex	filename
   7252	      8	   2972	  10232	   27f8	ice40_nano.elf
Finished building: ice40_nano.siz
 
Invoking: Lattice Multi Memory Deployment (CODE SEGMENT)
riscv-none-embed-objcopy -O binary --gap-fill 0 -j .text -j .data -j .bss -j .ctors -j .dtors -j .rodata "ice40_nano.elf" tmp; srec_cat tmp -Binary -byte-swap 4 -DISable Header -Output "ice40_nano_Code.mem" -MEM 32
Finished building: ice40_nano_Code.mem
 
Invoking: Lattice Multi Memory Deployment (DATA SEGMENT)
riscv-none-embed-objcopy -O binary --gap-fill 0 -j .data -j .bss "ice40_nano.elf" tmp; srec_cat tmp -Binary -byte-swap 4 -DISable Header -Output "ice40_nano_Data.mem" -MEM 32
Finished building: ice40_nano_Data.mem
 
post build
post_build.bat

O:\src\Propel\iCE40UP\ice40_nano\ws\ice40_nano\Debug>copy /y ice40_nano_Code.mem ..\..\..\tb  
        1 file(s) copied.

O:\src\Propel\iCE40UP\ice40_nano\ws\ice40_nano\Debug>python mem2bin.py ice40_nano_Code.mem ice40_nano_Code.bin -be 

O:\src\Propel\iCE40UP\ice40_nano\ws\ice40_nano\Debug>python mem2bin.py ice40_nano_Data.mem ice40_nano_Data.bin -be 
 
11:08:41 **** Incremental Build of configuration Debug for project ice40_nano ****
make all 
Building file: ../src/main.c
Invoking: GNU RISC-V Cross C Compiler
riscv-none-embed-gcc -march=rv32i -mabi=ilp32 -msmall-data-limit=8 -mno-save-restore -O0 -fmessage-length=0 -fsigned-char -ffunction-sections -fdata-sections  -g3 -DLSCC_STDIO_UART_APB -I"O:\src\Propel\iCE40UP\ice40_nano\ws\ice40_nano/src" -I"O:\src\Propel\iCE40UP\ice40_nano\ws\ice40_nano/src/bsp" -I"O:\src\Propel\iCE40UP\ice40_nano\ws\ice40_nano/src/bsp/driver" -I"O:\src\Propel\iCE40UP\ice40_nano\ws\ice40_nano/src/bsp/driver/gpio" -I"O:\src\Propel\iCE40UP\ice40_nano\ws\ice40_nano/src/bsp/driver/riscv_nano" -I"O:\src\Propel\iCE40UP\ice40_nano\ws\ice40_nano/src/bsp/driver/uart" -I"O:\src\Propel\iCE40UP\ice40_nano\ws\ice40_nano/src/bsp/driver/timer" -std=gnu11 --specs=picolibc.specs -DPICOLIBC_INTEGER_PRINTF_SCANF -MMD -MP -MF"src/main.d" -MT"src/main.o" -c -o "src/main.o" "../src/main.c"
Finished building: ../src/main.c
 
Building target: ice40_nano.elf
Invoking: GNU RISC-V Cross C Linker
riscv-none-embed-gcc -march=rv32i -mabi=ilp32 -msmall-data-limit=8 -mno-save-restore -O0 -fmessage-length=0 -fsigned-char -ffunction-sections -fdata-sections  -g3 -T "O:/src/Propel/iCE40UP/ice40_nano/ws/ice40_nano/src/linker.ld" -nostartfiles -Xlinker --gc-sections -Wl,-Map,"ice40_nano.map" --specs=picolibc.specs -DPICOLIBC_INTEGER_PRINTF_SCANF -o "ice40_nano.elf"  ./src/bsp/driver/uart/uart.o  ./src/bsp/driver/timer/timer.o  ./src/bsp/driver/riscv_nano/crt0.o ./src/bsp/driver/riscv_nano/exit.o ./src/bsp/driver/riscv_nano/interrupt.o ./src/bsp/driver/riscv_nano/iob.o ./src/bsp/driver/riscv_nano/pic.o ./src/bsp/driver/riscv_nano/reg_access.o ./src/bsp/driver/riscv_nano/util.o  ./src/bsp/driver/gpio/gpio.o  ./src/bsp/reg_test.o  ./src/i2c_controller.o ./src/lib_ov08x.o ./src/main.o ./src/utils.o   
Finished building target: ice40_nano.elf
 
Invoking: GNU RISC-V Cross Create Listing
riscv-none-embed-objdump --source --all-headers --demangle --line-numbers --wide "ice40_nano.elf" > "ice40_nano.lst"
Finished building: ice40_nano.lst
 
Invoking: GNU RISC-V Cross Print Size
riscv-none-embed-size --format=berkeley "ice40_nano.elf"
   text	   data	    bss	    dec	    hex	filename
   7248	      8	   2972	  10228	   27f4	ice40_nano.elf
Finished building: ice40_nano.siz
 
Invoking: Lattice Multi Memory Deployment (CODE SEGMENT)
riscv-none-embed-objcopy -O binary --gap-fill 0 -j .text -j .data -j .bss -j .ctors -j .dtors -j .rodata "ice40_nano.elf" tmp; srec_cat tmp -Binary -byte-swap 4 -DISable Header -Output "ice40_nano_Code.mem" -MEM 32
Finished building: ice40_nano_Code.mem
 
Invoking: Lattice Multi Memory Deployment (DATA SEGMENT)
riscv-none-embed-objcopy -O binary --gap-fill 0 -j .data -j .bss "ice40_nano.elf" tmp; srec_cat tmp -Binary -byte-swap 4 -DISable Header -Output "ice40_nano_Data.mem" -MEM 32
Finished building: ice40_nano_Data.mem
 
post build
post_build.bat

O:\src\Propel\iCE40UP\ice40_nano\ws\ice40_nano\Debug>copy /y ice40_nano_Code.mem ..\..\..\tb  
        1 file(s) copied.

O:\src\Propel\iCE40UP\ice40_nano\ws\ice40_nano\Debug>python mem2bin.py ice40_nano_Code.mem ice40_nano_Code.bin -be 

O:\src\Propel\iCE40UP\ice40_nano\ws\ice40_nano\Debug>python mem2bin.py ice40_nano_Data.mem ice40_nano_Data.bin -be 
 
11:14:05 **** Incremental Build of configuration Debug for project ice40_nano ****
make all 
Building file: ../src/main.c
Invoking: GNU RISC-V Cross C Compiler
riscv-none-embed-gcc -march=rv32i -mabi=ilp32 -msmall-data-limit=8 -mno-save-restore -O0 -fmessage-length=0 -fsigned-char -ffunction-sections -fdata-sections  -g3 -DLSCC_STDIO_UART_APB -I"O:\src\Propel\iCE40UP\ice40_nano\ws\ice40_nano/src" -I"O:\src\Propel\iCE40UP\ice40_nano\ws\ice40_nano/src/bsp" -I"O:\src\Propel\iCE40UP\ice40_nano\ws\ice40_nano/src/bsp/driver" -I"O:\src\Propel\iCE40UP\ice40_nano\ws\ice40_nano/src/bsp/driver/gpio" -I"O:\src\Propel\iCE40UP\ice40_nano\ws\ice40_nano/src/bsp/driver/riscv_nano" -I"O:\src\Propel\iCE40UP\ice40_nano\ws\ice40_nano/src/bsp/driver/uart" -I"O:\src\Propel\iCE40UP\ice40_nano\ws\ice40_nano/src/bsp/driver/timer" -std=gnu11 --specs=picolibc.specs -DPICOLIBC_INTEGER_PRINTF_SCANF -MMD -MP -MF"src/main.d" -MT"src/main.o" -c -o "src/main.o" "../src/main.c"
Finished building: ../src/main.c
 
Building target: ice40_nano.elf
Invoking: GNU RISC-V Cross C Linker
riscv-none-embed-gcc -march=rv32i -mabi=ilp32 -msmall-data-limit=8 -mno-save-restore -O0 -fmessage-length=0 -fsigned-char -ffunction-sections -fdata-sections  -g3 -T "O:/src/Propel/iCE40UP/ice40_nano/ws/ice40_nano/src/linker.ld" -nostartfiles -Xlinker --gc-sections -Wl,-Map,"ice40_nano.map" --specs=picolibc.specs -DPICOLIBC_INTEGER_PRINTF_SCANF -o "ice40_nano.elf"  ./src/bsp/driver/uart/uart.o  ./src/bsp/driver/timer/timer.o  ./src/bsp/driver/riscv_nano/crt0.o ./src/bsp/driver/riscv_nano/exit.o ./src/bsp/driver/riscv_nano/interrupt.o ./src/bsp/driver/riscv_nano/iob.o ./src/bsp/driver/riscv_nano/pic.o ./src/bsp/driver/riscv_nano/reg_access.o ./src/bsp/driver/riscv_nano/util.o  ./src/bsp/driver/gpio/gpio.o  ./src/bsp/reg_test.o  ./src/i2c_controller.o ./src/lib_ov08x.o ./src/main.o ./src/utils.o   
Finished building target: ice40_nano.elf
 
Invoking: GNU RISC-V Cross Create Listing
riscv-none-embed-objdump --source --all-headers --demangle --line-numbers --wide "ice40_nano.elf" > "ice40_nano.lst"
Finished building: ice40_nano.lst
 
Invoking: GNU RISC-V Cross Print Size
riscv-none-embed-size --format=berkeley "ice40_nano.elf"
   text	   data	    bss	    dec	    hex	filename
   7248	      8	   2972	  10228	   27f4	ice40_nano.elf
Finished building: ice40_nano.siz
 
Invoking: Lattice Multi Memory Deployment (CODE SEGMENT)
riscv-none-embed-objcopy -O binary --gap-fill 0 -j .text -j .data -j .bss -j .ctors -j .dtors -j .rodata "ice40_nano.elf" tmp; srec_cat tmp -Binary -byte-swap 4 -DISable Header -Output "ice40_nano_Code.mem" -MEM 32
Finished building: ice40_nano_Code.mem
 
Invoking: Lattice Multi Memory Deployment (DATA SEGMENT)
riscv-none-embed-objcopy -O binary --gap-fill 0 -j .data -j .bss "ice40_nano.elf" tmp; srec_cat tmp -Binary -byte-swap 4 -DISable Header -Output "ice40_nano_Data.mem" -MEM 32
Finished building: ice40_nano_Data.mem
 
post build
post_build.bat

O:\src\Propel\iCE40UP\ice40_nano\ws\ice40_nano\Debug>copy /y ice40_nano_Code.mem ..\..\..\tb  
        1 file(s) copied.

O:\src\Propel\iCE40UP\ice40_nano\ws\ice40_nano\Debug>python mem2bin.py ice40_nano_Code.mem ice40_nano_Code.bin -be 

O:\src\Propel\iCE40UP\ice40_nano\ws\ice40_nano\Debug>python mem2bin.py ice40_nano_Data.mem ice40_nano_Data.bin -be 
 
11:16:03 **** Incremental Build of configuration Debug for project ice40_nano ****
make all 
Building file: ../src/main.c
Invoking: GNU RISC-V Cross C Compiler
riscv-none-embed-gcc -march=rv32i -mabi=ilp32 -msmall-data-limit=8 -mno-save-restore -O0 -fmessage-length=0 -fsigned-char -ffunction-sections -fdata-sections  -g3 -DLSCC_STDIO_UART_APB -I"O:\src\Propel\iCE40UP\ice40_nano\ws\ice40_nano/src" -I"O:\src\Propel\iCE40UP\ice40_nano\ws\ice40_nano/src/bsp" -I"O:\src\Propel\iCE40UP\ice40_nano\ws\ice40_nano/src/bsp/driver" -I"O:\src\Propel\iCE40UP\ice40_nano\ws\ice40_nano/src/bsp/driver/gpio" -I"O:\src\Propel\iCE40UP\ice40_nano\ws\ice40_nano/src/bsp/driver/riscv_nano" -I"O:\src\Propel\iCE40UP\ice40_nano\ws\ice40_nano/src/bsp/driver/uart" -I"O:\src\Propel\iCE40UP\ice40_nano\ws\ice40_nano/src/bsp/driver/timer" -std=gnu11 --specs=picolibc.specs -DPICOLIBC_INTEGER_PRINTF_SCANF -MMD -MP -MF"src/main.d" -MT"src/main.o" -c -o "src/main.o" "../src/main.c"
Finished building: ../src/main.c
 
Building target: ice40_nano.elf
Invoking: GNU RISC-V Cross C Linker
riscv-none-embed-gcc -march=rv32i -mabi=ilp32 -msmall-data-limit=8 -mno-save-restore -O0 -fmessage-length=0 -fsigned-char -ffunction-sections -fdata-sections  -g3 -T "O:/src/Propel/iCE40UP/ice40_nano/ws/ice40_nano/src/linker.ld" -nostartfiles -Xlinker --gc-sections -Wl,-Map,"ice40_nano.map" --specs=picolibc.specs -DPICOLIBC_INTEGER_PRINTF_SCANF -o "ice40_nano.elf"  ./src/bsp/driver/uart/uart.o  ./src/bsp/driver/timer/timer.o  ./src/bsp/driver/riscv_nano/crt0.o ./src/bsp/driver/riscv_nano/exit.o ./src/bsp/driver/riscv_nano/interrupt.o ./src/bsp/driver/riscv_nano/iob.o ./src/bsp/driver/riscv_nano/pic.o ./src/bsp/driver/riscv_nano/reg_access.o ./src/bsp/driver/riscv_nano/util.o  ./src/bsp/driver/gpio/gpio.o  ./src/bsp/reg_test.o  ./src/i2c_controller.o ./src/lib_ov08x.o ./src/main.o ./src/utils.o   
Finished building target: ice40_nano.elf
 
Invoking: GNU RISC-V Cross Create Listing
riscv-none-embed-objdump --source --all-headers --demangle --line-numbers --wide "ice40_nano.elf" > "ice40_nano.lst"
Finished building: ice40_nano.lst
 
Invoking: GNU RISC-V Cross Print Size
riscv-none-embed-size --format=berkeley "ice40_nano.elf"
   text	   data	    bss	    dec	    hex	filename
   7252	      8	   2972	  10232	   27f8	ice40_nano.elf
Finished building: ice40_nano.siz
 
Invoking: Lattice Multi Memory Deployment (CODE SEGMENT)
riscv-none-embed-objcopy -O binary --gap-fill 0 -j .text -j .data -j .bss -j .ctors -j .dtors -j .rodata "ice40_nano.elf" tmp; srec_cat tmp -Binary -byte-swap 4 -DISable Header -Output "ice40_nano_Code.mem" -MEM 32
Finished building: ice40_nano_Code.mem
 
Invoking: Lattice Multi Memory Deployment (DATA SEGMENT)
riscv-none-embed-objcopy -O binary --gap-fill 0 -j .data -j .bss "ice40_nano.elf" tmp; srec_cat tmp -Binary -byte-swap 4 -DISable Header -Output "ice40_nano_Data.mem" -MEM 32
Finished building: ice40_nano_Data.mem
 
post build
post_build.bat

O:\src\Propel\iCE40UP\ice40_nano\ws\ice40_nano\Debug>copy /y ice40_nano_Code.mem ..\..\..\tb  
        1 file(s) copied.

O:\src\Propel\iCE40UP\ice40_nano\ws\ice40_nano\Debug>python mem2bin.py ice40_nano_Code.mem ice40_nano_Code.bin -be 

O:\src\Propel\iCE40UP\ice40_nano\ws\ice40_nano\Debug>python mem2bin.py ice40_nano_Data.mem ice40_nano_Data.bin -be 
 
11:19:27 **** Incremental Build of configuration Debug for project ice40_nano ****
make all 
Building file: ../src/main.c
Invoking: GNU RISC-V Cross C Compiler
riscv-none-embed-gcc -march=rv32i -mabi=ilp32 -msmall-data-limit=8 -mno-save-restore -O0 -fmessage-length=0 -fsigned-char -ffunction-sections -fdata-sections  -g3 -DLSCC_STDIO_UART_APB -I"O:\src\Propel\iCE40UP\ice40_nano\ws\ice40_nano/src" -I"O:\src\Propel\iCE40UP\ice40_nano\ws\ice40_nano/src/bsp" -I"O:\src\Propel\iCE40UP\ice40_nano\ws\ice40_nano/src/bsp/driver" -I"O:\src\Propel\iCE40UP\ice40_nano\ws\ice40_nano/src/bsp/driver/gpio" -I"O:\src\Propel\iCE40UP\ice40_nano\ws\ice40_nano/src/bsp/driver/riscv_nano" -I"O:\src\Propel\iCE40UP\ice40_nano\ws\ice40_nano/src/bsp/driver/uart" -I"O:\src\Propel\iCE40UP\ice40_nano\ws\ice40_nano/src/bsp/driver/timer" -std=gnu11 --specs=picolibc.specs -DPICOLIBC_INTEGER_PRINTF_SCANF -MMD -MP -MF"src/main.d" -MT"src/main.o" -c -o "src/main.o" "../src/main.c"
Finished building: ../src/main.c
 
Building target: ice40_nano.elf
Invoking: GNU RISC-V Cross C Linker
riscv-none-embed-gcc -march=rv32i -mabi=ilp32 -msmall-data-limit=8 -mno-save-restore -O0 -fmessage-length=0 -fsigned-char -ffunction-sections -fdata-sections  -g3 -T "O:/src/Propel/iCE40UP/ice40_nano/ws/ice40_nano/src/linker.ld" -nostartfiles -Xlinker --gc-sections -Wl,-Map,"ice40_nano.map" --specs=picolibc.specs -DPICOLIBC_INTEGER_PRINTF_SCANF -o "ice40_nano.elf"  ./src/bsp/driver/uart/uart.o  ./src/bsp/driver/timer/timer.o  ./src/bsp/driver/riscv_nano/crt0.o ./src/bsp/driver/riscv_nano/exit.o ./src/bsp/driver/riscv_nano/interrupt.o ./src/bsp/driver/riscv_nano/iob.o ./src/bsp/driver/riscv_nano/pic.o ./src/bsp/driver/riscv_nano/reg_access.o ./src/bsp/driver/riscv_nano/util.o  ./src/bsp/driver/gpio/gpio.o  ./src/bsp/reg_test.o  ./src/i2c_controller.o ./src/lib_ov08x.o ./src/main.o ./src/utils.o   
Finished building target: ice40_nano.elf
 
Invoking: GNU RISC-V Cross Create Listing
riscv-none-embed-objdump --source --all-headers --demangle --line-numbers --wide "ice40_nano.elf" > "ice40_nano.lst"
Finished building: ice40_nano.lst
 
Invoking: GNU RISC-V Cross Print Size
riscv-none-embed-size --format=berkeley "ice40_nano.elf"
   text	   data	    bss	    dec	    hex	filename
   7248	      8	   2972	  10228	   27f4	ice40_nano.elf
Finished building: ice40_nano.siz
 
Invoking: Lattice Multi Memory Deployment (CODE SEGMENT)
riscv-none-embed-objcopy -O binary --gap-fill 0 -j .text -j .data -j .bss -j .ctors -j .dtors -j .rodata "ice40_nano.elf" tmp; srec_cat tmp -Binary -byte-swap 4 -DISable Header -Output "ice40_nano_Code.mem" -MEM 32
Finished building: ice40_nano_Code.mem
 
Invoking: Lattice Multi Memory Deployment (DATA SEGMENT)
riscv-none-embed-objcopy -O binary --gap-fill 0 -j .data -j .bss "ice40_nano.elf" tmp; srec_cat tmp -Binary -byte-swap 4 -DISable Header -Output "ice40_nano_Data.mem" -MEM 32
Finished building: ice40_nano_Data.mem
 
post build
post_build.bat

O:\src\Propel\iCE40UP\ice40_nano\ws\ice40_nano\Debug>copy /y ice40_nano_Code.mem ..\..\..\tb  
        1 file(s) copied.

O:\src\Propel\iCE40UP\ice40_nano\ws\ice40_nano\Debug>python mem2bin.py ice40_nano_Code.mem ice40_nano_Code.bin -be 

O:\src\Propel\iCE40UP\ice40_nano\ws\ice40_nano\Debug>python mem2bin.py ice40_nano_Data.mem ice40_nano_Data.bin -be 
 
11:31:13 **** Incremental Build of configuration Debug for project ice40_nano ****
make all 
Building file: ../src/main.c
Invoking: GNU RISC-V Cross C Compiler
riscv-none-embed-gcc -march=rv32i -mabi=ilp32 -msmall-data-limit=8 -mno-save-restore -O0 -fmessage-length=0 -fsigned-char -ffunction-sections -fdata-sections  -g3 -DLSCC_STDIO_UART_APB -I"O:\src\Propel\iCE40UP\ice40_nano\ws\ice40_nano/src" -I"O:\src\Propel\iCE40UP\ice40_nano\ws\ice40_nano/src/bsp" -I"O:\src\Propel\iCE40UP\ice40_nano\ws\ice40_nano/src/bsp/driver" -I"O:\src\Propel\iCE40UP\ice40_nano\ws\ice40_nano/src/bsp/driver/gpio" -I"O:\src\Propel\iCE40UP\ice40_nano\ws\ice40_nano/src/bsp/driver/riscv_nano" -I"O:\src\Propel\iCE40UP\ice40_nano\ws\ice40_nano/src/bsp/driver/uart" -I"O:\src\Propel\iCE40UP\ice40_nano\ws\ice40_nano/src/bsp/driver/timer" -std=gnu11 --specs=picolibc.specs -DPICOLIBC_INTEGER_PRINTF_SCANF -MMD -MP -MF"src/main.d" -MT"src/main.o" -c -o "src/main.o" "../src/main.c"
Finished building: ../src/main.c
 
Building target: ice40_nano.elf
Invoking: GNU RISC-V Cross C Linker
riscv-none-embed-gcc -march=rv32i -mabi=ilp32 -msmall-data-limit=8 -mno-save-restore -O0 -fmessage-length=0 -fsigned-char -ffunction-sections -fdata-sections  -g3 -T "O:/src/Propel/iCE40UP/ice40_nano/ws/ice40_nano/src/linker.ld" -nostartfiles -Xlinker --gc-sections -Wl,-Map,"ice40_nano.map" --specs=picolibc.specs -DPICOLIBC_INTEGER_PRINTF_SCANF -o "ice40_nano.elf"  ./src/bsp/driver/uart/uart.o  ./src/bsp/driver/timer/timer.o  ./src/bsp/driver/riscv_nano/crt0.o ./src/bsp/driver/riscv_nano/exit.o ./src/bsp/driver/riscv_nano/interrupt.o ./src/bsp/driver/riscv_nano/iob.o ./src/bsp/driver/riscv_nano/pic.o ./src/bsp/driver/riscv_nano/reg_access.o ./src/bsp/driver/riscv_nano/util.o  ./src/bsp/driver/gpio/gpio.o  ./src/bsp/reg_test.o  ./src/i2c_controller.o ./src/lib_ov08x.o ./src/main.o ./src/utils.o   
Finished building target: ice40_nano.elf
 
Invoking: GNU RISC-V Cross Create Listing
riscv-none-embed-objdump --source --all-headers --demangle --line-numbers --wide "ice40_nano.elf" > "ice40_nano.lst"
Finished building: ice40_nano.lst
 
Invoking: GNU RISC-V Cross Print Size
riscv-none-embed-size --format=berkeley "ice40_nano.elf"
   text	   data	    bss	    dec	    hex	filename
   7248	      8	   2972	  10228	   27f4	ice40_nano.elf
Finished building: ice40_nano.siz
 
Invoking: Lattice Multi Memory Deployment (CODE SEGMENT)
riscv-none-embed-objcopy -O binary --gap-fill 0 -j .text -j .data -j .bss -j .ctors -j .dtors -j .rodata "ice40_nano.elf" tmp; srec_cat tmp -Binary -byte-swap 4 -DISable Header -Output "ice40_nano_Code.mem" -MEM 32
Finished building: ice40_nano_Code.mem
 
Invoking: Lattice Multi Memory Deployment (DATA SEGMENT)
riscv-none-embed-objcopy -O binary --gap-fill 0 -j .data -j .bss "ice40_nano.elf" tmp; srec_cat tmp -Binary -byte-swap 4 -DISable Header -Output "ice40_nano_Data.mem" -MEM 32
Finished building: ice40_nano_Data.mem
 
post build
post_build.bat

O:\src\Propel\iCE40UP\ice40_nano\ws\ice40_nano\Debug>copy /y ice40_nano_Code.mem ..\..\..\tb  
        1 file(s) copied.

O:\src\Propel\iCE40UP\ice40_nano\ws\ice40_nano\Debug>python mem2bin.py ice40_nano_Code.mem ice40_nano_Code.bin -be 

O:\src\Propel\iCE40UP\ice40_nano\ws\ice40_nano\Debug>python mem2bin.py ice40_nano_Data.mem ice40_nano_Data.bin -be 
 
11:34:16 **** Incremental Build of configuration Debug for project ice40_nano ****
make all 
Building file: ../src/main.c
Invoking: GNU RISC-V Cross C Compiler
riscv-none-embed-gcc -march=rv32i -mabi=ilp32 -msmall-data-limit=8 -mno-save-restore -O0 -fmessage-length=0 -fsigned-char -ffunction-sections -fdata-sections  -g3 -DLSCC_STDIO_UART_APB -I"O:\src\Propel\iCE40UP\ice40_nano\ws\ice40_nano/src" -I"O:\src\Propel\iCE40UP\ice40_nano\ws\ice40_nano/src/bsp" -I"O:\src\Propel\iCE40UP\ice40_nano\ws\ice40_nano/src/bsp/driver" -I"O:\src\Propel\iCE40UP\ice40_nano\ws\ice40_nano/src/bsp/driver/gpio" -I"O:\src\Propel\iCE40UP\ice40_nano\ws\ice40_nano/src/bsp/driver/riscv_nano" -I"O:\src\Propel\iCE40UP\ice40_nano\ws\ice40_nano/src/bsp/driver/uart" -I"O:\src\Propel\iCE40UP\ice40_nano\ws\ice40_nano/src/bsp/driver/timer" -std=gnu11 --specs=picolibc.specs -DPICOLIBC_INTEGER_PRINTF_SCANF -MMD -MP -MF"src/main.d" -MT"src/main.o" -c -o "src/main.o" "../src/main.c"
Finished building: ../src/main.c
 
Building target: ice40_nano.elf
Invoking: GNU RISC-V Cross C Linker
riscv-none-embed-gcc -march=rv32i -mabi=ilp32 -msmall-data-limit=8 -mno-save-restore -O0 -fmessage-length=0 -fsigned-char -ffunction-sections -fdata-sections  -g3 -T "O:/src/Propel/iCE40UP/ice40_nano/ws/ice40_nano/src/linker.ld" -nostartfiles -Xlinker --gc-sections -Wl,-Map,"ice40_nano.map" --specs=picolibc.specs -DPICOLIBC_INTEGER_PRINTF_SCANF -o "ice40_nano.elf"  ./src/bsp/driver/uart/uart.o  ./src/bsp/driver/timer/timer.o  ./src/bsp/driver/riscv_nano/crt0.o ./src/bsp/driver/riscv_nano/exit.o ./src/bsp/driver/riscv_nano/interrupt.o ./src/bsp/driver/riscv_nano/iob.o ./src/bsp/driver/riscv_nano/pic.o ./src/bsp/driver/riscv_nano/reg_access.o ./src/bsp/driver/riscv_nano/util.o  ./src/bsp/driver/gpio/gpio.o  ./src/bsp/reg_test.o  ./src/i2c_controller.o ./src/lib_ov08x.o ./src/main.o ./src/utils.o   
Finished building target: ice40_nano.elf
 
Invoking: GNU RISC-V Cross Create Listing
riscv-none-embed-objdump --source --all-headers --demangle --line-numbers --wide "ice40_nano.elf" > "ice40_nano.lst"
Finished building: ice40_nano.lst
 
Invoking: GNU RISC-V Cross Print Size
riscv-none-embed-size --format=berkeley "ice40_nano.elf"
   text	   data	    bss	    dec	    hex	filename
   7264	      8	   2972	  10244	   2804	ice40_nano.elf
Finished building: ice40_nano.siz
 
Invoking: Lattice Multi Memory Deployment (CODE SEGMENT)
riscv-none-embed-objcopy -O binary --gap-fill 0 -j .text -j .data -j .bss -j .ctors -j .dtors -j .rodata "ice40_nano.elf" tmp; srec_cat tmp -Binary -byte-swap 4 -DISable Header -Output "ice40_nano_Code.mem" -MEM 32
Finished building: ice40_nano_Code.mem
 
Invoking: Lattice Multi Memory Deployment (DATA SEGMENT)
riscv-none-embed-objcopy -O binary --gap-fill 0 -j .data -j .bss "ice40_nano.elf" tmp; srec_cat tmp -Binary -byte-swap 4 -DISable Header -Output "ice40_nano_Data.mem" -MEM 32
Finished building: ice40_nano_Data.mem
 
post build
post_build.bat

O:\src\Propel\iCE40UP\ice40_nano\ws\ice40_nano\Debug>copy /y ice40_nano_Code.mem ..\..\..\tb  
        1 file(s) copied.

O:\src\Propel\iCE40UP\ice40_nano\ws\ice40_nano\Debug>python mem2bin.py ice40_nano_Code.mem ice40_nano_Code.bin -be 

O:\src\Propel\iCE40UP\ice40_nano\ws\ice40_nano\Debug>python mem2bin.py ice40_nano_Data.mem ice40_nano_Data.bin -be 
 
12:13:57 **** Incremental Build of configuration Debug for project ice40_nano ****
make all 
Building file: ../src/main.c
Invoking: GNU RISC-V Cross C Compiler
riscv-none-embed-gcc -march=rv32i -mabi=ilp32 -msmall-data-limit=8 -mno-save-restore -O0 -fmessage-length=0 -fsigned-char -ffunction-sections -fdata-sections  -g3 -DLSCC_STDIO_UART_APB -I"O:\src\Propel\iCE40UP\ice40_nano\ws\ice40_nano/src" -I"O:\src\Propel\iCE40UP\ice40_nano\ws\ice40_nano/src/bsp" -I"O:\src\Propel\iCE40UP\ice40_nano\ws\ice40_nano/src/bsp/driver" -I"O:\src\Propel\iCE40UP\ice40_nano\ws\ice40_nano/src/bsp/driver/gpio" -I"O:\src\Propel\iCE40UP\ice40_nano\ws\ice40_nano/src/bsp/driver/riscv_nano" -I"O:\src\Propel\iCE40UP\ice40_nano\ws\ice40_nano/src/bsp/driver/uart" -I"O:\src\Propel\iCE40UP\ice40_nano\ws\ice40_nano/src/bsp/driver/timer" -std=gnu11 --specs=picolibc.specs -DPICOLIBC_INTEGER_PRINTF_SCANF -MMD -MP -MF"src/main.d" -MT"src/main.o" -c -o "src/main.o" "../src/main.c"
Finished building: ../src/main.c
 
Building target: ice40_nano.elf
Invoking: GNU RISC-V Cross C Linker
riscv-none-embed-gcc -march=rv32i -mabi=ilp32 -msmall-data-limit=8 -mno-save-restore -O0 -fmessage-length=0 -fsigned-char -ffunction-sections -fdata-sections  -g3 -T "O:/src/Propel/iCE40UP/ice40_nano/ws/ice40_nano/src/linker.ld" -nostartfiles -Xlinker --gc-sections -Wl,-Map,"ice40_nano.map" --specs=picolibc.specs -DPICOLIBC_INTEGER_PRINTF_SCANF -o "ice40_nano.elf"  ./src/bsp/driver/uart/uart.o  ./src/bsp/driver/timer/timer.o  ./src/bsp/driver/riscv_nano/crt0.o ./src/bsp/driver/riscv_nano/exit.o ./src/bsp/driver/riscv_nano/interrupt.o ./src/bsp/driver/riscv_nano/iob.o ./src/bsp/driver/riscv_nano/pic.o ./src/bsp/driver/riscv_nano/reg_access.o ./src/bsp/driver/riscv_nano/util.o  ./src/bsp/driver/gpio/gpio.o  ./src/bsp/reg_test.o  ./src/i2c_controller.o ./src/lib_ov08x.o ./src/main.o ./src/utils.o   
Finished building target: ice40_nano.elf
 
Invoking: GNU RISC-V Cross Create Listing
riscv-none-embed-objdump --source --all-headers --demangle --line-numbers --wide "ice40_nano.elf" > "ice40_nano.lst"
Finished building: ice40_nano.lst
 
Invoking: GNU RISC-V Cross Print Size
riscv-none-embed-size --format=berkeley "ice40_nano.elf"
   text	   data	    bss	    dec	    hex	filename
   7264	      8	   2972	  10244	   2804	ice40_nano.elf
Finished building: ice40_nano.siz
 
Invoking: Lattice Multi Memory Deployment (CODE SEGMENT)
riscv-none-embed-objcopy -O binary --gap-fill 0 -j .text -j .data -j .bss -j .ctors -j .dtors -j .rodata "ice40_nano.elf" tmp; srec_cat tmp -Binary -byte-swap 4 -DISable Header -Output "ice40_nano_Code.mem" -MEM 32
Finished building: ice40_nano_Code.mem
 
Invoking: Lattice Multi Memory Deployment (DATA SEGMENT)
riscv-none-embed-objcopy -O binary --gap-fill 0 -j .data -j .bss "ice40_nano.elf" tmp; srec_cat tmp -Binary -byte-swap 4 -DISable Header -Output "ice40_nano_Data.mem" -MEM 32
Finished building: ice40_nano_Data.mem
 
post build
post_build.bat

O:\src\Propel\iCE40UP\ice40_nano\ws\ice40_nano\Debug>copy /y ice40_nano_Code.mem ..\..\..\tb  
        1 file(s) copied.

O:\src\Propel\iCE40UP\ice40_nano\ws\ice40_nano\Debug>python mem2bin.py ice40_nano_Code.mem ice40_nano_Code.bin -be 

O:\src\Propel\iCE40UP\ice40_nano\ws\ice40_nano\Debug>python mem2bin.py ice40_nano_Data.mem ice40_nano_Data.bin -be 
 
12:16:57 **** Incremental Build of configuration Debug for project ice40_nano ****
make all 
Building file: ../src/main.c
Invoking: GNU RISC-V Cross C Compiler
riscv-none-embed-gcc -march=rv32i -mabi=ilp32 -msmall-data-limit=8 -mno-save-restore -O0 -fmessage-length=0 -fsigned-char -ffunction-sections -fdata-sections  -g3 -DLSCC_STDIO_UART_APB -I"O:\src\Propel\iCE40UP\ice40_nano\ws\ice40_nano/src" -I"O:\src\Propel\iCE40UP\ice40_nano\ws\ice40_nano/src/bsp" -I"O:\src\Propel\iCE40UP\ice40_nano\ws\ice40_nano/src/bsp/driver" -I"O:\src\Propel\iCE40UP\ice40_nano\ws\ice40_nano/src/bsp/driver/gpio" -I"O:\src\Propel\iCE40UP\ice40_nano\ws\ice40_nano/src/bsp/driver/riscv_nano" -I"O:\src\Propel\iCE40UP\ice40_nano\ws\ice40_nano/src/bsp/driver/uart" -I"O:\src\Propel\iCE40UP\ice40_nano\ws\ice40_nano/src/bsp/driver/timer" -std=gnu11 --specs=picolibc.specs -DPICOLIBC_INTEGER_PRINTF_SCANF -MMD -MP -MF"src/main.d" -MT"src/main.o" -c -o "src/main.o" "../src/main.c"
Finished building: ../src/main.c
 
Building target: ice40_nano.elf
Invoking: GNU RISC-V Cross C Linker
riscv-none-embed-gcc -march=rv32i -mabi=ilp32 -msmall-data-limit=8 -mno-save-restore -O0 -fmessage-length=0 -fsigned-char -ffunction-sections -fdata-sections  -g3 -T "O:/src/Propel/iCE40UP/ice40_nano/ws/ice40_nano/src/linker.ld" -nostartfiles -Xlinker --gc-sections -Wl,-Map,"ice40_nano.map" --specs=picolibc.specs -DPICOLIBC_INTEGER_PRINTF_SCANF -o "ice40_nano.elf"  ./src/bsp/driver/uart/uart.o  ./src/bsp/driver/timer/timer.o  ./src/bsp/driver/riscv_nano/crt0.o ./src/bsp/driver/riscv_nano/exit.o ./src/bsp/driver/riscv_nano/interrupt.o ./src/bsp/driver/riscv_nano/iob.o ./src/bsp/driver/riscv_nano/pic.o ./src/bsp/driver/riscv_nano/reg_access.o ./src/bsp/driver/riscv_nano/util.o  ./src/bsp/driver/gpio/gpio.o  ./src/bsp/reg_test.o  ./src/i2c_controller.o ./src/lib_ov08x.o ./src/main.o ./src/utils.o   
Finished building target: ice40_nano.elf
 
Invoking: GNU RISC-V Cross Create Listing
riscv-none-embed-objdump --source --all-headers --demangle --line-numbers --wide "ice40_nano.elf" > "ice40_nano.lst"
Finished building: ice40_nano.lst
 
Invoking: GNU RISC-V Cross Print Size
riscv-none-embed-size --format=berkeley "ice40_nano.elf"
   text	   data	    bss	    dec	    hex	filename
   7248	      8	   2972	  10228	   27f4	ice40_nano.elf
Finished building: ice40_nano.siz
 
Invoking: Lattice Multi Memory Deployment (CODE SEGMENT)
riscv-none-embed-objcopy -O binary --gap-fill 0 -j .text -j .data -j .bss -j .ctors -j .dtors -j .rodata "ice40_nano.elf" tmp; srec_cat tmp -Binary -byte-swap 4 -DISable Header -Output "ice40_nano_Code.mem" -MEM 32
Finished building: ice40_nano_Code.mem
 
Invoking: Lattice Multi Memory Deployment (DATA SEGMENT)
riscv-none-embed-objcopy -O binary --gap-fill 0 -j .data -j .bss "ice40_nano.elf" tmp; srec_cat tmp -Binary -byte-swap 4 -DISable Header -Output "ice40_nano_Data.mem" -MEM 32
Finished building: ice40_nano_Data.mem
 
post build
post_build.bat

O:\src\Propel\iCE40UP\ice40_nano\ws\ice40_nano\Debug>copy /y ice40_nano_Code.mem ..\..\..\tb  
        1 file(s) copied.

O:\src\Propel\iCE40UP\ice40_nano\ws\ice40_nano\Debug>python mem2bin.py ice40_nano_Code.mem ice40_nano_Code.bin -be 

O:\src\Propel\iCE40UP\ice40_nano\ws\ice40_nano\Debug>python mem2bin.py ice40_nano_Data.mem ice40_nano_Data.bin -be 
 
12:17:59 **** Incremental Build of configuration Debug for project ice40_nano ****
make all 
Building file: ../src/main.c
Invoking: GNU RISC-V Cross C Compiler
riscv-none-embed-gcc -march=rv32i -mabi=ilp32 -msmall-data-limit=8 -mno-save-restore -O0 -fmessage-length=0 -fsigned-char -ffunction-sections -fdata-sections  -g3 -DLSCC_STDIO_UART_APB -I"O:\src\Propel\iCE40UP\ice40_nano\ws\ice40_nano/src" -I"O:\src\Propel\iCE40UP\ice40_nano\ws\ice40_nano/src/bsp" -I"O:\src\Propel\iCE40UP\ice40_nano\ws\ice40_nano/src/bsp/driver" -I"O:\src\Propel\iCE40UP\ice40_nano\ws\ice40_nano/src/bsp/driver/gpio" -I"O:\src\Propel\iCE40UP\ice40_nano\ws\ice40_nano/src/bsp/driver/riscv_nano" -I"O:\src\Propel\iCE40UP\ice40_nano\ws\ice40_nano/src/bsp/driver/uart" -I"O:\src\Propel\iCE40UP\ice40_nano\ws\ice40_nano/src/bsp/driver/timer" -std=gnu11 --specs=picolibc.specs -DPICOLIBC_INTEGER_PRINTF_SCANF -MMD -MP -MF"src/main.d" -MT"src/main.o" -c -o "src/main.o" "../src/main.c"
Finished building: ../src/main.c
 
Building target: ice40_nano.elf
Invoking: GNU RISC-V Cross C Linker
riscv-none-embed-gcc -march=rv32i -mabi=ilp32 -msmall-data-limit=8 -mno-save-restore -O0 -fmessage-length=0 -fsigned-char -ffunction-sections -fdata-sections  -g3 -T "O:/src/Propel/iCE40UP/ice40_nano/ws/ice40_nano/src/linker.ld" -nostartfiles -Xlinker --gc-sections -Wl,-Map,"ice40_nano.map" --specs=picolibc.specs -DPICOLIBC_INTEGER_PRINTF_SCANF -o "ice40_nano.elf"  ./src/bsp/driver/uart/uart.o  ./src/bsp/driver/timer/timer.o  ./src/bsp/driver/riscv_nano/crt0.o ./src/bsp/driver/riscv_nano/exit.o ./src/bsp/driver/riscv_nano/interrupt.o ./src/bsp/driver/riscv_nano/iob.o ./src/bsp/driver/riscv_nano/pic.o ./src/bsp/driver/riscv_nano/reg_access.o ./src/bsp/driver/riscv_nano/util.o  ./src/bsp/driver/gpio/gpio.o  ./src/bsp/reg_test.o  ./src/i2c_controller.o ./src/lib_ov08x.o ./src/main.o ./src/utils.o   
Finished building target: ice40_nano.elf
 
Invoking: GNU RISC-V Cross Create Listing
riscv-none-embed-objdump --source --all-headers --demangle --line-numbers --wide "ice40_nano.elf" > "ice40_nano.lst"
Finished building: ice40_nano.lst
 
Invoking: GNU RISC-V Cross Print Size
riscv-none-embed-size --format=berkeley "ice40_nano.elf"
   text	   data	    bss	    dec	    hex	filename
   7252	      8	   2972	  10232	   27f8	ice40_nano.elf
Finished building: ice40_nano.siz
 
Invoking: Lattice Multi Memory Deployment (CODE SEGMENT)
riscv-none-embed-objcopy -O binary --gap-fill 0 -j .text -j .data -j .bss -j .ctors -j .dtors -j .rodata "ice40_nano.elf" tmp; srec_cat tmp -Binary -byte-swap 4 -DISable Header -Output "ice40_nano_Code.mem" -MEM 32
Finished building: ice40_nano_Code.mem
 
Invoking: Lattice Multi Memory Deployment (DATA SEGMENT)
riscv-none-embed-objcopy -O binary --gap-fill 0 -j .data -j .bss "ice40_nano.elf" tmp; srec_cat tmp -Binary -byte-swap 4 -DISable Header -Output "ice40_nano_Data.mem" -MEM 32
Finished building: ice40_nano_Data.mem
 
post build
post_build.bat

O:\src\Propel\iCE40UP\ice40_nano\ws\ice40_nano\Debug>copy /y ice40_nano_Code.mem ..\..\..\tb  
        1 file(s) copied.

O:\src\Propel\iCE40UP\ice40_nano\ws\ice40_nano\Debug>python mem2bin.py ice40_nano_Code.mem ice40_nano_Code.bin -be 

O:\src\Propel\iCE40UP\ice40_nano\ws\ice40_nano\Debug>python mem2bin.py ice40_nano_Data.mem ice40_nano_Data.bin -be 
 
14:21:13 **** Incremental Build of configuration Debug for project ice40_nano ****
make all 
Invoking: GNU RISC-V Cross Print Size
riscv-none-embed-size --format=berkeley "ice40_nano.elf"
   text	   data	    bss	    dec	    hex	filename
   7252	      8	   2972	  10232	   27f8	ice40_nano.elf
Finished building: ice40_nano.siz
 
post build
post_build.bat

O:\src\Propel\iCE40UP\ice40_nano\ws\ice40_nano\Debug>copy /y ice40_nano_Code.mem ..\..\..\tb  
        1 file(s) copied.

O:\src\Propel\iCE40UP\ice40_nano\ws\ice40_nano\Debug>python mem2bin.py ice40_nano_Code.mem ice40_nano_Code.bin -be 

O:\src\Propel\iCE40UP\ice40_nano\ws\ice40_nano\Debug>python mem2bin.py ice40_nano_Data.mem ice40_nano_Data.bin -be 
 
06:47:30 **** Build of configuration Debug for project ice40_nano ****
make all 
Building file: ../src/bsp/driver/uart/uart.c
Invoking: GNU RISC-V Cross C Compiler
riscv-none-embed-gcc -march=rv32i -mabi=ilp32 -msmall-data-limit=8 -mno-save-restore -O0 -fmessage-length=0 -fsigned-char -ffunction-sections -fdata-sections  -g3 -DLSCC_STDIO_UART_APB -I"O:\src\Propel\iCE40UP\ice40_nano\ws\ice40_nano/src" -I"O:\src\Propel\iCE40UP\ice40_nano\ws\ice40_nano/src/bsp" -I"O:\src\Propel\iCE40UP\ice40_nano\ws\ice40_nano/src/bsp/driver" -I"O:\src\Propel\iCE40UP\ice40_nano\ws\ice40_nano/src/bsp/driver/gpio" -I"O:\src\Propel\iCE40UP\ice40_nano\ws\ice40_nano/src/bsp/driver/riscv_nano" -I"O:\src\Propel\iCE40UP\ice40_nano\ws\ice40_nano/src/bsp/driver/uart" -I"O:\src\Propel\iCE40UP\ice40_nano\ws\ice40_nano/src/bsp/driver/timer" -std=gnu11 --specs=picolibc.specs -DPICOLIBC_INTEGER_PRINTF_SCANF -MMD -MP -MF"src/bsp/driver/uart/uart.d" -MT"src/bsp/driver/uart/uart.o" -c -o "src/bsp/driver/uart/uart.o" "../src/bsp/driver/uart/uart.c"
Finished building: ../src/bsp/driver/uart/uart.c
 
Building file: ../src/bsp/reg_test.c
Invoking: GNU RISC-V Cross C Compiler
riscv-none-embed-gcc -march=rv32i -mabi=ilp32 -msmall-data-limit=8 -mno-save-restore -O0 -fmessage-length=0 -fsigned-char -ffunction-sections -fdata-sections  -g3 -DLSCC_STDIO_UART_APB -I"O:\src\Propel\iCE40UP\ice40_nano\ws\ice40_nano/src" -I"O:\src\Propel\iCE40UP\ice40_nano\ws\ice40_nano/src/bsp" -I"O:\src\Propel\iCE40UP\ice40_nano\ws\ice40_nano/src/bsp/driver" -I"O:\src\Propel\iCE40UP\ice40_nano\ws\ice40_nano/src/bsp/driver/gpio" -I"O:\src\Propel\iCE40UP\ice40_nano\ws\ice40_nano/src/bsp/driver/riscv_nano" -I"O:\src\Propel\iCE40UP\ice40_nano\ws\ice40_nano/src/bsp/driver/uart" -I"O:\src\Propel\iCE40UP\ice40_nano\ws\ice40_nano/src/bsp/driver/timer" -std=gnu11 --specs=picolibc.specs -DPICOLIBC_INTEGER_PRINTF_SCANF -MMD -MP -MF"src/bsp/reg_test.d" -MT"src/bsp/reg_test.o" -c -o "src/bsp/reg_test.o" "../src/bsp/reg_test.c"
Finished building: ../src/bsp/reg_test.c
 
Building file: ../src/i2c_controller.c
Invoking: GNU RISC-V Cross C Compiler
riscv-none-embed-gcc -march=rv32i -mabi=ilp32 -msmall-data-limit=8 -mno-save-restore -O0 -fmessage-length=0 -fsigned-char -ffunction-sections -fdata-sections  -g3 -DLSCC_STDIO_UART_APB -I"O:\src\Propel\iCE40UP\ice40_nano\ws\ice40_nano/src" -I"O:\src\Propel\iCE40UP\ice40_nano\ws\ice40_nano/src/bsp" -I"O:\src\Propel\iCE40UP\ice40_nano\ws\ice40_nano/src/bsp/driver" -I"O:\src\Propel\iCE40UP\ice40_nano\ws\ice40_nano/src/bsp/driver/gpio" -I"O:\src\Propel\iCE40UP\ice40_nano\ws\ice40_nano/src/bsp/driver/riscv_nano" -I"O:\src\Propel\iCE40UP\ice40_nano\ws\ice40_nano/src/bsp/driver/uart" -I"O:\src\Propel\iCE40UP\ice40_nano\ws\ice40_nano/src/bsp/driver/timer" -std=gnu11 --specs=picolibc.specs -DPICOLIBC_INTEGER_PRINTF_SCANF -MMD -MP -MF"src/i2c_controller.d" -MT"src/i2c_controller.o" -c -o "src/i2c_controller.o" "../src/i2c_controller.c"
Finished building: ../src/i2c_controller.c
 
Building file: ../src/lib_ov08x.c
Invoking: GNU RISC-V Cross C Compiler
riscv-none-embed-gcc -march=rv32i -mabi=ilp32 -msmall-data-limit=8 -mno-save-restore -O0 -fmessage-length=0 -fsigned-char -ffunction-sections -fdata-sections  -g3 -DLSCC_STDIO_UART_APB -I"O:\src\Propel\iCE40UP\ice40_nano\ws\ice40_nano/src" -I"O:\src\Propel\iCE40UP\ice40_nano\ws\ice40_nano/src/bsp" -I"O:\src\Propel\iCE40UP\ice40_nano\ws\ice40_nano/src/bsp/driver" -I"O:\src\Propel\iCE40UP\ice40_nano\ws\ice40_nano/src/bsp/driver/gpio" -I"O:\src\Propel\iCE40UP\ice40_nano\ws\ice40_nano/src/bsp/driver/riscv_nano" -I"O:\src\Propel\iCE40UP\ice40_nano\ws\ice40_nano/src/bsp/driver/uart" -I"O:\src\Propel\iCE40UP\ice40_nano\ws\ice40_nano/src/bsp/driver/timer" -std=gnu11 --specs=picolibc.specs -DPICOLIBC_INTEGER_PRINTF_SCANF -MMD -MP -MF"src/lib_ov08x.d" -MT"src/lib_ov08x.o" -c -o "src/lib_ov08x.o" "../src/lib_ov08x.c"
Finished building: ../src/lib_ov08x.c
 
Building file: ../src/main.c
Invoking: GNU RISC-V Cross C Compiler
riscv-none-embed-gcc -march=rv32i -mabi=ilp32 -msmall-data-limit=8 -mno-save-restore -O0 -fmessage-length=0 -fsigned-char -ffunction-sections -fdata-sections  -g3 -DLSCC_STDIO_UART_APB -I"O:\src\Propel\iCE40UP\ice40_nano\ws\ice40_nano/src" -I"O:\src\Propel\iCE40UP\ice40_nano\ws\ice40_nano/src/bsp" -I"O:\src\Propel\iCE40UP\ice40_nano\ws\ice40_nano/src/bsp/driver" -I"O:\src\Propel\iCE40UP\ice40_nano\ws\ice40_nano/src/bsp/driver/gpio" -I"O:\src\Propel\iCE40UP\ice40_nano\ws\ice40_nano/src/bsp/driver/riscv_nano" -I"O:\src\Propel\iCE40UP\ice40_nano\ws\ice40_nano/src/bsp/driver/uart" -I"O:\src\Propel\iCE40UP\ice40_nano\ws\ice40_nano/src/bsp/driver/timer" -std=gnu11 --specs=picolibc.specs -DPICOLIBC_INTEGER_PRINTF_SCANF -MMD -MP -MF"src/main.d" -MT"src/main.o" -c -o "src/main.o" "../src/main.c"
Finished building: ../src/main.c
 
Building file: ../src/utils.c
Invoking: GNU RISC-V Cross C Compiler
riscv-none-embed-gcc -march=rv32i -mabi=ilp32 -msmall-data-limit=8 -mno-save-restore -O0 -fmessage-length=0 -fsigned-char -ffunction-sections -fdata-sections  -g3 -DLSCC_STDIO_UART_APB -I"O:\src\Propel\iCE40UP\ice40_nano\ws\ice40_nano/src" -I"O:\src\Propel\iCE40UP\ice40_nano\ws\ice40_nano/src/bsp" -I"O:\src\Propel\iCE40UP\ice40_nano\ws\ice40_nano/src/bsp/driver" -I"O:\src\Propel\iCE40UP\ice40_nano\ws\ice40_nano/src/bsp/driver/gpio" -I"O:\src\Propel\iCE40UP\ice40_nano\ws\ice40_nano/src/bsp/driver/riscv_nano" -I"O:\src\Propel\iCE40UP\ice40_nano\ws\ice40_nano/src/bsp/driver/uart" -I"O:\src\Propel\iCE40UP\ice40_nano\ws\ice40_nano/src/bsp/driver/timer" -std=gnu11 --specs=picolibc.specs -DPICOLIBC_INTEGER_PRINTF_SCANF -MMD -MP -MF"src/utils.d" -MT"src/utils.o" -c -o "src/utils.o" "../src/utils.c"
Finished building: ../src/utils.c
 
Building target: ice40_nano.elf
Invoking: GNU RISC-V Cross C Linker
riscv-none-embed-gcc -march=rv32i -mabi=ilp32 -msmall-data-limit=8 -mno-save-restore -O0 -fmessage-length=0 -fsigned-char -ffunction-sections -fdata-sections  -g3 -T "O:/src/Propel/iCE40UP/ice40_nano/ws/ice40_nano/src/linker.ld" -nostartfiles -Xlinker --gc-sections -Wl,-Map,"ice40_nano.map" --specs=picolibc.specs -DPICOLIBC_INTEGER_PRINTF_SCANF -o "ice40_nano.elf"  ./src/bsp/driver/uart/uart.o  ./src/bsp/driver/timer/timer.o  ./src/bsp/driver/riscv_nano/crt0.o ./src/bsp/driver/riscv_nano/exit.o ./src/bsp/driver/riscv_nano/interrupt.o ./src/bsp/driver/riscv_nano/iob.o ./src/bsp/driver/riscv_nano/pic.o ./src/bsp/driver/riscv_nano/reg_access.o ./src/bsp/driver/riscv_nano/util.o  ./src/bsp/driver/gpio/gpio.o  ./src/bsp/reg_test.o  ./src/i2c_controller.o ./src/lib_ov08x.o ./src/main.o ./src/utils.o   
Finished building target: ice40_nano.elf
 
Invoking: GNU RISC-V Cross Create Listing
riscv-none-embed-objdump --source --all-headers --demangle --line-numbers --wide "ice40_nano.elf" > "ice40_nano.lst"
Finished building: ice40_nano.lst
 
Invoking: GNU RISC-V Cross Print Size
riscv-none-embed-size --format=berkeley "ice40_nano.elf"
   text	   data	    bss	    dec	    hex	filename
   7252	      8	   2972	  10232	   27f8	ice40_nano.elf
Finished building: ice40_nano.siz
 
Invoking: Lattice Create Memory Deployment
riscv-none-embed-objcopy -O binary --gap-fill 0 "ice40_nano.elf" "ice40_nano.bin"; srec_cat "ice40_nano.bin" -Binary -byte-swap 4 -DISable Header -Output "ice40_nano.mem" -MEM 32
Finished building: ice40_nano.mem
 
Invoking: Lattice Multi Memory Deployment (CODE SEGMENT)
riscv-none-embed-objcopy -O binary --gap-fill 0 -j .text -j .data -j .bss -j .ctors -j .dtors -j .rodata "ice40_nano.elf" tmp; srec_cat tmp -Binary -byte-swap 4 -DISable Header -Output "ice40_nano_Code.mem" -MEM 32
Finished building: ice40_nano_Code.mem
 
Invoking: Lattice Multi Memory Deployment (DATA SEGMENT)
riscv-none-embed-objcopy -O binary --gap-fill 0 -j .data -j .bss "ice40_nano.elf" tmp; srec_cat tmp -Binary -byte-swap 4 -DISable Header -Output "ice40_nano_Data.mem" -MEM 32
Finished building: ice40_nano_Data.mem
 
post build
post_build.bat

O:\src\Propel\iCE40UP\ice40_nano\ws\ice40_nano\Debug>copy /y ice40_nano_Code.mem ..\..\..\tb  
        1 file(s) copied.

O:\src\Propel\iCE40UP\ice40_nano\ws\ice40_nano\Debug>python mem2bin.py ice40_nano_Code.mem ice40_nano_Code.bin -be 

O:\src\Propel\iCE40UP\ice40_nano\ws\ice40_nano\Debug>python mem2bin.py ice40_nano_Data.mem ice40_nano_Data.bin -be 
 
22:37:54 **** Incremental Build of configuration Debug for project ice40_nano ****
make all 
Building file: ../src/bsp/driver/uart/uart.c
Invoking: GNU RISC-V Cross C Compiler
riscv-none-embed-gcc -march=rv32i -mabi=ilp32 -msmall-data-limit=8 -mno-save-restore -O0 -fmessage-length=0 -fsigned-char -ffunction-sections -fdata-sections  -g3 -DLSCC_STDIO_UART_APB -I"O:\src\Propel\iCE40UP\ice40_nano\ws\ice40_nano/src" -I"O:\src\Propel\iCE40UP\ice40_nano\ws\ice40_nano/src/bsp" -I"O:\src\Propel\iCE40UP\ice40_nano\ws\ice40_nano/src/bsp/driver" -I"O:\src\Propel\iCE40UP\ice40_nano\ws\ice40_nano/src/bsp/driver/gpio" -I"O:\src\Propel\iCE40UP\ice40_nano\ws\ice40_nano/src/bsp/driver/riscv_nano" -I"O:\src\Propel\iCE40UP\ice40_nano\ws\ice40_nano/src/bsp/driver/uart" -I"O:\src\Propel\iCE40UP\ice40_nano\ws\ice40_nano/src/bsp/driver/timer" -std=gnu11 --specs=picolibc.specs -DPICOLIBC_INTEGER_PRINTF_SCANF -MMD -MP -MF"src/bsp/driver/uart/uart.d" -MT"src/bsp/driver/uart/uart.o" -c -o "src/bsp/driver/uart/uart.o" "../src/bsp/driver/uart/uart.c"
Finished building: ../src/bsp/driver/uart/uart.c
 
Building file: ../src/bsp/reg_test.c
Invoking: GNU RISC-V Cross C Compiler
riscv-none-embed-gcc -march=rv32i -mabi=ilp32 -msmall-data-limit=8 -mno-save-restore -O0 -fmessage-length=0 -fsigned-char -ffunction-sections -fdata-sections  -g3 -DLSCC_STDIO_UART_APB -I"O:\src\Propel\iCE40UP\ice40_nano\ws\ice40_nano/src" -I"O:\src\Propel\iCE40UP\ice40_nano\ws\ice40_nano/src/bsp" -I"O:\src\Propel\iCE40UP\ice40_nano\ws\ice40_nano/src/bsp/driver" -I"O:\src\Propel\iCE40UP\ice40_nano\ws\ice40_nano/src/bsp/driver/gpio" -I"O:\src\Propel\iCE40UP\ice40_nano\ws\ice40_nano/src/bsp/driver/riscv_nano" -I"O:\src\Propel\iCE40UP\ice40_nano\ws\ice40_nano/src/bsp/driver/uart" -I"O:\src\Propel\iCE40UP\ice40_nano\ws\ice40_nano/src/bsp/driver/timer" -std=gnu11 --specs=picolibc.specs -DPICOLIBC_INTEGER_PRINTF_SCANF -MMD -MP -MF"src/bsp/reg_test.d" -MT"src/bsp/reg_test.o" -c -o "src/bsp/reg_test.o" "../src/bsp/reg_test.c"
Finished building: ../src/bsp/reg_test.c
 
Building file: ../src/i2c_controller.c
Invoking: GNU RISC-V Cross C Compiler
riscv-none-embed-gcc -march=rv32i -mabi=ilp32 -msmall-data-limit=8 -mno-save-restore -O0 -fmessage-length=0 -fsigned-char -ffunction-sections -fdata-sections  -g3 -DLSCC_STDIO_UART_APB -I"O:\src\Propel\iCE40UP\ice40_nano\ws\ice40_nano/src" -I"O:\src\Propel\iCE40UP\ice40_nano\ws\ice40_nano/src/bsp" -I"O:\src\Propel\iCE40UP\ice40_nano\ws\ice40_nano/src/bsp/driver" -I"O:\src\Propel\iCE40UP\ice40_nano\ws\ice40_nano/src/bsp/driver/gpio" -I"O:\src\Propel\iCE40UP\ice40_nano\ws\ice40_nano/src/bsp/driver/riscv_nano" -I"O:\src\Propel\iCE40UP\ice40_nano\ws\ice40_nano/src/bsp/driver/uart" -I"O:\src\Propel\iCE40UP\ice40_nano\ws\ice40_nano/src/bsp/driver/timer" -std=gnu11 --specs=picolibc.specs -DPICOLIBC_INTEGER_PRINTF_SCANF -MMD -MP -MF"src/i2c_controller.d" -MT"src/i2c_controller.o" -c -o "src/i2c_controller.o" "../src/i2c_controller.c"
Finished building: ../src/i2c_controller.c
 
Building file: ../src/lib_ov08x.c
Invoking: GNU RISC-V Cross C Compiler
riscv-none-embed-gcc -march=rv32i -mabi=ilp32 -msmall-data-limit=8 -mno-save-restore -O0 -fmessage-length=0 -fsigned-char -ffunction-sections -fdata-sections  -g3 -DLSCC_STDIO_UART_APB -I"O:\src\Propel\iCE40UP\ice40_nano\ws\ice40_nano/src" -I"O:\src\Propel\iCE40UP\ice40_nano\ws\ice40_nano/src/bsp" -I"O:\src\Propel\iCE40UP\ice40_nano\ws\ice40_nano/src/bsp/driver" -I"O:\src\Propel\iCE40UP\ice40_nano\ws\ice40_nano/src/bsp/driver/gpio" -I"O:\src\Propel\iCE40UP\ice40_nano\ws\ice40_nano/src/bsp/driver/riscv_nano" -I"O:\src\Propel\iCE40UP\ice40_nano\ws\ice40_nano/src/bsp/driver/uart" -I"O:\src\Propel\iCE40UP\ice40_nano\ws\ice40_nano/src/bsp/driver/timer" -std=gnu11 --specs=picolibc.specs -DPICOLIBC_INTEGER_PRINTF_SCANF -MMD -MP -MF"src/lib_ov08x.d" -MT"src/lib_ov08x.o" -c -o "src/lib_ov08x.o" "../src/lib_ov08x.c"
../src/lib_ov08x.c:4:10: fatal error: timer2.h: No such file or directory
    4 | #include "timer2.h"
      |          ^~~~~~~~~~
compilation terminated.
make[1]: *** [src/subdir.mk:29: src/lib_ov08x.o] Error 1
make: *** [makefile:61: all] Error 2
"make all" terminated with exit code 2. Build might be incomplete.
22:38:13 **** Incremental Build of configuration Debug for project ice40_nano ****
make all 
Building file: ../src/lib_ov08x.c
Invoking: GNU RISC-V Cross C Compiler
riscv-none-embed-gcc -march=rv32i -mabi=ilp32 -msmall-data-limit=8 -mno-save-restore -O0 -fmessage-length=0 -fsigned-char -ffunction-sections -fdata-sections  -g3 -DLSCC_STDIO_UART_APB -I"O:\src\Propel\iCE40UP\ice40_nano\ws\ice40_nano/src" -I"O:\src\Propel\iCE40UP\ice40_nano\ws\ice40_nano/src/bsp" -I"O:\src\Propel\iCE40UP\ice40_nano\ws\ice40_nano/src/bsp/driver" -I"O:\src\Propel\iCE40UP\ice40_nano\ws\ice40_nano/src/bsp/driver/gpio" -I"O:\src\Propel\iCE40UP\ice40_nano\ws\ice40_nano/src/bsp/driver/riscv_nano" -I"O:\src\Propel\iCE40UP\ice40_nano\ws\ice40_nano/src/bsp/driver/uart" -I"O:\src\Propel\iCE40UP\ice40_nano\ws\ice40_nano/src/bsp/driver/timer" -std=gnu11 --specs=picolibc.specs -DPICOLIBC_INTEGER_PRINTF_SCANF -MMD -MP -MF"src/lib_ov08x.d" -MT"src/lib_ov08x.o" -c -o "src/lib_ov08x.o" "../src/lib_ov08x.c"
../src/lib_ov08x.c: In function 'ov08x_start':
../src/lib_ov08x.c:496:44: warning: passing argument 4 of 'i2c_write' discards 'const' qualifier from pointer target type [-Wdiscarded-qualifiers]
  496 |   ret = i2c_write(ov08x_slave, offset, sz, &i2c_data[i][3]);
      |                                            ^~~~~~~~~~~~~~~
In file included from ../src/lib_ov08x.c:2:
../src/i2c_controller.h:13:94: note: expected 'unsigned char *' but argument is of type 'const unsigned char *'
   13 | int i2c_write(unsigned char slave, unsigned short offset, unsigned int count, unsigned char *val) ;
      |                                                                               ~~~~~~~~~~~~~~~^~~
Finished building: ../src/lib_ov08x.c
 
Building file: ../src/main.c
Invoking: GNU RISC-V Cross C Compiler
riscv-none-embed-gcc -march=rv32i -mabi=ilp32 -msmall-data-limit=8 -mno-save-restore -O0 -fmessage-length=0 -fsigned-char -ffunction-sections -fdata-sections  -g3 -DLSCC_STDIO_UART_APB -I"O:\src\Propel\iCE40UP\ice40_nano\ws\ice40_nano/src" -I"O:\src\Propel\iCE40UP\ice40_nano\ws\ice40_nano/src/bsp" -I"O:\src\Propel\iCE40UP\ice40_nano\ws\ice40_nano/src/bsp/driver" -I"O:\src\Propel\iCE40UP\ice40_nano\ws\ice40_nano/src/bsp/driver/gpio" -I"O:\src\Propel\iCE40UP\ice40_nano\ws\ice40_nano/src/bsp/driver/riscv_nano" -I"O:\src\Propel\iCE40UP\ice40_nano\ws\ice40_nano/src/bsp/driver/uart" -I"O:\src\Propel\iCE40UP\ice40_nano\ws\ice40_nano/src/bsp/driver/timer" -std=gnu11 --specs=picolibc.specs -DPICOLIBC_INTEGER_PRINTF_SCANF -MMD -MP -MF"src/main.d" -MT"src/main.o" -c -o "src/main.o" "../src/main.c"
Finished building: ../src/main.c
 
Building file: ../src/utils.c
Invoking: GNU RISC-V Cross C Compiler
riscv-none-embed-gcc -march=rv32i -mabi=ilp32 -msmall-data-limit=8 -mno-save-restore -O0 -fmessage-length=0 -fsigned-char -ffunction-sections -fdata-sections  -g3 -DLSCC_STDIO_UART_APB -I"O:\src\Propel\iCE40UP\ice40_nano\ws\ice40_nano/src" -I"O:\src\Propel\iCE40UP\ice40_nano\ws\ice40_nano/src/bsp" -I"O:\src\Propel\iCE40UP\ice40_nano\ws\ice40_nano/src/bsp/driver" -I"O:\src\Propel\iCE40UP\ice40_nano\ws\ice40_nano/src/bsp/driver/gpio" -I"O:\src\Propel\iCE40UP\ice40_nano\ws\ice40_nano/src/bsp/driver/riscv_nano" -I"O:\src\Propel\iCE40UP\ice40_nano\ws\ice40_nano/src/bsp/driver/uart" -I"O:\src\Propel\iCE40UP\ice40_nano\ws\ice40_nano/src/bsp/driver/timer" -std=gnu11 --specs=picolibc.specs -DPICOLIBC_INTEGER_PRINTF_SCANF -MMD -MP -MF"src/utils.d" -MT"src/utils.o" -c -o "src/utils.o" "../src/utils.c"
Finished building: ../src/utils.c
 
Building target: ice40_nano.elf
Invoking: GNU RISC-V Cross C Linker
riscv-none-embed-gcc -march=rv32i -mabi=ilp32 -msmall-data-limit=8 -mno-save-restore -O0 -fmessage-length=0 -fsigned-char -ffunction-sections -fdata-sections  -g3 -T "O:/src/Propel/iCE40UP/ice40_nano/ws/ice40_nano/src/linker.ld" -nostartfiles -Xlinker --gc-sections -Wl,-Map,"ice40_nano.map" --specs=picolibc.specs -DPICOLIBC_INTEGER_PRINTF_SCANF -o "ice40_nano.elf"  ./src/bsp/driver/uart/uart.o  ./src/bsp/driver/timer/timer.o  ./src/bsp/driver/riscv_nano/crt0.o ./src/bsp/driver/riscv_nano/exit.o ./src/bsp/driver/riscv_nano/interrupt.o ./src/bsp/driver/riscv_nano/iob.o ./src/bsp/driver/riscv_nano/pic.o ./src/bsp/driver/riscv_nano/reg_access.o ./src/bsp/driver/riscv_nano/util.o  ./src/bsp/driver/gpio/gpio.o  ./src/bsp/reg_test.o  ./src/i2c_controller.o ./src/lib_ov08x.o ./src/main.o ./src/utils.o   
Finished building target: ice40_nano.elf
 
Invoking: GNU RISC-V Cross Create Listing
riscv-none-embed-objdump --source --all-headers --demangle --line-numbers --wide "ice40_nano.elf" > "ice40_nano.lst"
Finished building: ice40_nano.lst
 
Invoking: GNU RISC-V Cross Print Size
riscv-none-embed-size --format=berkeley "ice40_nano.elf"
   text	   data	    bss	    dec	    hex	filename
   5280	   1680	   2972	   9932	   26cc	ice40_nano.elf
Finished building: ice40_nano.siz
 
Invoking: Lattice Multi Memory Deployment (CODE SEGMENT)
riscv-none-embed-objcopy -O binary --gap-fill 0 -j .text -j .data -j .bss -j .ctors -j .dtors -j .rodata "ice40_nano.elf" tmp; srec_cat tmp -Binary -byte-swap 4 -DISable Header -Output "ice40_nano_Code.mem" -MEM 32
Finished building: ice40_nano_Code.mem
 
Invoking: Lattice Multi Memory Deployment (DATA SEGMENT)
riscv-none-embed-objcopy -O binary --gap-fill 0 -j .data -j .bss "ice40_nano.elf" tmp; srec_cat tmp -Binary -byte-swap 4 -DISable Header -Output "ice40_nano_Data.mem" -MEM 32
Finished building: ice40_nano_Data.mem
 
post build
post_build.bat

O:\src\Propel\iCE40UP\ice40_nano\ws\ice40_nano\Debug>copy /y ice40_nano_Code.mem ..\..\..\tb  
        1 file(s) copied.

O:\src\Propel\iCE40UP\ice40_nano\ws\ice40_nano\Debug>python mem2bin.py ice40_nano_Code.mem ice40_nano_Code.bin -be 

O:\src\Propel\iCE40UP\ice40_nano\ws\ice40_nano\Debug>python mem2bin.py ice40_nano_Data.mem ice40_nano_Data.bin -be 
 
